# crossover from full_matrix_2026-09-24.csv + full_matrix_2026-09-07-parallel.csv (50M rows) + crossover_bench_2026-09-24.csv, 2026-09-24
family,op,rows,arrowmetal_wall_ms,arrowmetal_cpu_ms,best_cpu_wall_ms,best_cpu_library,ratio,crossover_rows
compare+select,compare array (int64 > int64),1000,0.0020,0.0030,0.0016,polars,0.800,"50,000,000"
compare+select,compare array (int64 > int64),10000,0.0040,0.0050,0.0029,polars,0.725,"50,000,000"
compare+select,compare array (int64 > int64),100000,0.0168,0.0180,0.0156,polars,0.929,"50,000,000"
compare+select,compare array (int64 > int64),1000000,0.1430,0.1430,0.1337,polars-lazy,0.935,"50,000,000"
compare+select,compare array (int64 > int64),10000000,1.3734,0.4620,0.8873,polars-lazy,0.646,"50,000,000"
compare+select,compare array (int64 > int64),50000000,2.9115,0.6410,3.1668,polars-lazy,1.088,"50,000,000"
compare+select,compare scalar (int64 > 0),1000,0.0025,0.0030,0.0024,polars,0.960,not reached
compare+select,compare scalar (int64 > 0),10000,0.0037,0.0040,0.0035,polars,0.946,not reached
compare+select,compare scalar (int64 > 0),100000,0.0112,0.0130,0.0108,polars,0.964,not reached
compare+select,compare scalar (int64 > 0),1000000,0.0869,0.0880,0.0816,polars,0.939,not reached
compare+select,compare scalar (int64 > 0),10000000,0.4939,0.3750,0.5867,polars-lazy,1.188,not reached
compare+select,compare scalar (int64 > 0),50000000,2.4148,0.4110,1.9095,polars-lazy,0.791,not reached
compare+select,"drop_null (int64, 10% nulls)",1000,0.0034,0.0040,0.0044,pyarrow,1.294,not reached
compare+select,"drop_null (int64, 10% nulls)",10000,0.0180,0.0190,0.0136,polars,0.756,not reached
compare+select,"drop_null (int64, 10% nulls)",100000,0.1557,0.1570,0.0342,polars,0.220,not reached
compare+select,"drop_null (int64, 10% nulls)",1000000,0.6905,0.5620,0.1492,polars-lazy,0.216,not reached
compare+select,"drop_null (int64, 10% nulls)",10000000,1.6239,0.6570,0.9445,polars-lazy,0.582,not reached
compare+select,"drop_null (int64, 10% nulls)",50000000,4.1966,0.9120,3.8138,polars-lazy,0.909,not reached
compare+select,filter int64 (30% kept),1000,0.0025,0.0030,0.0008,polars,0.320,"50,000,000"
compare+select,filter int64 (30% kept),10000,0.0072,0.0080,0.0030,polars,0.417,"50,000,000"
compare+select,filter int64 (30% kept),100000,0.0493,0.0500,0.0255,polars,0.517,"50,000,000"
compare+select,filter int64 (30% kept),1000000,0.5994,0.5300,0.1385,polars-lazy,0.231,"50,000,000"
compare+select,filter int64 (30% kept),10000000,1.0883,0.7280,0.6829,polars-lazy,0.627,"50,000,000"
compare+select,filter int64 (30% kept),50000000,2.2293,0.6730,2.8452,polars-lazy,1.276,"50,000,000"
compare+select,filter int64 (90% kept),1000,0.0033,0.0040,0.0008,polars,0.242,not reached
compare+select,filter int64 (90% kept),10000,0.0163,0.0160,0.0036,polars,0.221,not reached
compare+select,filter int64 (90% kept),100000,0.1317,0.1320,0.0272,polars,0.207,not reached
compare+select,filter int64 (90% kept),1000000,0.3952,0.4780,0.1667,polars-lazy,0.422,not reached
compare+select,filter int64 (90% kept),10000000,1.6760,0.6580,0.9115,polars-lazy,0.544,not reached
compare+select,filter int64 (90% kept),50000000,4.2416,0.9070,3.7030,polars-lazy,0.873,not reached
compare+select,indices_nonzero (bool),1000,0.1044,0.1450,0.0011,numpy,0.011,"10,000,000"
compare+select,indices_nonzero (bool),10000,0.1183,0.1670,0.0042,numpy,0.036,"10,000,000"
compare+select,indices_nonzero (bool),100000,0.1409,0.1850,0.0352,numpy,0.250,"10,000,000"
compare+select,indices_nonzero (bool),1000000,0.4714,0.5640,0.3388,numpy,0.719,"10,000,000"
compare+select,indices_nonzero (bool),10000000,1.4907,0.7260,3.3878,numpy,2.273,"10,000,000"
compare+select,indices_nonzero (bool),50000000,3.1685,0.8260,17.0345,numpy,5.376,"10,000,000"
compare+select,replace_with_mask (30% replaced),1000,0.4432,0.5980,0.0008,polars,0.002,not reached
compare+select,replace_with_mask (30% replaced),10000,0.4936,0.6600,0.0031,polars,0.006,not reached
compare+select,replace_with_mask (30% replaced),100000,1.1435,1.0830,0.0214,polars,0.019,not reached
compare+select,replace_with_mask (30% replaced),1000000,1.1777,1.1850,0.1669,polars-lazy,0.142,not reached
compare+select,replace_with_mask (30% replaced),10000000,2.9469,1.3280,0.9831,polars-lazy,0.334,not reached
compare+select,replace_with_mask (30% replaced),50000000,10.5490,1.7790,3.7758,polars-lazy,0.358,not reached
compare+select,slice (zero-copy view),10000,0.0010,0.0020,0.0004,polars,0.400,not reached
compare+select,slice (zero-copy view),100000,0.0012,0.0010,0.0004,polars,0.333,not reached
compare+select,slice (zero-copy view),1000000,0.0010,0.0010,0.0003,polars,0.300,not reached
compare+select,slice (zero-copy view),10000000,0.0012,0.0010,0.0004,polars,0.333,not reached
compare+select,slice (zero-copy view),50000000,0.0012,0.0020,0.0004,polars,0.333,not reached
compare+select,take (n/2 random indices),1000,0.2619,0.3610,0.0029,pyarrow,0.011,"1,000,000"
compare+select,take (n/2 random indices),10000,0.2670,0.3630,0.0102,pyarrow,0.038,"1,000,000"
compare+select,take (n/2 random indices),100000,0.5454,0.5620,0.0767,polars-lazy,0.141,"1,000,000"
compare+select,take (n/2 random indices),1000000,0.6577,0.6400,0.9461,pyarrow,1.438,"1,000,000"
compare+select,take (n/2 random indices),10000000,2.1912,0.6870,24.7473,pyarrow,11.294,"1,000,000"
compare+select,take (n/2 random indices),50000000,5.9037,0.7860,142.5872,pyarrow,24.152,"1,000,000"
element-wise,abs (float64),1000,0.0890,0.1210,0.0020,pyarrow,0.022,"50,000,000"
element-wise,abs (float64),10000,0.1171,0.1670,0.0033,pyarrow,0.028,"50,000,000"
element-wise,abs (float64),100000,0.1337,0.1760,0.0149,pyarrow,0.111,"50,000,000"
element-wise,abs (float64),1000000,0.2327,0.2790,0.1147,polars-lazy,0.493,"50,000,000"
element-wise,abs (float64),10000000,0.9450,0.3850,0.7737,polars-lazy,0.819,"50,000,000"
element-wise,abs (float64),50000000,3.1369,0.4060,3.3137,polars-lazy,1.056,"50,000,000"
element-wise,add array (int64 + int64),1000,0.0023,0.0030,0.0011,polars,0.478,"10,000,000"
element-wise,add array (int64 + int64),10000,0.0044,0.0060,0.0035,polars,0.795,"10,000,000"
element-wise,add array (int64 + int64),100000,0.0180,0.0180,0.0165,polars,0.917,"10,000,000"
element-wise,add array (int64 + int64),1000000,0.1737,0.1750,0.1516,polars-lazy,0.873,"10,000,000"
element-wise,add array (int64 + int64),10000000,0.6978,0.4120,1.0920,polars-lazy,1.565,"10,000,000"
element-wise,add array (int64 + int64),50000000,3.1233,0.6140,4.3134,polars-lazy,1.381,"10,000,000"
element-wise,add scalar (int64),1000,0.0023,0.0040,0.0023,polars,1.000,"1,000,000"
element-wise,add scalar (int64),10000,0.0039,0.0040,0.0039,polars,1.000,"1,000,000"
element-wise,add scalar (int64),100000,0.0162,0.0170,0.0160,polars,0.988,"1,000,000"
element-wise,add scalar (int64),1000000,0.1360,0.1360,0.1597,polars-lazy,1.174,"1,000,000"
element-wise,add scalar (int64),10000000,0.5140,0.3680,0.7795,polars-lazy,1.517,"1,000,000"
element-wise,add scalar (int64),50000000,1.9468,0.4140,2.9972,polars-lazy,1.540,"1,000,000"
element-wise,add_checked (int64 + int64),1000,0.1341,0.1770,0.0034,pyarrow,0.025,"1,000,000"
element-wise,add_checked (int64 + int64),10000,0.1368,0.1800,0.0142,pyarrow,0.104,"1,000,000"
element-wise,add_checked (int64 + int64),100000,0.1481,0.1890,0.1237,pyarrow-threaded,0.835,"1,000,000"
element-wise,add_checked (int64 + int64),1000000,0.2805,0.3160,0.2985,pyarrow-threaded,1.064,"1,000,000"
element-wise,add_checked (int64 + int64),10000000,1.2393,0.4140,2.0710,pyarrow-threaded,1.671,"1,000,000"
element-wise,add_checked (int64 + int64),50000000,4.4970,0.6420,8.6310,pyarrow-threaded,1.919,"1,000,000"
element-wise,bit_wise_and (int64),1000,0.0964,0.1290,0.0005,numpy,0.005,"10,000,000"
element-wise,bit_wise_and (int64),10000,0.1280,0.1720,0.0021,numpy,0.016,"10,000,000"
element-wise,bit_wise_and (int64),100000,0.1284,0.1720,0.0189,polars,0.147,"10,000,000"
element-wise,bit_wise_and (int64),1000000,0.2417,0.2760,0.1531,polars-lazy,0.633,"10,000,000"
element-wise,bit_wise_and (int64),10000000,0.8479,0.4140,1.0961,polars-lazy,1.293,"10,000,000"
element-wise,bit_wise_and (int64),50000000,2.9655,0.6260,4.3211,polars-lazy,1.457,"10,000,000"
element-wise,case_when (2 conditions),1000,0.3484,0.4730,0.0068,numpy,0.020,not reached
element-wise,case_when (2 conditions),10000,0.3275,0.4390,0.0275,numpy,0.084,not reached
element-wise,case_when (2 conditions),100000,0.3834,0.5120,0.0894,polars,0.233,not reached
element-wise,case_when (2 conditions),1000000,0.8366,0.8940,0.2214,polars-lazy,0.265,not reached
element-wise,case_when (2 conditions),10000000,4.2195,1.1040,1.5634,polars-lazy,0.371,not reached
element-wise,case_when (2 conditions),50000000,6.9215,1.3560,6.5164,polars-lazy,0.941,not reached
element-wise,coalesce (2 int64 columns),1000,0.0982,0.1250,0.0031,pyarrow,0.032,"50,000,000"
element-wise,coalesce (2 int64 columns),10000,0.1305,0.1830,0.0084,pyarrow,0.064,"50,000,000"
element-wise,coalesce (2 int64 columns),100000,0.1287,0.1700,0.0866,polars,0.673,"50,000,000"
element-wise,coalesce (2 int64 columns),1000000,0.3542,0.3790,0.2910,pyarrow-threaded,0.822,"50,000,000"
element-wise,coalesce (2 int64 columns),10000000,2.1607,0.4290,1.4582,polars-lazy,0.675,"50,000,000"
element-wise,coalesce (2 int64 columns),50000000,3.3154,0.4130,5.8873,polars-lazy,1.776,"50,000,000"
element-wise,divide (float64 / float64),1000,0.1353,0.1820,0.0013,polars,0.010,"50,000,000"
element-wise,divide (float64 / float64),10000,0.1439,0.1880,0.0037,polars,0.026,"50,000,000"
element-wise,divide (float64 / float64),100000,0.1603,0.2090,0.0216,polars,0.135,"50,000,000"
element-wise,divide (float64 / float64),1000000,0.5271,0.3730,0.1377,polars-lazy,0.261,"50,000,000"
element-wise,divide (float64 / float64),10000000,1.4648,0.4770,1.0813,polars-lazy,0.738,"50,000,000"
element-wise,divide (float64 / float64),50000000,3.8307,0.6110,4.3828,polars-lazy,1.144,"50,000,000"
element-wise,exp (float32),1000,0.1255,0.1570,0.0016,numpy,0.013,"1,000,000"
element-wise,exp (float32),10000,0.1190,0.1630,0.0119,numpy,0.100,"1,000,000"
element-wise,exp (float32),100000,0.1142,0.1500,0.0942,polars-lazy,0.825,"1,000,000"
element-wise,exp (float32),1000000,0.2258,0.2740,0.2395,pyarrow-threaded,1.061,"1,000,000"
element-wise,exp (float32),10000000,1.1325,0.4190,1.1590,polars-lazy,1.023,"1,000,000"
element-wise,exp (float32),50000000,1.9274,0.4500,5.2938,polars-lazy,2.747,"1,000,000"
element-wise,fill_null (int64),1000,0.0909,0.1250,0.0047,pyarrow,0.052,"50,000,000"
element-wise,fill_null (int64),10000,0.1225,0.1660,0.0120,pyarrow,0.098,"50,000,000"
element-wise,fill_null (int64),100000,0.1167,0.1530,0.0569,polars,0.488,"50,000,000"
element-wise,fill_null (int64),1000000,0.2407,0.2840,0.1736,polars-lazy,0.721,"50,000,000"
element-wise,fill_null (int64),10000000,0.9668,0.3890,0.9438,polars-lazy,0.976,"50,000,000"
element-wise,fill_null (int64),50000000,2.1065,0.4210,4.1645,polars-lazy,1.977,"50,000,000"
element-wise,fill_null_forward (int64),1000,0.4267,0.5530,0.0026,pyarrow,0.006,"10,000,000"
element-wise,fill_null_forward (int64),10000,0.4865,0.6660,0.0073,pyarrow,0.015,"10,000,000"
element-wise,fill_null_forward (int64),100000,0.4959,0.6400,0.0639,pyarrow,0.129,"10,000,000"
element-wise,fill_null_forward (int64),1000000,1.5645,1.2360,1.1076,pyarrow,0.708,"10,000,000"
element-wise,fill_null_forward (int64),10000000,2.3934,1.3450,12.0905,pandas,5.052,"10,000,000"
element-wise,fill_null_forward (int64),50000000,9.6275,1.7420,59.2422,pyarrow,6.153,"10,000,000"
element-wise,hash64 (int64),1000,0.0980,0.1320,0.0063,pandas,0.064,"50,000,000"
element-wise,hash64 (int64),10000,0.1214,0.1600,0.0203,polars,0.167,"50,000,000"
element-wise,hash64 (int64),100000,0.1422,0.2100,0.0880,polars,0.619,"50,000,000"
element-wise,hash64 (int64),1000000,0.3564,0.3650,0.2025,polars-lazy,0.568,"50,000,000"
element-wise,hash64 (int64),10000000,1.9046,0.3670,1.0552,polars-lazy,0.554,"50,000,000"
element-wise,hash64 (int64),50000000,3.2002,0.4180,4.5370,polars-lazy,1.418,"50,000,000"
element-wise,if_else (bool ? int64 : int64),1000,0.2164,0.2860,0.0009,numpy,0.004,"50,000,000"
element-wise,if_else (bool ? int64 : int64),10000,0.2370,0.3180,0.0037,numpy,0.016,"50,000,000"
element-wise,if_else (bool ? int64 : int64),100000,0.2556,0.3490,0.0278,numpy,0.109,"50,000,000"
element-wise,if_else (bool ? int64 : int64),1000000,0.7328,0.5830,0.2213,polars-lazy,0.302,"50,000,000"
element-wise,if_else (bool ? int64 : int64),10000000,2.1930,0.6830,1.2978,polars-lazy,0.592,"50,000,000"
element-wise,if_else (bool ? int64 : int64),50000000,3.7455,0.9580,5.3067,polars-lazy,1.417,"50,000,000"
element-wise,"index_in (int64, 100-value set)",1000,1.3085,1.6820,0.0038,numpy,0.003,"10,000,000"
element-wise,"index_in (int64, 100-value set)",10000,1.4445,1.8840,0.0255,pyarrow,0.018,"10,000,000"
element-wise,"index_in (int64, 100-value set)",100000,1.4754,1.9340,0.1980,pyarrow-threaded,0.134,"10,000,000"
element-wise,"index_in (int64, 100-value set)",1000000,1.7418,2.1690,0.7485,pyarrow-threaded,0.430,"10,000,000"
element-wise,"index_in (int64, 100-value set)",10000000,3.7221,2.3880,6.8274,pyarrow-threaded,1.834,"10,000,000"
element-wise,"index_in (int64, 100-value set)",50000000,5.9277,3.5100,27.6794,pyarrow-threaded,4.670,"10,000,000"
element-wise,"is_in (int64, 100-value set)",1000,1.0265,1.2750,0.0082,pyarrow,0.008,"10,000,000"
element-wise,"is_in (int64, 100-value set)",10000,1.1507,1.4440,0.0414,pyarrow,0.036,"10,000,000"
element-wise,"is_in (int64, 100-value set)",100000,1.0773,1.3410,0.2129,pyarrow-threaded,0.198,"10,000,000"
element-wise,"is_in (int64, 100-value set)",1000000,1.2733,1.6010,0.7227,polars-lazy,0.568,"10,000,000"
element-wise,"is_in (int64, 100-value set)",10000000,2.0647,1.5040,3.7509,polars-lazy,1.817,"10,000,000"
element-wise,"is_in (int64, 100-value set)",50000000,2.1678,1.5070,15.9700,polars-lazy,7.367,"10,000,000"
element-wise,is_nan (float64),1000,0.1244,0.1680,0.0003,numpy,0.002,"50,000,000"
element-wise,is_nan (float64),10000,0.1345,0.1860,0.0010,numpy,0.007,"50,000,000"
element-wise,is_nan (float64),100000,0.1138,0.1550,0.0085,numpy,0.075,"50,000,000"
element-wise,is_nan (float64),1000000,0.1433,0.1820,0.0757,numpy,0.528,"50,000,000"
element-wise,is_nan (float64),10000000,0.5417,0.3680,0.4988,polars-lazy,0.921,"50,000,000"
element-wise,is_nan (float64),50000000,1.2098,0.3790,1.9162,polars-lazy,1.584,"50,000,000"
element-wise,ln (float64),1000,0.2293,0.2600,0.0021,numpy,0.009,not reached
element-wise,ln (float64),10000,0.2487,0.2920,0.0178,numpy,0.072,not reached
element-wise,ln (float64),100000,0.9957,0.3570,0.1268,pyarrow-threaded,0.127,not reached
element-wise,ln (float64),1000000,1.8114,0.3790,0.3335,pyarrow-threaded,0.184,not reached
element-wise,ln (float64),10000000,16.4488,0.4160,1.8244,polars-lazy,0.111,not reached
element-wise,ln (float64),50000000,81.3147,0.5120,8.4612,polars-lazy,0.104,not reached
element-wise,multiply array (int64 * int64),1000,0.0023,0.0040,0.0013,polars,0.565,"10,000,000"
element-wise,multiply array (int64 * int64),10000,0.0049,0.0060,0.0035,polars,0.714,"10,000,000"
element-wise,multiply array (int64 * int64),100000,0.0298,0.0300,0.0223,polars,0.748,"10,000,000"
element-wise,multiply array (int64 * int64),1000000,0.2146,0.2640,0.1420,polars-lazy,0.662,"10,000,000"
element-wise,multiply array (int64 * int64),10000000,0.7567,0.4430,1.1060,polars-lazy,1.462,"10,000,000"
element-wise,multiply array (int64 * int64),50000000,2.9636,0.6190,4.3181,polars-lazy,1.457,"10,000,000"
element-wise,multiply scalar (int64),1000,0.0025,0.0030,0.0025,polars,1.000,"10,000,000"
element-wise,multiply scalar (int64),10000,0.0052,0.0050,0.0055,polars,1.058,"10,000,000"
element-wise,multiply scalar (int64),100000,0.0292,0.0300,0.0222,polars,0.760,"10,000,000"
element-wise,multiply scalar (int64),1000000,0.2028,0.2470,0.1365,polars-lazy,0.673,"10,000,000"
element-wise,multiply scalar (int64),10000000,0.5200,0.3780,0.8981,polars-lazy,1.727,"10,000,000"
element-wise,multiply scalar (int64),50000000,2.1015,0.4000,4.1322,polars-lazy,1.966,"10,000,000"
element-wise,negate (int64),1000,0.1228,0.1700,0.0021,pyarrow,0.017,"50,000,000"
element-wise,negate (int64),10000,0.1198,0.1620,0.0047,pyarrow,0.039,"50,000,000"
element-wise,negate (int64),100000,0.1273,0.1670,0.0259,polars,0.203,"50,000,000"
element-wise,negate (int64),1000000,0.2416,0.2740,0.1127,polars-lazy,0.466,"50,000,000"
element-wise,negate (int64),10000000,0.9229,0.4510,0.7634,polars-lazy,0.827,"50,000,000"
element-wise,negate (int64),50000000,2.1440,0.4030,3.0952,polars-lazy,1.444,"50,000,000"
element-wise,power (float32 ** 2),1000,0.1233,0.1640,0.0060,pyarrow,0.049,not reached
element-wise,power (float32 ** 2),10000,0.1283,0.1660,0.0202,pandas,0.157,not reached
element-wise,power (float32 ** 2),100000,0.1301,0.1720,0.0449,polars,0.345,not reached
element-wise,power (float32 ** 2),1000000,0.2289,0.2770,0.1050,polars-lazy,0.459,not reached
element-wise,power (float32 ** 2),10000000,1.1210,0.3820,0.5082,polars-lazy,0.453,not reached
element-wise,power (float32 ** 2),50000000,1.9071,0.4370,1.8207,polars-lazy,0.955,not reached
element-wise,round (float64),1000,0.1210,0.1680,0.0045,pyarrow,0.037,"50,000,000"
element-wise,round (float64),10000,0.1084,0.1460,0.0186,polars,0.172,"50,000,000"
element-wise,round (float64),100000,0.1450,0.1890,0.0770,polars,0.531,"50,000,000"
element-wise,round (float64),1000000,0.3783,0.3690,0.2009,polars-lazy,0.531,"50,000,000"
element-wise,round (float64),10000000,1.3871,0.3640,0.8355,polars-lazy,0.602,"50,000,000"
element-wise,round (float64),50000000,3.1790,0.4060,4.7247,polars-lazy,1.486,"50,000,000"
element-wise,shift_left (int64 << 2),1000,0.1017,0.1350,0.0007,numpy,0.007,"10,000,000"
element-wise,shift_left (int64 << 2),10000,0.1266,0.1800,0.0016,numpy,0.013,"10,000,000"
element-wise,shift_left (int64 << 2),100000,0.1277,0.1730,0.0140,numpy,0.110,"10,000,000"
element-wise,shift_left (int64 << 2),1000000,0.2285,0.2660,0.1331,numpy,0.582,"10,000,000"
element-wise,shift_left (int64 << 2),10000000,0.9273,0.4280,1.3503,numpy,1.456,"10,000,000"
element-wise,shift_left (int64 << 2),50000000,1.8941,0.3930,6.7286,numpy,3.552,"10,000,000"
element-wise,sin (float64),1000,0.3473,0.3520,0.0030,numpy,0.009,not reached
element-wise,sin (float64),10000,0.3771,0.3690,0.0370,numpy,0.098,not reached
element-wise,sin (float64),100000,1.7018,0.3880,0.1789,pyarrow-threaded,0.105,not reached
element-wise,sin (float64),1000000,3.1916,0.3770,0.6906,pyarrow-threaded,0.216,not reached
element-wise,sin (float64),10000000,30.2870,0.4530,5.1653,polars-lazy,0.171,not reached
element-wise,sin (float64),50000000,150.0166,0.4450,23.2836,polars-lazy,0.155,not reached
element-wise,sqrt (float64),1000,0.1346,0.1680,0.0006,numpy,0.004,not reached
element-wise,sqrt (float64),10000,0.1359,0.1700,0.0030,numpy,0.022,not reached
element-wise,sqrt (float64),100000,0.1499,0.1980,0.0253,numpy,0.169,not reached
element-wise,sqrt (float64),1000000,0.5500,0.3640,0.1421,polars-lazy,0.258,not reached
element-wise,sqrt (float64),10000000,1.4149,0.4020,0.7461,polars-lazy,0.527,not reached
element-wise,sqrt (float64),50000000,3.9244,0.3840,3.4232,polars-lazy,0.872,not reached
group-by,count by int32 key (1000 groups),1000,0.4283,0.5550,0.0447,polars-lazy,0.104,"10,000,000"
group-by,count by int32 key (1000 groups),10000,0.4353,0.5530,0.1047,pyarrow,0.241,"10,000,000"
group-by,count by int32 key (1000 groups),100000,0.5117,0.6240,0.2827,pyarrow-threaded,0.552,"10,000,000"
group-by,count by int32 key (1000 groups),1000000,1.0931,1.0300,0.6673,pyarrow-threaded,0.610,"10,000,000"
group-by,count by int32 key (1000 groups),10000000,3.7313,1.2300,4.3680,pyarrow-threaded,1.171,"10,000,000"
group-by,count by int32 key (1000 groups),50000000,4.2290,1.2320,17.3791,pyarrow-threaded,4.110,"10,000,000"
group-by,count by int32 key (100000 groups),100000,0.5588,0.7010,0.7638,pandas,1.367,"100,000"
group-by,count by int32 key (100000 groups),1000000,0.9992,1.0240,3.9797,pandas,3.983,"100,000"
group-by,count by int32 key (100000 groups),10000000,1.8422,1.1220,13.5848,pyarrow,7.374,"100,000"
group-by,count by int32 key (100000 groups),50000000,4.9237,1.2580,38.2900,pyarrow-threaded,7.777,"100,000"
group-by,count_distinct by key (1000 groups),1000,0.4985,0.6460,0.0984,pyarrow,0.197,"100,000"
group-by,count_distinct by key (1000 groups),10000,0.5718,0.7590,0.2941,polars,0.514,"100,000"
group-by,count_distinct by key (1000 groups),100000,0.6546,0.8270,0.7156,polars,1.093,"100,000"
group-by,count_distinct by key (1000 groups),1000000,2.0820,1.9520,2.6358,polars-lazy,1.266,"100,000"
group-by,count_distinct by key (1000 groups),10000000,7.3496,2.3520,27.9740,polars-lazy,3.806,"100,000"
group-by,count_distinct by key (1000 groups),50000000,41.7755,2.6400,156.7605,polars-lazy,3.752,"100,000"
group-by,count_distinct by key (100000 groups),100000,0.6526,0.7940,1.5590,polars-lazy,2.389,"100,000"
group-by,count_distinct by key (100000 groups),1000000,2.3281,2.0940,4.0345,polars,1.733,"100,000"
group-by,count_distinct by key (100000 groups),10000000,7.3404,2.2430,33.1614,polars-lazy,4.518,"100,000"
group-by,count_distinct by key (100000 groups),50000000,42.3222,2.6720,142.5240,polars-lazy,3.368,"100,000"
group-by,first by key (1000 groups),1000,0.9285,1.2190,0.0423,pyarrow,0.046,"1,000,000"
group-by,first by key (1000 groups),10000,0.9358,1.1980,0.0825,pyarrow,0.088,"1,000,000"
group-by,first by key (1000 groups),100000,0.9646,1.2280,0.4287,polars,0.444,"1,000,000"
group-by,first by key (1000 groups),1000000,1.2460,1.5020,1.8740,polars-lazy,1.504,"1,000,000"
group-by,first by key (1000 groups),10000000,2.6168,2.1640,15.3149,polars,5.853,"1,000,000"
group-by,first by key (1000 groups),50000000,6.8226,3.4010,54.2422,polars,7.950,"1,000,000"
group-by,first by key (100000 groups),100000,1.0779,1.3940,1.1412,polars-lazy,1.059,"100,000"
group-by,first by key (100000 groups),1000000,1.8531,1.6710,2.9347,polars-lazy,1.584,"100,000"
group-by,first by key (100000 groups),10000000,3.0792,2.0940,17.7606,polars-lazy,5.768,"100,000"
group-by,first by key (100000 groups),50000000,11.2967,3.3840,65.6030,polars,5.807,"100,000"
group-by,list by key (1000 groups),1000,1.0892,1.3970,0.0409,polars,0.038,"1,000,000"
group-by,list by key (1000 groups),10000,1.3650,1.6580,0.1363,pyarrow,0.100,"1,000,000"
group-by,list by key (1000 groups),100000,1.6655,2.1160,0.5901,polars-lazy,0.354,"1,000,000"
group-by,list by key (1000 groups),1000000,3.4841,2.3630,4.0384,polars-lazy,1.159,"1,000,000"
group-by,list by key (1000 groups),10000000,6.3712,2.9550,60.7446,polars-lazy,9.534,"1,000,000"
group-by,list by key (1000 groups),50000000,28.4200,3.9450,308.3599,polars-lazy,10.850,"1,000,000"
group-by,list by key (100000 groups),100000,3.3636,2.3840,1.6555,polars,0.492,"1,000,000"
group-by,list by key (100000 groups),1000000,2.3655,2.3610,6.9666,polars-lazy,2.945,"1,000,000"
group-by,list by key (100000 groups),10000000,8.6637,3.2270,77.1546,polars-lazy,8.906,"1,000,000"
group-by,list by key (100000 groups),50000000,35.3643,4.4170,343.8553,polars,9.723,"1,000,000"
group-by,max by int32 key (1000 groups),1000,0.6920,0.9190,0.0687,pyarrow,0.099,"10,000,000"
group-by,max by int32 key (1000 groups),10000,0.7097,0.8710,0.1016,pyarrow,0.143,"10,000,000"
group-by,max by int32 key (1000 groups),100000,0.7637,0.9910,0.3713,pyarrow-threaded,0.486,"10,000,000"
group-by,max by int32 key (1000 groups),1000000,1.1715,1.3700,0.7578,pyarrow-threaded,0.647,"10,000,000"
group-by,max by int32 key (1000 groups),10000000,1.6593,1.2650,4.9396,pyarrow-threaded,2.977,"10,000,000"
group-by,max by int32 key (1000 groups),50000000,5.9108,1.5930,19.5322,pyarrow-threaded,3.304,"10,000,000"
group-by,max by int32 key (100000 groups),100000,0.9184,1.1250,1.2365,pandas,1.346,"100,000"
group-by,max by int32 key (100000 groups),1000000,1.8212,1.3770,3.3376,polars-lazy,1.833,"100,000"
group-by,max by int32 key (100000 groups),10000000,2.7505,1.4080,18.7129,pyarrow,6.803,"100,000"
group-by,max by int32 key (100000 groups),50000000,10.5808,1.5290,56.3265,pyarrow-threaded,5.323,"100,000"
group-by,"max by key, float64 (1000 groups)",1000,0.6630,0.8660,0.0725,pyarrow,0.109,"10,000,000"
group-by,"max by key, float64 (1000 groups)",10000,0.7402,0.9650,0.0933,pyarrow,0.126,"10,000,000"
group-by,"max by key, float64 (1000 groups)",100000,0.7478,0.9580,0.3665,pyarrow-threaded,0.490,"10,000,000"
group-by,"max by key, float64 (1000 groups)",1000000,1.1086,1.2900,0.7506,pyarrow-threaded,0.677,"10,000,000"
group-by,"max by key, float64 (1000 groups)",10000000,3.7860,1.6880,4.8855,pyarrow-threaded,1.290,"10,000,000"
group-by,"max by key, float64 (1000 groups)",50000000,6.0864,1.7240,28.6962,pyarrow-threaded,4.715,"10,000,000"
group-by,"max by key, float64 (100000 groups)",100000,0.8708,1.0730,1.2945,pandas,1.487,"100,000"
group-by,"max by key, float64 (100000 groups)",1000000,1.7325,1.3480,3.2157,polars-lazy,1.856,"100,000"
group-by,"max by key, float64 (100000 groups)",10000000,2.5074,1.3550,17.8235,pyarrow,7.108,"100,000"
group-by,"max by key, float64 (100000 groups)",50000000,9.6744,1.6610,64.8810,pyarrow-threaded,6.706,"100,000"
group-by,mean by int32 key (1000 groups),1000,0.4932,0.6270,0.0685,pyarrow,0.139,"10,000,000"
group-by,mean by int32 key (1000 groups),10000,0.4959,0.6100,0.0983,pyarrow,0.198,"10,000,000"
group-by,mean by int32 key (1000 groups),100000,0.5984,0.7260,0.3092,pyarrow-threaded,0.517,"10,000,000"
group-by,mean by int32 key (1000 groups),1000000,1.2063,1.0450,0.7220,pyarrow-threaded,0.599,"10,000,000"
group-by,mean by int32 key (1000 groups),10000000,2.0940,1.1420,4.7562,pyarrow-threaded,2.271,"10,000,000"
group-by,mean by int32 key (1000 groups),50000000,4.9143,1.2400,18.6277,pyarrow-threaded,3.791,"10,000,000"
group-by,mean by int32 key (100000 groups),100000,1.0500,0.9510,1.2000,pandas,1.143,"100,000"
group-by,mean by int32 key (100000 groups),1000000,1.4845,1.0660,3.3968,polars,2.288,"100,000"
group-by,mean by int32 key (100000 groups),10000000,1.9690,1.0650,16.6600,pyarrow,8.461,"100,000"
group-by,mean by int32 key (100000 groups),50000000,7.3891,1.2070,47.0204,pyarrow-threaded,6.363,"100,000"
group-by,min by int32 key (1000 groups),1000,0.6491,0.8360,0.0622,pyarrow,0.096,"10,000,000"
group-by,min by int32 key (1000 groups),10000,0.7503,0.9430,0.1085,pyarrow,0.145,"10,000,000"
group-by,min by int32 key (1000 groups),100000,0.7891,1.0120,0.3547,pyarrow-threaded,0.449,"10,000,000"
group-by,min by int32 key (1000 groups),1000000,1.1704,1.3530,0.7835,pyarrow-threaded,0.669,"10,000,000"
group-by,min by int32 key (1000 groups),10000000,2.0032,1.4070,5.1119,pyarrow,2.552,"10,000,000"
group-by,min by int32 key (1000 groups),50000000,5.9146,1.5450,19.6425,pyarrow-threaded,3.321,"10,000,000"
group-by,min by int32 key (100000 groups),100000,0.8462,1.0280,1.2715,pandas,1.503,"100,000"
group-by,min by int32 key (100000 groups),1000000,1.7968,1.3390,3.1040,polars,1.728,"100,000"
group-by,min by int32 key (100000 groups),10000000,2.7192,1.3180,18.6542,pyarrow,6.860,"100,000"
group-by,min by int32 key (100000 groups),50000000,10.5664,1.5050,52.0644,pyarrow-threaded,4.927,"100,000"
group-by,"min by key, float64 (1000 groups)",1000,0.6392,0.8330,0.0616,pyarrow,0.096,"10,000,000"
group-by,"min by key, float64 (1000 groups)",10000,0.6874,0.9070,0.1247,pyarrow,0.181,"10,000,000"
group-by,"min by key, float64 (1000 groups)",100000,0.7691,0.9910,0.3120,pyarrow-threaded,0.406,"10,000,000"
group-by,"min by key, float64 (1000 groups)",1000000,1.0729,1.2550,0.7572,pyarrow-threaded,0.706,"10,000,000"
group-by,"min by key, float64 (1000 groups)",10000000,2.3228,1.4380,5.0103,pyarrow-threaded,2.157,"10,000,000"
group-by,"min by key, float64 (1000 groups)",50000000,6.1105,1.7200,30.4986,pyarrow-threaded,4.991,"10,000,000"
group-by,"min by key, float64 (100000 groups)",100000,0.8833,1.0960,1.3252,pandas,1.500,"100,000"
group-by,"min by key, float64 (100000 groups)",1000000,1.7603,1.3800,3.3639,polars-lazy,1.911,"100,000"
group-by,"min by key, float64 (100000 groups)",10000000,2.5592,1.4010,18.0186,pyarrow,7.041,"100,000"
group-by,"min by key, float64 (100000 groups)",50000000,9.7000,1.6800,64.2842,pyarrow-threaded,6.627,"100,000"
group-by,stddev by key (1000 groups),1000,0.9499,1.2000,0.0731,pyarrow,0.077,"10,000,000"
group-by,stddev by key (1000 groups),10000,1.3006,1.4350,0.1219,pyarrow,0.094,"10,000,000"
group-by,stddev by key (1000 groups),100000,1.4533,1.6580,0.3512,pyarrow-threaded,0.242,"10,000,000"
group-by,stddev by key (1000 groups),1000000,3.3962,1.7790,0.9779,pyarrow-threaded,0.288,"10,000,000"
group-by,stddev by key (1000 groups),10000000,5.6545,1.7840,6.2745,pyarrow-threaded,1.110,"10,000,000"
group-by,stddev by key (1000 groups),50000000,30.5562,2.1100,37.7433,pyarrow-threaded,1.235,"10,000,000"
group-by,stddev by key (100000 groups),100000,1.9238,1.9100,1.3837,pandas,0.719,"10,000,000"
group-by,stddev by key (100000 groups),1000000,4.1600,2.5560,3.4277,polars,0.824,"10,000,000"
group-by,stddev by key (100000 groups),10000000,9.6085,2.3430,24.9882,polars-lazy,2.601,"10,000,000"
group-by,stddev by key (100000 groups),50000000,38.0999,2.8960,95.8360,polars-lazy,2.515,"10,000,000"
group-by,sum by int32 key (1000 groups),1000,0.2895,0.3830,0.0632,pyarrow,0.218,"10,000,000"
group-by,sum by int32 key (1000 groups),10000,0.2665,0.3360,0.1150,pyarrow,0.432,"10,000,000"
group-by,sum by int32 key (1000 groups),100000,0.3818,0.4560,0.2740,pyarrow-threaded,0.718,"10,000,000"
group-by,sum by int32 key (1000 groups),1000000,1.1567,1.0260,0.7279,pyarrow-threaded,0.629,"10,000,000"
group-by,sum by int32 key (1000 groups),10000000,2.0475,1.1550,4.8110,pyarrow,2.350,"10,000,000"
group-by,sum by int32 key (1000 groups),50000000,4.8877,1.2270,18.4503,pyarrow-threaded,3.775,"10,000,000"
group-by,sum by int32 key (100000 groups),100000,0.8825,0.8340,1.2388,pandas,1.404,"100,000"
group-by,sum by int32 key (100000 groups),1000000,1.3070,1.0590,3.4884,polars,2.669,"100,000"
group-by,sum by int32 key (100000 groups),10000000,1.9832,1.1120,16.6158,pyarrow,8.378,"100,000"
group-by,sum by int32 key (100000 groups),50000000,7.4112,1.2530,46.3909,pyarrow-threaded,6.260,"100,000"
group-by,sum by two int32 keys (~100489 groups),100000,1.5055,1.8880,1.8507,polars-lazy,1.229,"100,000"
group-by,sum by two int32 keys (~100489 groups),1000000,1.7709,1.7600,4.6522,polars,2.627,"100,000"
group-by,sum by two int32 keys (~100489 groups),10000000,2.4737,1.9130,19.5648,pyarrow,7.909,"100,000"
group-by,sum by two int32 keys (~100489 groups),50000000,8.2702,2.2120,61.1784,pyarrow-threaded,7.397,"100,000"
group-by,sum by two int32 keys (~1024 groups),1000,0.5829,0.7600,0.0823,pyarrow,0.141,"10,000,000"
group-by,sum by two int32 keys (~1024 groups),10000,0.5928,0.7640,0.1247,pyarrow,0.210,"10,000,000"
group-by,sum by two int32 keys (~1024 groups),100000,0.7578,0.9690,0.3669,pyarrow-threaded,0.484,"10,000,000"
group-by,sum by two int32 keys (~1024 groups),1000000,1.6704,1.6950,0.8343,pyarrow-threaded,0.499,"10,000,000"
group-by,sum by two int32 keys (~1024 groups),10000000,3.5092,2.1980,5.5325,pyarrow-threaded,1.577,"10,000,000"
group-by,sum by two int32 keys (~1024 groups),50000000,5.9135,2.1150,23.8755,pyarrow,4.037,"10,000,000"
group-by,sum by utf8 key (1000 distinct),1000,1.2622,1.6100,0.0860,pyarrow,0.068,"10,000,000"
group-by,sum by utf8 key (1000 distinct),10000,1.2804,1.6080,0.1624,pyarrow,0.127,"10,000,000"
group-by,sum by utf8 key (1000 distinct),100000,1.6138,2.0200,0.4527,pyarrow-threaded,0.281,"10,000,000"
group-by,sum by utf8 key (1000 distinct),1000000,3.6013,3.3640,1.3083,pyarrow-threaded,0.363,"10,000,000"
group-by,sum by utf8 key (1000 distinct),10000000,5.5140,3.2260,9.4156,pyarrow,1.708,"10,000,000"
group-by,sum by utf8 key (1000 distinct),50000000,18.2170,3.4600,40.0600,pyarrow-threaded,2.199,"10,000,000"
group-by,sum by utf8 key (100000 distinct),100000,2.9108,2.4680,1.7513,polars,0.602,"10,000,000"
group-by,sum by utf8 key (100000 distinct),1000000,5.3487,3.9960,4.2448,polars,0.794,"10,000,000"
group-by,sum by utf8 key (100000 distinct),10000000,6.5185,3.5650,38.1696,polars,5.856,"10,000,000"
group-by,sum by utf8 key (100000 distinct),50000000,23.8013,3.8160,144.6379,pyarrow,6.077,"10,000,000"
group-by,variance by key (1000 groups),1000,0.9518,1.2000,0.0625,pyarrow,0.066,not reached
group-by,variance by key (1000 groups),10000,1.3252,1.4540,0.1347,pyarrow,0.102,not reached
group-by,variance by key (1000 groups),100000,1.4441,1.6440,0.4242,pyarrow-threaded,0.294,not reached
group-by,variance by key (1000 groups),1000000,3.4457,1.8340,0.9213,pyarrow-threaded,0.267,not reached
group-by,variance by key (1000 groups),10000000,5.7486,1.8640,6.1746,pyarrow-threaded,1.074,not reached
group-by,variance by key (1000 groups),50000000,30.3630,1.9230,29.1678,pyarrow,0.961,not reached
group-by,variance by key (100000 groups),100000,1.8154,1.8290,1.3269,pandas,0.731,"10,000,000"
group-by,variance by key (100000 groups),1000000,3.8624,2.2240,3.3546,polars,0.869,"10,000,000"
group-by,variance by key (100000 groups),10000000,9.4973,2.2010,23.2023,polars,2.443,"10,000,000"
group-by,variance by key (100000 groups),50000000,37.7169,2.4700,94.8647,polars-lazy,2.515,"10,000,000"
reductions,"all(bool, 10% nulls)",1000,0.0012,0.0020,0.0002,polars,0.167,"100,000"
reductions,"all(bool, 10% nulls)",10000,0.0014,0.0020,0.0003,polars,0.214,"100,000"
reductions,"all(bool, 10% nulls)",100000,0.0014,0.0020,0.0015,polars,1.071,"100,000"
reductions,"all(bool, 10% nulls)",1000000,0.0016,0.0030,0.0050,pyarrow,3.125,"100,000"
reductions,"all(bool, 10% nulls)",10000000,0.0014,0.0020,0.0315,pyarrow,22.500,"100,000"
reductions,"all(bool, 10% nulls)",50000000,0.0014,0.0030,0.1490,pyarrow,106.429,"100,000"
reductions,"any(bool, 10% nulls)",1000,0.0014,0.0020,0.0002,polars,0.143,"100,000"
reductions,"any(bool, 10% nulls)",10000,0.0013,0.0020,0.0003,polars,0.231,"100,000"
reductions,"any(bool, 10% nulls)",100000,0.0013,0.0020,0.0014,polars,1.077,"100,000"
reductions,"any(bool, 10% nulls)",1000000,0.0014,0.0030,0.0049,pyarrow,3.500,"100,000"
reductions,"any(bool, 10% nulls)",10000000,0.0014,0.0020,0.0312,pyarrow,22.286,"100,000"
reductions,"any(bool, 10% nulls)",50000000,0.0014,0.0020,0.1489,pyarrow,106.357,"100,000"
reductions,count_distinct(int64),1000,1.0242,1.2320,0.0104,pyarrow,0.010,"10,000,000"
reductions,count_distinct(int64),10000,1.3446,1.3030,0.0375,pyarrow,0.028,"10,000,000"
reductions,count_distinct(int64),100000,0.8128,1.0260,0.3512,pandas,0.432,"10,000,000"
reductions,count_distinct(int64),1000000,1.5911,1.8150,0.8786,pyarrow-threaded,0.552,"10,000,000"
reductions,count_distinct(int64),10000000,2.8010,1.9440,4.5884,pyarrow-threaded,1.638,"10,000,000"
reductions,count_distinct(int64),50000000,9.6065,2.3220,18.9160,pyarrow-threaded,1.969,"10,000,000"
reductions,first(int64),1000,0.0017,0.0030,0.0027,pyarrow,1.588,"1,000"
reductions,first(int64),10000,0.0016,0.0030,0.0028,pyarrow,1.750,"1,000"
reductions,first(int64),100000,0.0015,0.0020,0.0032,pyarrow,2.133,"1,000"
reductions,first(int64),1000000,0.0017,0.0020,0.0060,pyarrow,3.529,"1,000"
reductions,first(int64),10000000,0.0017,0.0020,0.0090,polars-lazy,5.294,"1,000"
reductions,first(int64),50000000,0.0017,0.0020,0.0096,polars-lazy,5.647,"1,000"
reductions,kurtosis(float64),1000,0.3262,0.4250,0.0010,polars,0.003,"10,000,000"
reductions,kurtosis(float64),10000,0.3249,0.4190,0.0076,polars,0.023,"10,000,000"
reductions,kurtosis(float64),100000,0.4093,0.4860,0.0907,polars,0.222,"10,000,000"
reductions,kurtosis(float64),1000000,1.5454,0.7380,0.6028,pyarrow-threaded,0.390,"10,000,000"
reductions,kurtosis(float64),10000000,2.4547,0.7420,5.3805,pyarrow-threaded,2.192,"10,000,000"
reductions,kurtosis(float64),50000000,10.8900,0.8460,22.9128,pyarrow-threaded,2.104,"10,000,000"
reductions,last(int64),1000,0.0017,0.0020,0.0027,pyarrow,1.588,"1,000"
reductions,last(int64),10000,0.0017,0.0020,0.0028,pyarrow,1.647,"1,000"
reductions,last(int64),100000,0.0017,0.0030,0.0031,pyarrow,1.824,"1,000"
reductions,last(int64),1000000,0.0017,0.0020,0.0061,pyarrow,3.588,"1,000"
reductions,last(int64),10000000,0.0016,0.0030,0.0090,polars-lazy,5.625,"1,000"
reductions,last(int64),50000000,0.0016,0.0030,0.0102,polars-lazy,6.375,"1,000"
reductions,"max(int64, 10% nulls)",1000,0.0024,0.0020,0.0004,polars,0.167,"10,000,000"
reductions,"max(int64, 10% nulls)",10000,0.0078,0.0080,0.0029,polars,0.372,"10,000,000"
reductions,"max(int64, 10% nulls)",100000,0.0757,0.0760,0.0278,polars,0.367,"10,000,000"
reductions,"max(int64, 10% nulls)",1000000,0.5192,0.4500,0.1221,polars-lazy,0.235,"10,000,000"
reductions,"max(int64, 10% nulls)",10000000,0.5023,0.5080,0.5360,polars-lazy,1.067,"10,000,000"
reductions,"max(int64, 10% nulls)",50000000,1.1723,0.4970,2.2182,polars-lazy,1.892,"10,000,000"
reductions,"mean(int64, 10% nulls)",1000,0.0023,0.0030,0.0005,polars,0.217,"1,000,000"
reductions,"mean(int64, 10% nulls)",10000,0.0059,0.0060,0.0028,polars,0.475,"1,000,000"
reductions,"mean(int64, 10% nulls)",100000,0.0591,0.0590,0.0256,polars,0.433,"1,000,000"
reductions,"mean(int64, 10% nulls)",1000000,0.2084,0.2420,0.2606,polars,1.250,"1,000,000"
reductions,"mean(int64, 10% nulls)",10000000,0.2928,0.3320,1.4757,pyarrow-threaded,5.040,"1,000,000"
reductions,"mean(int64, 10% nulls)",50000000,1.1454,0.4280,6.1148,pyarrow-threaded,5.339,"1,000,000"
reductions,"min(int64, 10% nulls)",1000,0.0023,0.0020,0.0004,polars,0.174,"10,000,000"
reductions,"min(int64, 10% nulls)",10000,0.0078,0.0090,0.0029,polars,0.372,"10,000,000"
reductions,"min(int64, 10% nulls)",100000,0.0756,0.0770,0.0277,polars,0.366,"10,000,000"
reductions,"min(int64, 10% nulls)",1000000,0.2794,0.3270,0.0988,polars-lazy,0.354,"10,000,000"
reductions,"min(int64, 10% nulls)",10000000,0.4995,0.5080,0.5621,polars-lazy,1.125,"10,000,000"
reductions,"min(int64, 10% nulls)",50000000,1.1828,0.5540,2.0146,polars-lazy,1.703,"10,000,000"
reductions,min_max(int64),1000,0.2563,0.3500,0.0009,polars,0.004,"50,000,000"
reductions,min_max(int64),10000,0.2600,0.3420,0.0058,polars,0.022,"50,000,000"
reductions,min_max(int64),100000,0.4103,0.4920,0.0577,polars,0.141,"50,000,000"
reductions,min_max(int64),1000000,1.1611,1.2510,0.1895,polars-lazy,0.163,"50,000,000"
reductions,min_max(int64),10000000,1.6444,1.4340,1.2849,pyarrow-threaded,0.781,"50,000,000"
reductions,min_max(int64),50000000,3.7655,1.5980,5.0737,pyarrow-threaded,1.347,"50,000,000"
reductions,mode(int64),1000,2.1500,2.6130,0.0074,pyarrow,0.003,"10,000,000"
reductions,mode(int64),10000,2.8725,2.8610,0.0152,pyarrow,0.005,"10,000,000"
reductions,mode(int64),100000,4.3412,5.2240,0.1353,pyarrow,0.031,"10,000,000"
reductions,mode(int64),1000000,7.2124,7.6890,1.9705,pyarrow,0.273,"10,000,000"
reductions,mode(int64),10000000,10.3827,7.5500,20.4473,pyarrow,1.969,"10,000,000"
reductions,mode(int64),50000000,33.6089,8.5600,103.6502,pyarrow,3.084,"10,000,000"
reductions,product(int64),1000,0.1162,0.1540,0.0009,polars,0.008,"1,000,000"
reductions,product(int64),10000,0.1140,0.1550,0.0080,polars,0.070,"1,000,000"
reductions,product(int64),100000,0.1240,0.1600,0.0887,pyarrow,0.715,"1,000,000"
reductions,product(int64),1000000,0.2158,0.2540,0.2188,pyarrow-threaded,1.014,"1,000,000"
reductions,product(int64),10000000,0.4442,0.3900,1.3017,pyarrow-threaded,2.930,"1,000,000"
reductions,product(int64),50000000,1.3628,0.4280,4.9604,pyarrow-threaded,3.640,"1,000,000"
reductions,"quantile(float64, 0.5)",1000,0.6328,0.6790,0.0051,pyarrow,0.008,"1,000,000"
reductions,"quantile(float64, 0.5)",10000,0.6818,0.8420,0.0305,pyarrow,0.045,"1,000,000"
reductions,"quantile(float64, 0.5)",100000,0.8423,0.9910,0.4917,polars,0.584,"1,000,000"
reductions,"quantile(float64, 0.5)",1000000,1.5097,1.5720,3.6153,polars,2.395,"1,000,000"
reductions,"quantile(float64, 0.5)",10000000,2.6885,1.4350,35.5497,polars,13.223,"1,000,000"
reductions,"quantile(float64, 0.5)",50000000,4.6114,1.6260,178.4981,polars-lazy,38.708,"1,000,000"
reductions,skew(float64),1000,0.3262,0.4210,0.0008,polars,0.002,"10,000,000"
reductions,skew(float64),10000,0.3326,0.4270,0.0061,polars,0.018,"10,000,000"
reductions,skew(float64),100000,0.4093,0.4860,0.0790,polars,0.193,"10,000,000"
reductions,skew(float64),1000000,1.6001,0.8020,0.4896,pyarrow-threaded,0.306,"10,000,000"
reductions,skew(float64),10000000,2.4769,0.7580,4.0021,pyarrow-threaded,1.616,"10,000,000"
reductions,skew(float64),50000000,10.8378,0.7960,17.6393,pyarrow-threaded,1.628,"10,000,000"
reductions,"stddev(float64, ddof=1)",1000,0.2422,0.3060,0.0009,polars,0.004,"10,000,000"
reductions,"stddev(float64, ddof=1)",10000,0.2956,0.3890,0.0075,polars,0.025,"10,000,000"
reductions,"stddev(float64, ddof=1)",100000,0.3477,0.4440,0.0892,polars,0.257,"10,000,000"
reductions,"stddev(float64, ddof=1)",1000000,1.1484,0.7250,0.3533,pyarrow-threaded,0.308,"10,000,000"
reductions,"stddev(float64, ddof=1)",10000000,1.4016,0.7700,2.6899,pyarrow-threaded,1.919,"10,000,000"
reductions,"stddev(float64, ddof=1)",50000000,5.4911,0.8260,11.9280,pyarrow-threaded,2.172,"10,000,000"
reductions,"sum(int64, 10% nulls)",1000,0.0024,0.0030,0.0005,polars,0.208,"10,000,000"
reductions,"sum(int64, 10% nulls)",10000,0.0071,0.0070,0.0035,polars,0.493,"10,000,000"
reductions,"sum(int64, 10% nulls)",100000,0.0601,0.0620,0.0322,polars,0.536,"10,000,000"
reductions,"sum(int64, 10% nulls)",1000000,0.2185,0.2600,0.1471,polars-lazy,0.673,"10,000,000"
reductions,"sum(int64, 10% nulls)",10000000,0.3222,0.3660,0.5661,polars-lazy,1.757,"10,000,000"
reductions,"sum(int64, 10% nulls)",50000000,1.1110,0.4050,2.3035,polars-lazy,2.073,"10,000,000"
reductions,"tdigest(float64, q=0.5)",1000,0.7219,0.8590,0.0197,pyarrow,0.027,"10,000,000"
reductions,"tdigest(float64, q=0.5)",10000,0.9735,0.8760,0.1601,pyarrow,0.164,"10,000,000"
reductions,"tdigest(float64, q=0.5)",100000,1.6296,0.9130,0.4397,pyarrow-threaded,0.270,"10,000,000"
reductions,"tdigest(float64, q=0.5)",1000000,2.6985,1.5640,2.2029,pyarrow-threaded,0.816,"10,000,000"
reductions,"tdigest(float64, q=0.5)",10000000,7.0081,1.6720,18.7497,pyarrow-threaded,2.675,"10,000,000"
reductions,"tdigest(float64, q=0.5)",50000000,33.1803,2.0250,79.9575,pyarrow-threaded,2.410,"10,000,000"
reductions,"variance(float64, ddof=1)",1000,0.3079,0.3940,0.0009,polars,0.003,"10,000,000"
reductions,"variance(float64, ddof=1)",10000,0.2986,0.3880,0.0079,polars,0.026,"10,000,000"
reductions,"variance(float64, ddof=1)",100000,0.3505,0.4430,0.0932,polars,0.266,"10,000,000"
reductions,"variance(float64, ddof=1)",1000000,0.9661,0.7430,0.3580,pyarrow-threaded,0.371,"10,000,000"
reductions,"variance(float64, ddof=1)",10000000,1.3783,0.7600,2.7747,pyarrow-threaded,2.013,"10,000,000"
reductions,"variance(float64, ddof=1)",50000000,5.4457,0.7880,11.8843,pyarrow-threaded,2.182,"10,000,000"
sort,argsort float64,1000,0.3712,0.3800,0.0074,numpy,0.020,"1,000,000"
sort,argsort float64,10000,0.6200,0.3680,0.2296,polars-lazy,0.370,"1,000,000"
sort,argsort float64,100000,1.3666,0.4120,0.7845,polars-lazy,0.574,"1,000,000"
sort,argsort float64,1000000,1.5595,0.7880,7.2707,polars-lazy,4.662,"1,000,000"
sort,argsort float64,10000000,8.1626,0.8410,81.3439,polars,9.965,"1,000,000"
sort,argsort float64,50000000,39.9125,0.8250,420.0659,polars,10.525,"1,000,000"
sort,argsort int64,1000,0.3684,0.3740,0.0062,numpy,0.017,"1,000,000"
sort,argsort int64,10000,0.6232,0.3830,0.2058,polars,0.330,"1,000,000"
sort,argsort int64,100000,1.3821,0.4120,0.6042,polars,0.437,"1,000,000"
sort,argsort int64,1000000,1.3710,0.7570,5.3114,polars-lazy,3.874,"1,000,000"
sort,argsort int64,10000000,8.2392,0.8620,58.5119,polars-lazy,7.102,"1,000,000"
sort,argsort int64,50000000,39.1452,0.8550,301.9802,polars,7.714,"1,000,000"
sort,dense_rank,1000,0.6079,0.6890,0.0119,pyarrow,0.020,"1,000,000"
sort,dense_rank,10000,0.8835,0.6990,0.2266,polars-lazy,0.256,"1,000,000"
sort,dense_rank,100000,1.7335,0.8640,0.7355,polars-lazy,0.424,"1,000,000"
sort,dense_rank,1000000,1.8667,1.2780,7.9085,polars-lazy,4.237,"1,000,000"
sort,dense_rank,10000000,12.2225,1.8360,109.7092,polars,8.976,"1,000,000"
sort,dense_rank,50000000,67.7580,3.0700,699.1534,polars,10.318,"1,000,000"
sort,dictionary_encode (int32),1000,1.9618,2.5220,0.0092,pyarrow,0.005,"10,000,000"
sort,dictionary_encode (int32),10000,2.3140,2.8590,0.0392,pyarrow,0.017,"10,000,000"
sort,dictionary_encode (int32),100000,3.1805,4.0920,0.2415,pandas,0.076,"10,000,000"
sort,dictionary_encode (int32),1000000,4.8948,5.3590,1.7297,pandas,0.353,"10,000,000"
sort,dictionary_encode (int32),10000000,6.6329,5.3130,17.1899,pandas,2.592,"10,000,000"
sort,dictionary_encode (int32),50000000,19.1040,7.0950,84.2238,pandas,4.409,"10,000,000"
sort,lexsort (2 int32 keys),1000,0.7118,0.9140,0.0173,pyarrow,0.024,"1,000,000"
sort,lexsort (2 int32 keys),10000,0.9685,1.0350,0.1873,polars,0.193,"1,000,000"
sort,lexsort (2 int32 keys),100000,1.7622,1.1210,0.7312,polars,0.415,"1,000,000"
sort,lexsort (2 int32 keys),1000000,3.8213,2.2570,7.0018,polars-lazy,1.832,"1,000,000"
sort,lexsort (2 int32 keys),10000000,7.2800,2.3450,117.7176,polars-lazy,16.170,"1,000,000"
sort,lexsort (2 int32 keys),50000000,37.5890,2.4160,902.9469,polars-lazy,24.022,"1,000,000"
sort,partition_nth_indices (n/2),1000,0.9863,1.3210,0.0025,numpy,0.003,"1,000,000"
sort,partition_nth_indices (n/2),10000,1.1810,1.5320,0.0200,numpy,0.017,"1,000,000"
sort,partition_nth_indices (n/2),100000,1.4009,1.8400,0.5761,pyarrow,0.411,"1,000,000"
sort,partition_nth_indices (n/2),1000000,2.0897,2.3900,4.7724,pyarrow,2.284,"1,000,000"
sort,partition_nth_indices (n/2),10000000,3.0312,3.0110,52.9878,pyarrow,17.481,"1,000,000"
sort,partition_nth_indices (n/2),50000000,12.1573,3.8380,297.7713,pyarrow,24.493,"1,000,000"
sort,rank (min),1000,0.5871,0.6700,0.0124,pyarrow,0.021,"1,000,000"
sort,rank (min),10000,0.8709,0.7010,0.2344,polars-lazy,0.269,"1,000,000"
sort,rank (min),100000,1.7765,0.8710,0.7962,polars,0.448,"1,000,000"
sort,rank (min),1000000,1.5702,1.2770,7.8090,polars,4.973,"1,000,000"
sort,rank (min),10000000,12.4371,1.9190,105.6420,polars,8.494,"1,000,000"
sort,rank (min),50000000,68.0296,3.0780,700.1119,polars,10.291,"1,000,000"
sort,sort float64,1000,0.5012,0.5350,0.0130,polars,0.026,"10,000,000"
sort,sort float64,10000,0.7445,0.5320,0.1031,polars-lazy,0.138,"10,000,000"
sort,sort float64,100000,1.5986,0.6650,0.3380,polars,0.211,"10,000,000"
sort,sort float64,1000000,3.7603,1.1660,2.6194,polars-lazy,0.697,"10,000,000"
sort,sort float64,10000000,6.8161,1.1550,26.2356,polars-lazy,3.849,"10,000,000"
sort,sort float64,50000000,32.1234,1.2530,132.8725,polars,4.136,"10,000,000"
sort,"top_k (k=100, int64)",1000,0.7400,0.9010,0.0028,numpy,0.004,"10,000,000"
sort,"top_k (k=100, int64)",10000,0.9663,1.0590,0.0113,numpy,0.012,"10,000,000"
sort,"top_k (k=100, int64)",100000,1.1160,1.0610,0.0671,pyarrow,0.060,"10,000,000"
sort,"top_k (k=100, int64)",1000000,0.9992,1.2280,0.5094,pyarrow,0.510,"10,000,000"
sort,"top_k (k=100, int64)",10000000,1.7620,1.3450,4.8567,pyarrow,2.756,"10,000,000"
sort,"top_k (k=100, int64)",50000000,2.6742,1.3800,24.0048,pyarrow,8.976,"10,000,000"
sort,"top_k (k=10000, int64)",1000,0.3706,0.3700,0.0167,pyarrow,0.045,"10,000,000"
sort,"top_k (k=10000, int64)",10000,0.6164,0.3710,0.0090,numpy,0.015,"10,000,000"
sort,"top_k (k=10000, int64)",100000,1.2807,1.1340,0.1327,polars,0.104,"10,000,000"
sort,"top_k (k=10000, int64)",1000000,1.6922,1.7280,1.3345,polars,0.789,"10,000,000"
sort,"top_k (k=10000, int64)",10000000,2.4342,1.8040,12.0521,polars,4.951,"10,000,000"
sort,"top_k (k=10000, int64)",50000000,4.9605,1.8870,34.6671,pyarrow,6.989,"10,000,000"
sort,"unique (int32, 1000 distinct)",1000,1.7834,2.3220,0.0067,pyarrow,0.004,not reached
sort,"unique (int32, 1000 distinct)",10000,1.9236,2.3440,0.0213,pyarrow,0.011,not reached
sort,"unique (int32, 1000 distinct)",100000,2.6823,3.4270,0.2070,pandas,0.077,not reached
sort,"unique (int32, 1000 distinct)",1000000,4.1469,4.4800,0.5658,pyarrow-threaded,0.136,not reached
sort,"unique (int32, 1000 distinct)",10000000,5.8351,4.8450,3.3883,pyarrow-threaded,0.581,not reached
sort,"unique (int32, 1000 distinct)",50000000,15.7245,6.0560,13.0402,pyarrow-threaded,0.829,not reached
sort,"value_counts (int32, 1000 distinct)",1000,1.9600,2.5310,0.0110,pyarrow,0.006,not reached
sort,"value_counts (int32, 1000 distinct)",10000,2.1707,2.6710,0.0358,pyarrow,0.016,not reached
sort,"value_counts (int32, 1000 distinct)",100000,2.8582,3.5450,0.1847,pandas,0.065,not reached
sort,"value_counts (int32, 1000 distinct)",1000000,5.0195,5.3070,0.6087,pyarrow-threaded,0.121,not reached
sort,"value_counts (int32, 1000 distinct)",10000000,6.9462,5.5430,4.4909,pyarrow-threaded,0.647,not reached
sort,"value_counts (int32, 1000 distinct)",50000000,17.0415,6.9220,14.3087,pyarrow-threaded,0.840,not reached
strings,char_length,1000,0.1354,0.1850,0.0052,pyarrow,0.038,"100,000"
strings,char_length,10000,0.1190,0.1710,0.0395,pyarrow,0.332,"100,000"
strings,char_length,100000,0.1202,0.1690,0.1683,pyarrow-threaded,1.400,"100,000"
strings,char_length,1000000,0.2491,0.3140,0.6775,polars-lazy,2.720,"100,000"
strings,char_length,10000000,1.1663,0.4180,4.2055,polars-lazy,3.606,"100,000"
strings,concat (a + '-' + b),1000,0.4409,0.5890,0.0245,pyarrow,0.056,"1,000,000"
strings,concat (a + '-' + b),10000,0.5509,0.7650,0.1295,polars-lazy,0.235,"1,000,000"
strings,concat (a + '-' + b),100000,0.6400,0.8400,0.3364,pyarrow-threaded,0.526,"1,000,000"
strings,concat (a + '-' + b),1000000,1.2929,1.1880,2.7169,pyarrow-threaded,2.101,"1,000,000"
strings,concat (a + '-' + b),10000000,4.2309,1.5510,19.4884,pyarrow-threaded,4.606,"1,000,000"
strings,"contains(""north"")",1000,0.4275,0.3650,0.0121,pyarrow,0.028,"1,000,000"
strings,"contains(""north"")",10000,0.2232,0.2740,0.1132,pyarrow,0.507,"1,000,000"
strings,"contains(""north"")",100000,0.4278,0.3670,0.2590,pyarrow-threaded,0.605,"1,000,000"
strings,"contains(""north"")",1000000,0.5380,0.3710,1.6880,polars-lazy,3.138,"1,000,000"
strings,"contains(""north"")",10000000,1.7230,0.4080,11.3762,polars-lazy,6.603,"1,000,000"
strings,is_alpha,1000,0.4913,0.3540,0.0065,pyarrow,0.013,"10,000,000"
strings,is_alpha,10000,0.4961,0.3690,0.0457,pyarrow,0.092,"10,000,000"
strings,is_alpha,100000,0.5062,0.3660,0.1470,pyarrow-threaded,0.290,"10,000,000"
strings,is_alpha,1000000,0.7210,0.3810,0.6673,pyarrow-threaded,0.926,"10,000,000"
strings,is_alpha,10000000,2.0557,0.5100,4.6130,pyarrow-threaded,2.244,"10,000,000"
strings,"is_in (utf8, 100-value set)",1000,0.9349,1.2230,0.0095,pyarrow,0.010,"10,000,000"
strings,"is_in (utf8, 100-value set)",10000,1.0832,1.5040,0.0451,pyarrow,0.042,"10,000,000"
strings,"is_in (utf8, 100-value set)",100000,1.1793,1.5170,0.2454,pyarrow-threaded,0.208,"10,000,000"
strings,"is_in (utf8, 100-value set)",1000000,2.4473,2.1100,0.9275,polars-lazy,0.379,"10,000,000"
strings,"is_in (utf8, 100-value set)",10000000,5.0100,2.2910,5.5649,polars-lazy,1.111,"10,000,000"
strings,lower,1000,0.4530,0.6080,0.0192,pyarrow,0.042,"10,000,000"
strings,lower,10000,0.3841,0.5480,0.1461,pyarrow-threaded,0.380,"10,000,000"
strings,lower,100000,0.9145,0.8290,0.3063,pyarrow-threaded,0.335,"10,000,000"
strings,lower,1000000,2.5951,1.1800,2.3558,pyarrow-threaded,0.908,"10,000,000"
strings,lower,10000000,5.4281,1.3390,15.2896,pyarrow-threaded,2.817,"10,000,000"
strings,"match_like(""cust%"") [pure prefix]",1000,0.2308,0.2760,0.0041,pyarrow,0.018,"1,000,000"
strings,"match_like(""cust%"") [pure prefix]",10000,0.1724,0.2280,0.0203,pyarrow,0.118,"1,000,000"
strings,"match_like(""cust%"") [pure prefix]",100000,0.2325,0.2830,0.1406,polars-lazy,0.605,"1,000,000"
strings,"match_like(""cust%"") [pure prefix]",1000000,0.2925,0.3450,0.3244,pyarrow-threaded,1.109,"1,000,000"
strings,"match_like(""cust%"") [pure prefix]",10000000,1.2328,0.4150,2.0073,polars-lazy,1.628,"1,000,000"
strings,"match_like(""cust_1%"") [_ wildcard]",1000,0.5453,0.3640,0.0243,pyarrow,0.045,"1,000,000"
strings,"match_like(""cust_1%"") [_ wildcard]",10000,0.2896,0.3340,0.1136,polars-lazy,0.392,"1,000,000"
strings,"match_like(""cust_1%"") [_ wildcard]",100000,0.5293,0.3600,0.2675,polars-lazy,0.505,"1,000,000"
strings,"match_like(""cust_1%"") [_ wildcard]",1000000,0.9354,0.4020,1.2457,polars-lazy,1.332,"1,000,000"
strings,"match_like(""cust_1%"") [_ wildcard]",10000000,1.6337,0.4060,8.5918,polars-lazy,5.259,"1,000,000"
strings,match_substring_regex (literal),1000,0.4360,0.3670,0.0276,pyarrow,0.063,"1,000,000"
strings,match_substring_regex (literal),10000,0.2719,0.3250,0.1151,polars-lazy,0.423,"1,000,000"
strings,match_substring_regex (literal),100000,0.4340,0.3750,0.2939,polars-lazy,0.677,"1,000,000"
strings,match_substring_regex (literal),1000000,0.5159,0.3710,1.6534,polars-lazy,3.205,"1,000,000"
strings,match_substring_regex (literal),10000000,1.7731,0.4130,11.7639,polars-lazy,6.635,"1,000,000"
strings,match_substring_regex (real regex),1000,0.5339,0.4260,0.0402,pyarrow,0.075,not reached
strings,match_substring_regex (real regex),10000,0.6585,1.2200,0.1412,polars-lazy,0.214,not reached
strings,match_substring_regex (real regex),100000,2.4328,23.0880,0.3487,polars-lazy,0.143,not reached
strings,match_substring_regex (real regex),1000000,17.4160,266.2780,2.0092,polars-lazy,0.115,not reached
strings,match_substring_regex (real regex),10000000,171.4529,2655.0200,14.5665,polars-lazy,0.085,not reached
strings,pad_left (width 20),1000,0.4219,0.5860,0.0191,pyarrow,0.045,"1,000,000"
strings,pad_left (width 20),10000,0.4195,0.5660,0.1411,polars-lazy,0.336,"1,000,000"
strings,pad_left (width 20),100000,0.5164,0.6700,0.3175,polars-lazy,0.615,"1,000,000"
strings,pad_left (width 20),1000000,1.4040,1.1030,1.7349,polars-lazy,1.236,"1,000,000"
strings,pad_left (width 20),10000000,3.2452,1.3250,13.2662,polars-lazy,4.088,"1,000,000"
strings,parse (utf8 -> int64),1000,1.1392,0.4420,0.0042,polars,0.004,not reached
strings,parse (utf8 -> int64),10000,0.9552,0.3910,0.0362,polars,0.038,not reached
strings,parse (utf8 -> int64),100000,0.9758,0.3970,0.1640,pyarrow-threaded,0.168,not reached
strings,parse (utf8 -> int64),1000000,2.8598,0.4490,0.5797,polars-lazy,0.203,not reached
strings,parse (utf8 -> int64),10000000,19.5858,0.7560,3.2318,polars-lazy,0.165,not reached
strings,"replace_substring(""cust"" -> ""cx"")",1000,0.3530,0.4620,0.0187,pyarrow,0.053,"1,000,000"
strings,"replace_substring(""cust"" -> ""cx"")",10000,0.4304,0.5840,0.1314,pyarrow,0.305,"1,000,000"
strings,"replace_substring(""cust"" -> ""cx"")",100000,0.5099,0.6670,0.2808,pyarrow-threaded,0.551,"1,000,000"
strings,"replace_substring(""cust"" -> ""cx"")",1000000,1.3691,1.1270,1.9950,pyarrow-threaded,1.457,"1,000,000"
strings,"replace_substring(""cust"" -> ""cx"")",10000000,3.2284,1.3740,14.8919,pyarrow-threaded,4.613,"1,000,000"
strings,slice_codeunits [5:10],1000,0.4274,0.5840,0.0099,pyarrow,0.023,"10,000,000"
strings,slice_codeunits [5:10],10000,0.3877,0.5430,0.0747,pyarrow,0.193,"10,000,000"
strings,slice_codeunits [5:10],100000,0.7885,0.8170,0.2124,pyarrow-threaded,0.269,"10,000,000"
strings,slice_codeunits [5:10],1000000,1.3769,1.0940,1.0386,pyarrow-threaded,0.754,"10,000,000"
strings,slice_codeunits [5:10],10000000,3.0104,1.3720,7.2165,polars-lazy,2.397,"10,000,000"
strings,"split_pattern(""_"")",1000,0.5515,0.7180,0.0268,pyarrow,0.049,"10,000,000"
strings,"split_pattern(""_"")",10000,0.7254,0.9820,0.1417,polars-lazy,0.195,"10,000,000"
strings,"split_pattern(""_"")",100000,0.8776,1.0960,0.3972,pyarrow-threaded,0.453,"10,000,000"
strings,"split_pattern(""_"")",1000000,3.5957,1.8970,3.0463,pyarrow-threaded,0.847,"10,000,000"
strings,"split_pattern(""_"")",10000000,8.3759,2.6330,20.9063,pyarrow-threaded,2.496,"10,000,000"
strings,"starts_with(""cust_1"")",1000,0.2681,0.3180,0.0047,pyarrow,0.018,"1,000,000"
strings,"starts_with(""cust_1"")",10000,0.1812,0.2250,0.0309,pyarrow,0.171,"1,000,000"
strings,"starts_with(""cust_1"")",100000,0.2688,0.3200,0.1455,pyarrow-threaded,0.541,"1,000,000"
strings,"starts_with(""cust_1"")",1000000,0.3710,0.3740,0.4759,pyarrow-threaded,1.283,"1,000,000"
strings,"starts_with(""cust_1"")",10000000,1.4185,0.4280,2.9105,polars-lazy,2.052,"1,000,000"
strings,to_strings (int64 -> utf8),1000,0.4705,0.6270,0.0092,polars,0.020,not reached
strings,to_strings (int64 -> utf8),10000,0.4687,0.6160,0.0661,pyarrow,0.141,not reached
strings,to_strings (int64 -> utf8),100000,0.9150,0.8180,0.1952,pyarrow-threaded,0.213,not reached
strings,to_strings (int64 -> utf8),1000000,2.1013,1.0680,0.8745,pyarrow-threaded,0.416,not reached
strings,to_strings (int64 -> utf8),10000000,11.2405,1.3590,6.7817,pyarrow-threaded,0.603,not reached
strings,trim (whitespace),1000,0.3817,0.4900,0.0160,pyarrow,0.042,"10,000,000"
strings,trim (whitespace),10000,0.4701,0.6320,0.1215,polars-lazy,0.258,"10,000,000"
strings,trim (whitespace),100000,0.5780,0.7090,0.2645,pyarrow-threaded,0.458,"10,000,000"
strings,trim (whitespace),1000000,2.4783,1.1340,1.5052,polars-lazy,0.607,"10,000,000"
strings,trim (whitespace),10000000,5.6252,1.3990,11.6251,polars-lazy,2.067,"10,000,000"
strings,upper,1000,0.3800,0.4880,0.0177,pyarrow,0.047,"10,000,000"
strings,upper,10000,0.3843,0.5460,0.1402,pyarrow-threaded,0.365,"10,000,000"
strings,upper,100000,0.4479,0.6010,0.2983,pyarrow-threaded,0.666,"10,000,000"
strings,upper,1000000,2.6631,1.1690,2.3707,pyarrow-threaded,0.890,"10,000,000"
strings,upper,10000000,5.4130,1.3550,21.4448,pyarrow-threaded,3.962,"10,000,000"
