family,op,rows,library,wall_ms,cpu_ms,gb_per_s,iterations,status,note
reductions,"sum(int64, 10% nulls)",1000000,arrowmetal,0.2260,0.2760,35.392,3,ok,
reductions,"sum(int64, 10% nulls)",1000000,polars,0.3710,0.3720,21.563,3,ok,
reductions,"sum(int64, 10% nulls)",1000000,pyarrow,1.2147,1.2150,6.586,3,ok,
reductions,"sum(int64, 10% nulls)",1000000,pandas,1.1492,1.1490,6.961,3,ok,
reductions,"mean(int64, 10% nulls)",1000000,arrowmetal,0.2331,0.2980,34.316,3,ok,
reductions,"mean(int64, 10% nulls)",1000000,polars,0.3249,0.3260,24.625,3,ok,
reductions,"mean(int64, 10% nulls)",1000000,pyarrow,1.3893,1.3900,5.758,3,ok,
reductions,"mean(int64, 10% nulls)",1000000,pandas,1.5480,1.5490,5.168,3,ok,
reductions,"min(int64, 10% nulls)",1000000,arrowmetal,0.2668,0.3000,29.986,3,ok,
reductions,"min(int64, 10% nulls)",1000000,polars,0.2952,0.2960,27.096,3,ok,
reductions,"min(int64, 10% nulls)",1000000,pyarrow,1.1688,1.1710,6.845,3,ok,
reductions,"min(int64, 10% nulls)",1000000,pandas,1.0703,1.0710,7.475,3,ok,
reductions,"max(int64, 10% nulls)",1000000,arrowmetal,0.3434,0.3990,23.295,3,ok,
reductions,"max(int64, 10% nulls)",1000000,polars,0.3199,0.3210,25.006,3,ok,
reductions,"max(int64, 10% nulls)",1000000,pyarrow,1.2177,1.2190,6.570,3,ok,
reductions,"max(int64, 10% nulls)",1000000,pandas,1.2875,1.2900,6.214,3,ok,
reductions,min_max(int64),1000000,arrowmetal,1.2431,1.3510,6.436,3,ok,
reductions,min_max(int64),1000000,polars,0.6118,0.6130,13.076,3,ok,no single-pass min_max; two reductions
reductions,min_max(int64),1000000,pyarrow,1.1990,1.2010,6.672,3,ok,
reductions,min_max(int64),1000000,pandas,2.4160,2.4160,3.311,3,ok,no single-pass min_max; two reductions
reductions,"variance(float64, ddof=1)",1000000,arrowmetal,0.9907,0.7690,8.075,3,ok,
reductions,"variance(float64, ddof=1)",1000000,polars,1.1156,1.1160,7.171,3,ok,
reductions,"variance(float64, ddof=1)",1000000,pyarrow,2.8437,2.8440,2.813,3,ok,
reductions,"variance(float64, ddof=1)",1000000,pandas,3.0493,3.0340,2.624,3,ok,
reductions,"stddev(float64, ddof=1)",1000000,arrowmetal,1.0247,0.7850,7.807,3,ok,
reductions,"stddev(float64, ddof=1)",1000000,polars,1.2150,1.2160,6.584,3,ok,
reductions,"stddev(float64, ddof=1)",1000000,pyarrow,2.8324,2.8320,2.824,3,ok,
reductions,"stddev(float64, ddof=1)",1000000,pandas,2.8865,2.8870,2.771,3,ok,
reductions,count_distinct(int64),1000000,arrowmetal,14.2466,9.1610,0.562,3,ok,
reductions,count_distinct(int64),1000000,polars,7.3925,16.0810,1.082,3,ok,
reductions,count_distinct(int64),1000000,pyarrow,4.5054,4.5060,1.776,3,ok,
reductions,count_distinct(int64),1000000,pandas,4.8243,4.8250,1.658,3,ok,
reductions,"quantile(float64, 0.5)",1000000,arrowmetal,15.5482,8.4270,0.515,3,ok,
reductions,"quantile(float64, 0.5)",1000000,polars,6.4876,26.1070,1.233,3,ok,
reductions,"quantile(float64, 0.5)",1000000,pyarrow,9.2882,9.2890,0.861,3,ok,
reductions,"quantile(float64, 0.5)",1000000,pandas,9.0930,9.0950,0.880,3,ok,
reductions,mode(int64),1000000,arrowmetal,29.0456,16.2710,0.275,3,ok,
reductions,mode(int64),1000000,polars,7.3648,52.8130,1.086,3,ok,
reductions,mode(int64),1000000,pyarrow,2.0938,2.0950,3.821,3,ok,
reductions,mode(int64),1000000,pandas,8.2313,8.2440,0.972,3,ok,
reductions,product(int64),1000000,arrowmetal,0.1734,0.2080,46.132,3,ok,
reductions,product(int64),1000000,polars,1.0795,1.0820,7.411,3,ok,
reductions,product(int64),1000000,pyarrow,1.1652,1.1670,6.866,3,ok,
reductions,product(int64),1000000,pandas,1.2241,1.2320,6.535,3,ok,
reductions,"any(bool, 10% nulls)",1000000,arrowmetal,0.1044,0.1440,1.198,3,ok,
reductions,"any(bool, 10% nulls)",1000000,polars,0.0135,0.0150,9.259,3,ok,
reductions,"any(bool, 10% nulls)",1000000,pyarrow,0.0055,0.0060,22.902,3,ok,
reductions,"any(bool, 10% nulls)",1000000,pandas,0.0118,0.0130,10.638,3,ok,
reductions,"all(bool, 10% nulls)",1000000,arrowmetal,0.1252,0.1830,0.998,3,ok,
reductions,"all(bool, 10% nulls)",1000000,polars,0.0128,0.0140,9.740,3,ok,
reductions,"all(bool, 10% nulls)",1000000,pyarrow,0.0054,0.0060,23.256,3,ok,
reductions,"all(bool, 10% nulls)",1000000,pandas,0.0112,0.0110,11.194,3,ok,
reductions,first(int64),1000000,arrowmetal,0.2328,0.2820,34.365,3,ok,
reductions,first(int64),1000000,polars,0.2533,0.2540,31.584,3,ok,no skip-null first(); drop_nulls().first()
reductions,first(int64),1000000,pyarrow,0.0065,0.0070,1223.055,3,ok,
reductions,first(int64),1000000,pandas,0.5310,0.5320,15.065,3,ok,no skip-null first(); iloc[first_valid_index()]
reductions,last(int64),1000000,arrowmetal,11.3851,0.6110,0.703,3,ok,
reductions,last(int64),1000000,polars,0.6933,0.6960,11.539,3,ok,
reductions,last(int64),1000000,pyarrow,0.0143,0.0150,558.114,3,ok,
reductions,last(int64),1000000,pandas,0.9469,0.9470,8.449,3,ok,
reductions,skew(float64),1000000,arrowmetal,2.3435,1.0220,3.414,3,ok,
reductions,skew(float64),1000000,polars,2.2092,2.1900,3.621,3,ok,
reductions,skew(float64),1000000,pyarrow,4.3426,4.3430,1.842,3,ok,
reductions,skew(float64),1000000,pandas,2.4533,2.4540,3.261,3,ok,"numpy-backed Series (arrow-backed pandas has no skew kernel); pandas' skew is bias-corrected, the same amount of work"
reductions,kurtosis(float64),1000000,arrowmetal,1.7167,0.9220,4.660,3,ok,
reductions,kurtosis(float64),1000000,polars,2.4440,2.4500,3.273,3,ok,
reductions,kurtosis(float64),1000000,pyarrow,6.2965,6.2970,1.271,3,ok,
reductions,kurtosis(float64),1000000,pandas,2.1342,2.1440,3.748,3,ok,numpy-backed Series (arrow-backed pandas has no kurtosis kernel)
reductions,"tdigest(float64, q=0.5)",1000000,arrowmetal,66.5362,59.5150,0.120,3,ok,
reductions,"tdigest(float64, q=0.5)",1000000,polars,,,,0,no equivalent,polars has no t-digest sketch
reductions,"tdigest(float64, q=0.5)",1000000,pyarrow,23.1095,23.1180,0.346,3,ok,
reductions,"tdigest(float64, q=0.5)",1000000,pandas,,,,0,no equivalent,pandas has no t-digest sketch
element-wise,add scalar (int64),1000000,arrowmetal,0.5327,0.4530,30.038,3,ok,
element-wise,add scalar (int64),1000000,polars,0.6863,0.6880,23.314,3,ok,
element-wise,add scalar (int64),1000000,pyarrow,0.3205,0.3210,49.916,3,ok,
element-wise,add scalar (int64),1000000,pandas,1.2180,1.2180,13.136,3,ok,
element-wise,multiply scalar (int64),1000000,arrowmetal,0.5507,0.4020,29.053,3,ok,
element-wise,multiply scalar (int64),1000000,polars,0.6305,0.6310,25.377,3,ok,
element-wise,multiply scalar (int64),1000000,pyarrow,0.3343,0.3350,47.856,3,ok,
element-wise,multiply scalar (int64),1000000,pandas,1.4280,1.4280,11.204,3,ok,
element-wise,add array (int64 + int64),1000000,arrowmetal,0.5468,0.4390,43.896,3,ok,
element-wise,add array (int64 + int64),1000000,polars,0.6656,0.6680,36.056,3,ok,
element-wise,add array (int64 + int64),1000000,pyarrow,0.3777,0.3780,63.541,3,ok,
element-wise,add array (int64 + int64),1000000,pandas,4.6581,4.6600,5.152,3,ok,
element-wise,multiply array (int64 * int64),1000000,arrowmetal,0.2056,0.2530,116.741,3,ok,
element-wise,multiply array (int64 * int64),1000000,polars,0.6925,0.6930,34.659,3,ok,
element-wise,multiply array (int64 * int64),1000000,pyarrow,0.3793,0.3800,63.269,3,ok,
element-wise,multiply array (int64 * int64),1000000,pandas,3.3784,3.3790,7.104,3,ok,
element-wise,divide (float64 / float64),1000000,arrowmetal,1.0977,0.4040,21.864,3,ok,
element-wise,divide (float64 / float64),1000000,polars,0.5865,0.5880,40.918,3,ok,
element-wise,divide (float64 / float64),1000000,pyarrow,2.0200,2.0210,11.881,3,ok,
element-wise,divide (float64 / float64),1000000,pandas,5.6230,5.6240,4.268,3,ok,
element-wise,power (float32 ** 2),1000000,arrowmetal,0.2155,0.2550,37.123,3,ok,power() is not implemented for float64; float32 column used
element-wise,power (float32 ** 2),1000000,polars,0.1163,0.1560,68.817,3,ok,
element-wise,power (float32 ** 2),1000000,pyarrow,6.1367,6.1340,1.304,3,ok,
element-wise,power (float32 ** 2),1000000,pandas,0.7807,0.7820,10.248,3,ok,
element-wise,sqrt (float64),1000000,arrowmetal,0.3648,0.3870,43.856,3,ok,
element-wise,sqrt (float64),1000000,polars,0.6108,0.6120,26.196,3,ok,
element-wise,sqrt (float64),1000000,pyarrow,0.2693,0.2720,59.406,3,ok,
element-wise,sqrt (float64),1000000,numpy,0.2556,0.2560,62.592,3,ok,pandas has no Series.sqrt(); numpy is the pandas idiom
element-wise,exp (float32),1000000,arrowmetal,0.2268,0.2620,35.268,3,ok,
element-wise,exp (float32),1000000,polars,1.3226,1.3240,6.049,3,ok,
element-wise,exp (float32),1000000,pyarrow,1.2328,1.2340,6.490,3,ok,
element-wise,exp (float32),1000000,numpy,1.3246,1.3250,6.039,3,ok,
element-wise,ln (float64),1000000,arrowmetal,0.3619,0.3680,44.214,3,ok,
element-wise,ln (float64),1000000,polars,2.4287,2.4670,6.588,3,ok,
element-wise,ln (float64),1000000,pyarrow,2.1475,2.1490,7.451,3,ok,
element-wise,ln (float64),1000000,numpy,2.0242,2.0240,7.904,3,ok,
element-wise,sin (float64),1000000,arrowmetal,3.0983,0.4530,5.164,3,ok,
element-wise,sin (float64),1000000,polars,7.2426,7.2410,2.209,3,ok,
element-wise,sin (float64),1000000,pyarrow,6.8867,6.8830,2.323,3,ok,
element-wise,sin (float64),1000000,numpy,6.6429,6.6390,2.409,3,ok,
element-wise,round (float64),1000000,arrowmetal,0.6550,0.3990,24.426,3,ok,
element-wise,round (float64),1000000,polars,1.1488,1.1490,13.928,3,ok,
element-wise,round (float64),1000000,pyarrow,2.3810,2.3850,6.720,3,ok,
element-wise,round (float64),1000000,pandas,2.4150,2.4160,6.625,3,ok,
element-wise,abs (float64),1000000,arrowmetal,0.1556,0.1990,102.811,3,ok,
element-wise,abs (float64),1000000,polars,0.5010,0.5020,31.936,3,ok,
element-wise,abs (float64),1000000,pyarrow,0.1535,0.1540,104.206,3,ok,
element-wise,abs (float64),1000000,pandas,1.0859,1.0880,14.734,3,ok,
element-wise,negate (int64),1000000,arrowmetal,0.1504,0.1870,106.401,3,ok,
element-wise,negate (int64),1000000,polars,0.4906,0.4920,32.614,3,ok,
element-wise,negate (int64),1000000,pyarrow,0.2866,0.2880,55.822,3,ok,
element-wise,negate (int64),1000000,pandas,1.0818,1.0830,14.790,3,ok,
element-wise,add_checked (int64 + int64),1000000,arrowmetal,0.6483,0.4080,37.020,3,ok,
element-wise,add_checked (int64 + int64),1000000,polars,,,,0,no equivalent,polars addition is unchecked (wraps); no checked kernel
element-wise,add_checked (int64 + int64),1000000,pyarrow,2.2827,2.2780,10.514,3,ok,
element-wise,add_checked (int64 + int64),1000000,pandas,,,,0,no equivalent,pandas/numpy addition is unchecked
element-wise,bit_wise_and (int64),1000000,arrowmetal,0.1672,0.2220,143.570,3,ok,
element-wise,bit_wise_and (int64),1000000,polars,0.6321,0.6330,37.967,3,ok,
element-wise,bit_wise_and (int64),1000000,pyarrow,1.8284,1.8290,13.126,3,ok,
element-wise,bit_wise_and (int64),1000000,numpy,0.2455,0.2460,97.743,3,ok,
element-wise,shift_left (int64 << 2),1000000,arrowmetal,0.1539,0.1990,103.952,3,ok,
element-wise,shift_left (int64 << 2),1000000,polars,,,,0,no equivalent,polars Series has no bit-shift operator
element-wise,shift_left (int64 << 2),1000000,pyarrow,1.1192,1.1200,14.296,3,ok,
element-wise,shift_left (int64 << 2),1000000,numpy,0.1500,0.1500,106.638,3,ok,
element-wise,if_else (bool ? int64 : int64),1000000,arrowmetal,0.3072,0.3980,78.134,3,ok,
element-wise,if_else (bool ? int64 : int64),1000000,polars,0.7718,0.8180,31.096,3,ok,
element-wise,if_else (bool ? int64 : int64),1000000,pyarrow,2.6347,2.6350,9.109,3,ok,
element-wise,if_else (bool ? int64 : int64),1000000,numpy,0.3285,0.3290,73.059,3,ok,numpy has no null representation; the same values without the validity bitmap
element-wise,coalesce (2 int64 columns),1000000,arrowmetal,0.2016,0.2430,119.058,3,ok,
element-wise,coalesce (2 int64 columns),1000000,polars,1.2553,1.3460,19.119,3,ok,
element-wise,coalesce (2 int64 columns),1000000,pyarrow,1.4705,1.4710,16.321,3,ok,
element-wise,coalesce (2 int64 columns),1000000,pandas,3.1064,3.1090,7.726,3,ok,
element-wise,fill_null (int64),1000000,arrowmetal,0.1775,0.2280,90.120,3,ok,
element-wise,fill_null (int64),1000000,polars,0.6356,0.6770,25.172,3,ok,
element-wise,fill_null (int64),1000000,pyarrow,0.8876,0.8890,18.026,3,ok,
element-wise,fill_null (int64),1000000,pandas,0.9018,0.9050,17.742,3,ok,
element-wise,fill_null_forward (int64),1000000,arrowmetal,1.0949,1.1430,14.613,3,ok,
element-wise,fill_null_forward (int64),1000000,polars,3.4107,3.4120,4.691,3,ok,
element-wise,fill_null_forward (int64),1000000,pyarrow,1.3355,1.3370,11.981,3,ok,
element-wise,fill_null_forward (int64),1000000,pandas,1.3371,1.3380,11.966,3,ok,
element-wise,is_nan (float64),1000000,arrowmetal,0.1719,0.2070,52.351,3,ok,
element-wise,is_nan (float64),1000000,polars,0.1041,0.1060,86.469,3,ok,
element-wise,is_nan (float64),1000000,pyarrow,0.2193,0.2210,41.049,3,ok,
element-wise,is_nan (float64),1000000,numpy,0.0860,0.0870,104.701,3,ok,
element-wise,"is_in (int64, 100-value set)",1000000,arrowmetal,1.6524,1.7560,5.447,3,ok,
element-wise,"is_in (int64, 100-value set)",1000000,polars,6.1633,6.2010,1.460,3,ok,
element-wise,"is_in (int64, 100-value set)",1000000,pyarrow,8.7035,8.6990,1.034,3,ok,
element-wise,"is_in (int64, 100-value set)",1000000,pandas,9.1429,9.1380,0.984,3,ok,
element-wise,"index_in (int64, 100-value set)",1000000,arrowmetal,2.0280,2.2740,5.917,3,ok,
element-wise,"index_in (int64, 100-value set)",1000000,polars,,,,0,no equivalent,no index_in; polars has is_in only
element-wise,"index_in (int64, 100-value set)",1000000,pyarrow,7.4107,7.4120,1.619,3,ok,
element-wise,"index_in (int64, 100-value set)",1000000,numpy,3.6314,3.6360,3.304,3,ok,searchsorted is the closest vectorised equivalent (no membership check)
element-wise,case_when (2 conditions),1000000,arrowmetal,0.9155,0.9990,43.694,3,ok,
element-wise,case_when (2 conditions),1000000,polars,1.5630,1.6080,25.592,3,ok,
element-wise,case_when (2 conditions),1000000,pyarrow,11.0962,11.1060,3.605,3,ok,
element-wise,case_when (2 conditions),1000000,numpy,4.3825,4.3840,9.127,3,ok,
element-wise,hash64 (int64),1000000,arrowmetal,0.3476,0.3620,46.027,3,ok,
element-wise,hash64 (int64),1000000,polars,1.2378,1.2430,12.926,3,ok,
element-wise,hash64 (int64),1000000,pyarrow,,,,0,no equivalent,pyarrow.compute has no element-wise hash function
element-wise,hash64 (int64),1000000,pandas,1.8467,1.8470,8.664,3,ok,pd.util.hash_array over the no-null column
compare+select,compare scalar (int64 > 0),1000000,arrowmetal,0.1593,0.2010,56.485,3,ok,
compare+select,compare scalar (int64 > 0),1000000,polars,0.0921,0.0940,97.693,3,ok,
compare+select,compare scalar (int64 > 0),1000000,pyarrow,0.1350,0.1350,66.667,3,ok,
compare+select,compare scalar (int64 > 0),1000000,pandas,0.1582,0.1590,56.902,3,ok,
compare+select,compare array (int64 > int64),1000000,arrowmetal,0.5287,0.4240,32.154,3,ok,
compare+select,compare array (int64 > int64),1000000,polars,0.1499,0.1500,113.397,3,ok,
compare+select,compare array (int64 > int64),1000000,pyarrow,0.1889,0.1890,90.007,3,ok,
compare+select,compare array (int64 > int64),1000000,pandas,1.7985,1.7990,9.452,3,ok,
compare+select,filter int64 (30% kept),1000000,arrowmetal,0.3023,0.3900,34.409,3,ok,
compare+select,filter int64 (30% kept),1000000,polars,0.2860,0.2870,36.364,3,ok,
compare+select,filter int64 (30% kept),1000000,pyarrow,2.5579,2.5590,4.066,3,ok,
compare+select,filter int64 (30% kept),1000000,pandas,3.5719,3.5640,2.912,3,ok,
compare+select,filter int64 (90% kept),1000000,arrowmetal,0.3950,0.4850,38.477,3,ok,
compare+select,filter int64 (90% kept),1000000,polars,0.3274,0.3290,46.430,3,ok,
compare+select,filter int64 (90% kept),1000000,pyarrow,2.1684,2.1620,7.010,3,ok,
compare+select,filter int64 (90% kept),1000000,pandas,2.9197,2.9210,5.206,3,ok,
compare+select,take (n/2 random indices),1000000,arrowmetal,0.3775,0.4680,26.493,3,ok,
compare+select,take (n/2 random indices),1000000,polars,1.2598,1.2640,7.938,3,ok,
compare+select,take (n/2 random indices),1000000,pyarrow,1.2033,1.2040,8.311,3,ok,
compare+select,take (n/2 random indices),1000000,pandas,1.4807,1.4810,6.754,3,ok,
compare+select,"drop_null (int64, 10% nulls)",1000000,arrowmetal,0.6880,0.5520,22.092,3,ok,
compare+select,"drop_null (int64, 10% nulls)",1000000,polars,0.2621,0.2630,57.988,3,ok,
compare+select,"drop_null (int64, 10% nulls)",1000000,pyarrow,2.1897,2.1930,6.941,3,ok,
compare+select,"drop_null (int64, 10% nulls)",1000000,pandas,3.6980,3.6990,4.110,3,ok,
compare+select,slice (zero-copy view),1000000,arrowmetal,1.6475,1.6480,0.000,3,ok,
compare+select,slice (zero-copy view),1000000,polars,0.0005,0.0020,0.000,3,ok,
compare+select,slice (zero-copy view),1000000,pyarrow,0.0005,0.0020,0.000,3,ok,
compare+select,slice (zero-copy view),1000000,pandas,0.0125,0.0120,0.000,3,ok,
compare+select,replace_with_mask (30% replaced),1000000,arrowmetal,1.1314,1.1390,15.026,3,ok,
compare+select,replace_with_mask (30% replaced),1000000,polars,0.5410,0.5420,31.426,3,ok,no replace_with_mask; zip_with against a full zero column
compare+select,replace_with_mask (30% replaced),1000000,pyarrow,2.3240,2.3240,7.315,3,ok,
compare+select,replace_with_mask (30% replaced),1000000,pandas,0.5349,0.5350,31.783,3,ok,Series.mask with a scalar (no positional replacement list)
compare+select,indices_nonzero (bool),1000000,arrowmetal,0.4006,0.4860,22.467,3,ok,
compare+select,indices_nonzero (bool),1000000,polars,2.6969,2.6980,3.337,3,ok,
compare+select,indices_nonzero (bool),1000000,pyarrow,2.4706,2.4700,3.643,3,ok,
compare+select,indices_nonzero (bool),1000000,numpy,0.3585,0.3590,25.102,3,ok,
sort,argsort int64,1000000,arrowmetal,3.8340,0.4100,3.130,3,ok,
sort,argsort int64,1000000,polars,8.7864,64.5530,1.366,3,ok,
sort,argsort int64,1000000,pyarrow,72.5405,72.4930,0.165,3,ok,
sort,argsort int64,1000000,numpy,61.9723,61.8560,0.194,3,ok,pandas argsort delegates to numpy
sort,argsort float64,1000000,arrowmetal,3.8681,0.4430,3.102,3,ok,
sort,argsort float64,1000000,polars,15.3255,96.4550,0.783,3,ok,
sort,argsort float64,1000000,pyarrow,85.6164,85.5430,0.140,3,ok,
sort,argsort float64,1000000,numpy,77.3725,77.2960,0.155,3,ok,
sort,argsort utf8,1000000,arrowmetal,,,,0,error,"ArrowMetalError: Unsupported Arrow type: operation needs a primitive array, got utf8"
sort,argsort utf8,1000000,polars,32.2412,264.1660,0.547,3,ok,
sort,argsort utf8,1000000,pyarrow,137.9456,137.8250,0.128,3,ok,
sort,argsort utf8,1000000,pandas,140.7516,140.6380,0.125,3,ok,
sort,sort float64,1000000,arrowmetal,4.5514,0.8370,3.515,3,ok,
sort,sort float64,1000000,polars,3.8980,27.9270,4.105,3,ok,
sort,sort float64,1000000,pyarrow,89.0203,88.9610,0.180,3,ok,
sort,sort float64,1000000,numpy,30.8927,30.8310,0.518,3,ok,
sort,"top_k (k=100, int64)",1000000,arrowmetal,3.6888,1.7470,2.169,3,ok,
sort,"top_k (k=100, int64)",1000000,polars,1.5774,1.6250,5.072,3,ok,
sort,"top_k (k=100, int64)",1000000,pyarrow,0.6018,0.6030,13.295,3,ok,
sort,"top_k (k=100, int64)",1000000,numpy,6.7497,6.7580,1.185,3,ok,
sort,"top_k (k=10000, int64)",1000000,arrowmetal,5.9259,0.4860,1.350,3,ok,
sort,"top_k (k=10000, int64)",1000000,polars,1.5913,1.6360,5.027,3,ok,
sort,"top_k (k=10000, int64)",1000000,pyarrow,5.8954,5.8590,1.357,3,ok,
sort,"top_k (k=10000, int64)",1000000,numpy,6.6361,6.6280,1.206,3,ok,
sort,rank (min),1000000,arrowmetal,5.6500,1.1720,2.832,3,ok,
sort,rank (min),1000000,polars,13.6298,72.1770,1.174,3,ok,
sort,rank (min),1000000,pyarrow,75.5979,75.5570,0.212,3,ok,
sort,rank (min),1000000,pandas,115.9478,115.8870,0.138,3,ok,
sort,dense_rank,1000000,arrowmetal,5.9382,1.2160,2.694,3,ok,
sort,dense_rank,1000000,polars,14.2069,70.4300,1.126,3,ok,
sort,dense_rank,1000000,pyarrow,74.6909,74.6470,0.214,3,ok,
sort,dense_rank,1000000,pandas,117.6002,117.5650,0.136,3,ok,
sort,lexsort (2 int32 keys),1000000,arrowmetal,4.5040,1.2500,3.552,3,ok,
sort,lexsort (2 int32 keys),1000000,polars,13.1713,82.4680,1.215,3,ok,
sort,lexsort (2 int32 keys),1000000,pyarrow,89.5831,88.1330,0.179,3,ok,
sort,lexsort (2 int32 keys),1000000,numpy,228.2132,228.1300,0.070,3,ok,
sort,partition_nth_indices (n/2),1000000,arrowmetal,3.8115,0.4060,3.148,3,ok,
sort,partition_nth_indices (n/2),1000000,polars,,,,0,no equivalent,polars has no partial-partition function
sort,partition_nth_indices (n/2),1000000,pyarrow,5.5118,5.5080,2.177,3,ok,
sort,partition_nth_indices (n/2),1000000,numpy,6.9677,6.9690,1.722,3,ok,
sort,"unique (int32, 1000 distinct)",1000000,arrowmetal,3.3035,1.5610,1.211,3,ok,
sort,"unique (int32, 1000 distinct)",1000000,polars,2.4580,11.4720,1.627,3,ok,
sort,"unique (int32, 1000 distinct)",1000000,pyarrow,5.2830,5.2800,0.757,3,ok,
sort,"unique (int32, 1000 distinct)",1000000,pandas,1.4845,1.4850,2.695,3,ok,
sort,"value_counts (int32, 1000 distinct)",1000000,arrowmetal,3.1513,1.8270,1.269,3,ok,
sort,"value_counts (int32, 1000 distinct)",1000000,polars,3.2678,3.2700,1.224,3,ok,
sort,"value_counts (int32, 1000 distinct)",1000000,pyarrow,7.4537,7.4520,0.537,3,ok,
sort,"value_counts (int32, 1000 distinct)",1000000,pandas,1.4846,1.4770,2.694,3,ok,
sort,dictionary_encode (int32),1000000,arrowmetal,,,,0,error,ArrowMetalError: Unsupported Arrow type: expected a utf8 array
sort,dictionary_encode (int32),1000000,polars,,,,0,no equivalent,polars has no eager dictionary_encode for an integer Series
sort,dictionary_encode (int32),1000000,pyarrow,8.1052,8.0830,0.987,3,ok,
sort,dictionary_encode (int32),1000000,pandas,2.0780,2.0820,3.850,3,ok,
sort,dictionary_encode (utf8),1000000,arrowmetal,10.4120,6.2230,1.693,3,ok,
sort,dictionary_encode (utf8),1000000,polars,12.6467,12.6430,1.394,3,ok,
sort,dictionary_encode (utf8),1000000,pyarrow,14.6576,14.6600,1.202,3,ok,
sort,dictionary_encode (utf8),1000000,pandas,15.4473,15.4490,1.141,3,ok,
group-by,sum by int32 key (1000 groups),1000000,arrowmetal,1.6685,1.6290,7.192,3,ok,
group-by,sum by int32 key (1000 groups),1000000,polars,3.9442,24.8120,3.042,3,ok,
group-by,sum by int32 key (1000 groups),1000000,pyarrow,4.4676,4.4920,2.686,3,ok,
group-by,sum by int32 key (1000 groups),1000000,pandas,5.7185,5.7120,2.098,3,ok,
group-by,mean by int32 key (1000 groups),1000000,arrowmetal,2.1765,2.0190,5.513,3,ok,
group-by,mean by int32 key (1000 groups),1000000,polars,4.1737,27.7590,2.875,3,ok,
group-by,mean by int32 key (1000 groups),1000000,pyarrow,4.3825,4.3970,2.738,3,ok,
group-by,mean by int32 key (1000 groups),1000000,pandas,5.7462,5.7180,2.088,3,ok,
group-by,min by int32 key (1000 groups),1000000,arrowmetal,4.6512,2.1610,2.580,3,ok,
group-by,min by int32 key (1000 groups),1000000,polars,3.5467,24.2380,3.383,3,ok,
group-by,min by int32 key (1000 groups),1000000,pyarrow,5.0428,5.0650,2.380,3,ok,
group-by,min by int32 key (1000 groups),1000000,pandas,6.4290,6.4250,1.867,3,ok,
group-by,max by int32 key (1000 groups),1000000,arrowmetal,5.9708,2.3240,2.010,3,ok,
group-by,max by int32 key (1000 groups),1000000,polars,3.5276,22.9480,3.402,3,ok,
group-by,max by int32 key (1000 groups),1000000,pyarrow,5.0638,5.0900,2.370,3,ok,
group-by,max by int32 key (1000 groups),1000000,pandas,6.2772,6.2740,1.912,3,ok,
group-by,count by int32 key (1000 groups),1000000,arrowmetal,1.6637,1.7330,7.213,3,ok,
group-by,count by int32 key (1000 groups),1000000,polars,3.4558,22.2300,3.472,3,ok,
group-by,count by int32 key (1000 groups),1000000,pyarrow,4.3102,4.3300,2.784,3,ok,
group-by,count by int32 key (1000 groups),1000000,pandas,3.2655,3.2690,3.675,3,ok,
group-by,sum by utf8 key (1000 distinct),1000000,arrowmetal,9.8718,4.9510,2.026,3,ok,
group-by,sum by utf8 key (1000 distinct),1000000,polars,5.8451,35.7250,3.422,3,ok,
group-by,sum by utf8 key (1000 distinct),1000000,pyarrow,8.6520,8.6730,2.312,3,ok,
group-by,sum by utf8 key (1000 distinct),1000000,pandas,11.2899,11.2910,1.771,3,ok,
group-by,sum by two int32 keys (~1024 groups),1000000,arrowmetal,3.4098,3.7240,4.692,3,ok,
group-by,sum by two int32 keys (~1024 groups),1000000,polars,6.2441,37.3890,2.562,3,ok,
group-by,sum by two int32 keys (~1024 groups),1000000,pyarrow,5.5870,5.6050,2.864,3,ok,
group-by,sum by two int32 keys (~1024 groups),1000000,pandas,10.1210,10.1140,1.581,3,ok,
group-by,sum by int32 key (100000 groups),1000000,arrowmetal,1.7133,1.7370,7.004,3,ok,
group-by,sum by int32 key (100000 groups),1000000,polars,6.0132,36.8430,1.996,3,ok,
group-by,sum by int32 key (100000 groups),1000000,pyarrow,8.2418,8.3090,1.456,3,ok,
group-by,sum by int32 key (100000 groups),1000000,pandas,8.7772,8.7840,1.367,3,ok,
group-by,mean by int32 key (100000 groups),1000000,arrowmetal,10.1682,9.6810,1.180,3,ok,
group-by,mean by int32 key (100000 groups),1000000,polars,5.9809,39.5820,2.006,3,ok,
group-by,mean by int32 key (100000 groups),1000000,pyarrow,8.4958,8.5400,1.412,3,ok,
group-by,mean by int32 key (100000 groups),1000000,pandas,9.6447,9.6430,1.244,3,ok,
group-by,min by int32 key (100000 groups),1000000,arrowmetal,24.7101,20.6780,0.486,3,ok,
group-by,min by int32 key (100000 groups),1000000,polars,6.4541,38.9900,1.859,3,ok,
group-by,min by int32 key (100000 groups),1000000,pyarrow,9.3778,9.4480,1.280,3,ok,
group-by,min by int32 key (100000 groups),1000000,pandas,10.2814,10.2820,1.167,3,ok,
group-by,max by int32 key (100000 groups),1000000,arrowmetal,22.8456,18.7560,0.525,3,ok,
group-by,max by int32 key (100000 groups),1000000,polars,5.6221,34.3510,2.134,3,ok,
group-by,max by int32 key (100000 groups),1000000,pyarrow,8.8385,8.9050,1.358,3,ok,
group-by,max by int32 key (100000 groups),1000000,pandas,10.4362,10.4300,1.150,3,ok,
group-by,count by int32 key (100000 groups),1000000,arrowmetal,1.4725,1.7360,8.149,3,ok,
group-by,count by int32 key (100000 groups),1000000,polars,14.6024,31.6330,0.822,3,ok,
group-by,count by int32 key (100000 groups),1000000,pyarrow,8.1134,8.1820,1.479,3,ok,
group-by,count by int32 key (100000 groups),1000000,pandas,4.6729,4.6750,2.568,3,ok,
group-by,sum by utf8 key (100000 distinct),1000000,arrowmetal,12.1812,5.5300,1.642,3,ok,
group-by,sum by utf8 key (100000 distinct),1000000,polars,9.6824,56.5510,2.066,3,ok,
group-by,sum by utf8 key (100000 distinct),1000000,pyarrow,17.3960,17.4850,1.150,3,ok,
group-by,sum by utf8 key (100000 distinct),1000000,pandas,20.6110,20.5960,0.970,3,ok,
group-by,sum by two int32 keys (~100489 groups),1000000,arrowmetal,4.7309,4.6840,3.382,3,ok,
group-by,sum by two int32 keys (~100489 groups),1000000,polars,8.5131,62.7620,1.879,3,ok,
group-by,sum by two int32 keys (~100489 groups),1000000,pyarrow,10.4793,10.5540,1.527,3,ok,
group-by,sum by two int32 keys (~100489 groups),1000000,pandas,14.6544,14.6330,1.092,3,ok,
group-by,variance by key (100000 groups),1000000,arrowmetal,65.7473,64.7770,0.183,3,ok,
group-by,variance by key (100000 groups),1000000,polars,6.8996,46.6230,1.739,3,ok,
group-by,variance by key (100000 groups),1000000,pyarrow,24.2585,24.3280,0.495,3,ok,
group-by,variance by key (100000 groups),1000000,pandas,11.0034,10.9940,1.091,3,ok,
group-by,count_distinct by key (100000 groups),1000000,arrowmetal,25.5665,15.7560,0.469,3,ok,
group-by,count_distinct by key (100000 groups),1000000,polars,8.1629,56.3040,1.470,3,ok,
group-by,count_distinct by key (100000 groups),1000000,pyarrow,42.3113,42.3720,0.284,3,ok,
group-by,count_distinct by key (100000 groups),1000000,pandas,50.2084,50.1840,0.239,3,ok,
group-by,first by key (100000 groups),1000000,arrowmetal,10.8440,10.6710,1.107,3,ok,
group-by,first by key (100000 groups),1000000,polars,9.3446,35.3560,1.284,3,ok,
group-by,first by key (100000 groups),1000000,pyarrow,9.8880,9.8910,1.214,3,ok,
group-by,first by key (100000 groups),1000000,pandas,7.8827,7.8850,1.522,3,ok,
group-by,list by key (100000 groups),1000000,arrowmetal,10.7821,3.6280,1.855,3,ok,
group-by,list by key (100000 groups),1000000,polars,19.9171,34.4100,1.004,3,ok,
group-by,list by key (100000 groups),1000000,pyarrow,12.5641,12.6660,1.592,3,ok,
group-by,list by key (100000 groups),1000000,pandas,1050.3161,1049.1250,0.019,2,ok,pandas has no vectorised list aggregation; apply(list) is its idiom
temporal,year,1000000,arrowmetal,2.7021,0.3740,4.441,3,ok,
temporal,year,1000000,polars,8.5441,8.5420,1.404,3,ok,
temporal,year,1000000,pyarrow,4.0813,4.0820,2.940,3,ok,
temporal,year,1000000,pandas,23.2826,23.2700,0.515,3,ok,
temporal,month,1000000,arrowmetal,2.7258,0.4190,4.402,3,ok,
temporal,month,1000000,polars,8.6845,8.6800,1.382,3,ok,
temporal,month,1000000,pyarrow,3.8153,3.8170,3.145,3,ok,
temporal,month,1000000,pandas,23.5729,23.5710,0.509,3,ok,
temporal,day,1000000,arrowmetal,2.6575,0.4260,4.515,3,ok,
temporal,day,1000000,polars,9.1731,9.1670,1.308,3,ok,
temporal,day,1000000,pyarrow,4.4395,4.4490,2.703,3,ok,
temporal,day,1000000,pandas,23.5953,23.5780,0.509,3,ok,
temporal,floor_temporal (day),1000000,arrowmetal,0.9110,0.4050,17.564,3,ok,
temporal,floor_temporal (day),1000000,polars,0.9117,0.9540,17.549,3,ok,
temporal,floor_temporal (day),1000000,pyarrow,1.7948,1.7950,8.915,3,ok,
temporal,floor_temporal (day),1000000,pandas,1.1145,1.1150,14.356,3,ok,
temporal,add_duration (+1h),1000000,arrowmetal,0.1976,0.2420,80.961,3,ok,
temporal,add_duration (+1h),1000000,polars,0.6067,0.6490,26.372,3,ok,
temporal,add_duration (+1h),1000000,pyarrow,0.2843,0.2860,56.280,3,ok,
temporal,add_duration (+1h),1000000,pandas,3.8412,3.8420,4.165,3,ok,
temporal,days_between,1000000,arrowmetal,2.2650,1.4350,10.596,3,ok,
temporal,days_between,1000000,polars,1.5136,1.5130,15.856,3,ok,no days_between; duration difference in whole days
temporal,days_between,1000000,pyarrow,1.0838,1.0850,22.145,3,ok,
temporal,days_between,1000000,pandas,10.1852,10.1820,2.356,3,ok,same
temporal,week,1000000,arrowmetal,1.1103,0.4200,10.808,3,ok,
temporal,week,1000000,polars,11.9030,11.8910,1.008,3,ok,
temporal,week,1000000,pyarrow,13.0850,13.0680,0.917,3,ok,
temporal,week,1000000,pandas,29.9435,29.9410,0.401,3,ok,
temporal,strftime (%Y-%m-%d),1000000,arrowmetal,451.3785,448.4530,0.044,3,ok,
temporal,strftime (%Y-%m-%d),1000000,polars,102.6019,102.4330,0.195,3,ok,
temporal,strftime (%Y-%m-%d),1000000,pyarrow,235.3066,234.9780,0.085,3,ok,
temporal,strftime (%Y-%m-%d),1000000,pandas,104.2224,104.0800,0.192,3,ok,
temporal,assume_timezone (America/New_York),1000000,arrowmetal,810.2415,8684.2130,0.020,2,ok,
temporal,assume_timezone (America/New_York),1000000,polars,56.4439,56.5200,0.283,3,ok,
temporal,assume_timezone (America/New_York),1000000,pyarrow,22.5556,22.5270,0.709,3,ok,
temporal,assume_timezone (America/New_York),1000000,pandas,71.2239,71.1540,0.225,3,ok,
window,cumulative_sum (float64),1000000,arrowmetal,1.6767,0.3900,9.543,3,ok,
window,cumulative_sum (float64),1000000,polars,2.9877,2.9830,5.355,3,ok,
window,cumulative_sum (float64),1000000,pyarrow,1.9530,1.9580,8.192,3,ok,
window,cumulative_sum (float64),1000000,pandas,2.4373,2.4320,6.565,3,ok,
window,cumulative_prod (float64),1000000,arrowmetal,1.1705,0.4280,13.669,3,ok,
window,cumulative_prod (float64),1000000,polars,2.8294,2.8350,5.655,3,ok,
window,cumulative_prod (float64),1000000,pyarrow,1.9820,1.9720,8.073,3,ok,
window,cumulative_prod (float64),1000000,pandas,2.5458,2.5480,6.285,3,ok,
window,"shift (lag 1, int64)",1000000,arrowmetal,0.4766,0.5720,33.572,3,ok,
window,"shift (lag 1, int64)",1000000,polars,0.0358,0.0720,447.040,3,ok,
window,"shift (lag 1, int64)",1000000,pyarrow,,,,0,no equivalent,pyarrow.compute has no shift/lag kernel
window,"shift (lag 1, int64)",1000000,pandas,0.0282,0.0290,567.215,3,ok,
window,pairwise_diff (float64),1000000,arrowmetal,0.4979,0.5090,32.137,3,ok,
window,pairwise_diff (float64),1000000,polars,0.5057,0.5440,31.639,3,ok,
window,pairwise_diff (float64),1000000,pyarrow,2.0858,2.0860,7.671,3,ok,
window,pairwise_diff (float64),1000000,pandas,0.5577,0.5600,28.689,3,ok,
window,rolling_sum (window 64),1000000,arrowmetal,2.7537,1.5190,5.810,3,ok,
window,rolling_sum (window 64),1000000,polars,9.2587,9.2400,1.728,3,ok,
window,rolling_sum (window 64),1000000,pyarrow,,,,0,no equivalent,pyarrow.compute has no rolling-window kernels
window,rolling_sum (window 64),1000000,pandas,5.0089,5.0100,3.194,3,ok,
window,rolling_mean (window 64),1000000,arrowmetal,1.8039,1.4620,8.870,3,ok,
window,rolling_mean (window 64),1000000,polars,9.2936,9.2770,1.722,3,ok,
window,rolling_mean (window 64),1000000,pyarrow,,,,0,no equivalent,
window,rolling_mean (window 64),1000000,pandas,4.5770,4.5780,3.496,3,ok,
decimal,decimal add (128-bit),1000000,arrowmetal,0.2645,0.3320,181.503,3,ok,
decimal,decimal add (128-bit),1000000,polars,5.9157,5.9090,8.114,3,ok,
decimal,decimal add (128-bit),1000000,pyarrow,1.6022,1.5950,29.959,3,ok,
decimal,decimal add (128-bit),1000000,pandas,1.5980,1.6000,30.037,3,ok,
decimal,decimal multiply (by scalar),1000000,arrowmetal,0.4780,0.4620,66.946,3,ok,
decimal,decimal multiply (by scalar),1000000,polars,10.0290,10.0270,3.191,3,ok,
decimal,decimal multiply (by scalar),1000000,pyarrow,1.6106,1.6130,19.868,3,ok,
decimal,decimal multiply (by scalar),1000000,pandas,1.7373,1.7390,18.420,3,ok,
decimal,decimal compare (> scalar),1000000,arrowmetal,0.2250,0.2730,75.556,3,ok,
decimal,decimal compare (> scalar),1000000,polars,0.3138,0.3140,54.169,3,ok,
decimal,decimal compare (> scalar),1000000,pyarrow,1.1128,1.1130,15.276,3,ok,
decimal,decimal compare (> scalar),1000000,pandas,0.9139,0.9160,18.601,3,ok,
decimal,decimal sum,1000000,arrowmetal,0.2356,0.2760,67.905,3,ok,
decimal,decimal sum,1000000,polars,1.9318,1.9340,8.282,3,ok,
decimal,decimal sum,1000000,pyarrow,2.0700,2.0700,7.729,3,ok,
decimal,decimal sum,1000000,pandas,2.0653,2.0660,7.747,3,ok,
decimal,decimal round (2 places),1000000,arrowmetal,3.7150,0.4180,8.614,3,ok,
decimal,decimal round (2 places),1000000,polars,8.8695,8.8710,3.608,3,ok,
decimal,decimal round (2 places),1000000,pyarrow,23.8340,23.8220,1.343,3,ok,
decimal,decimal round (2 places),1000000,pandas,23.2993,23.2790,1.373,3,ok,
nested,list_value_length,1000000,arrowmetal,0.2178,0.2660,146.902,3,ok,
nested,list_value_length,1000000,polars,0.4060,0.4070,78.818,3,ok,
nested,list_value_length,1000000,pyarrow,0.0769,0.0770,416.260,3,ok,
nested,list_value_length,1000000,pandas,0.0990,0.1000,323.366,3,ok,
nested,list_flatten,1000000,arrowmetal,0.0010,0.0010,66736.161,3,ok,
nested,list_flatten,1000000,polars,2.2266,2.2290,28.744,3,ok,
nested,list_flatten,1000000,pyarrow,0.0025,0.0020,26037.425,3,ok,
nested,list_flatten,1000000,pandas,1.6613,1.6630,38.523,3,ok,
nested,list_element (index 1),1000000,arrowmetal,0.8870,1.0100,36.078,3,ok,
nested,list_element (index 1),1000000,polars,3.1038,3.1590,10.310,3,ok,
nested,list_element (index 1),1000000,pyarrow,7.2988,7.3010,4.384,3,ok,
nested,list_element (index 1),1000000,pandas,7.7104,7.7050,4.150,3,ok,
nested,struct_field,1000000,arrowmetal,0.0011,0.0020,14222.206,3,ok,
nested,struct_field,1000000,polars,0.0176,0.0190,907.802,3,ok,
nested,struct_field,1000000,pyarrow,0.0037,0.0040,4266.667,3,ok,
nested,struct_field,1000000,pandas,0.0181,0.0190,884.809,3,ok,
chains,filter two columns + sum,1000000,arrowmetal,1.2889,1.2830,9.310,3,ok,
chains,filter two columns + sum,1000000,polars,0.5502,3.1230,21.810,3,ok,
chains,filter two columns + sum,1000000,pyarrow,1.3237,1.3250,9.065,3,ok,
chains,filter two columns + sum,1000000,numpy,2.2663,2.2670,5.295,3,ok,
chains,filter two columns + sum [batched],1000000,arrowmetal,0.4340,0.4530,27.650,3,ok,same chain inside `with am.batch()`; compare with the unbatched row
chains,filter two columns + sum [batched],1000000,polars,,,,0,no equivalent,batching is an ArrowMetal-only concept
chains,filter two columns + sum [batched],1000000,pyarrow,,,,0,no equivalent,batching is an ArrowMetal-only concept
chains,filter two columns + sum [batched],1000000,pandas,,,,0,no equivalent,batching is an ArrowMetal-only concept
chains,group-by after filter,1000000,arrowmetal,6.6466,2.5980,3.009,3,ok,
chains,group-by after filter,1000000,polars,1.4425,8.3870,13.865,3,ok,
chains,group-by after filter,1000000,pyarrow,2.4474,2.4770,8.172,3,ok,
chains,group-by after filter,1000000,pandas,1.8986,1.8990,10.534,3,ok,
chains,group-by after filter [batched],1000000,arrowmetal,4.2980,1.8440,4.653,3,ok,same chain inside `with am.batch()`
chains,group-by after filter [batched],1000000,polars,,,,0,no equivalent,
chains,group-by after filter [batched],1000000,pyarrow,,,,0,no equivalent,
chains,group-by after filter [batched],1000000,pandas,,,,0,no equivalent,
chains,compare + filter + take,1000000,arrowmetal,0.3631,0.4910,55.084,3,ok,
chains,compare + filter + take,1000000,polars,0.4831,0.4850,41.397,3,ok,
chains,compare + filter + take,1000000,pyarrow,2.3520,2.3540,8.504,3,ok,
chains,compare + filter + take,1000000,numpy,3.9075,3.9090,5.118,3,ok,
chains,compare + filter + take [batched],1000000,arrowmetal,0.1645,0.2090,121.611,3,ok,same chain inside `with am.batch()`
chains,compare + filter + take [batched],1000000,polars,,,,0,no equivalent,
chains,compare + filter + take [batched],1000000,pyarrow,,,,0,no equivalent,
chains,compare + filter + take [batched],1000000,pandas,,,,0,no equivalent,
join,inner hash join (1000000 x 20000 on int64),1000000,arrowmetal,5.8077,3.2520,2.810,3,ok,no join kernel: composed from index_in + is_valid + filter + take (requires unique build-side keys)
join,inner hash join (1000000 x 20000 on int64),1000000,polars,2.6670,20.6400,6.119,3,ok,
join,inner hash join (1000000 x 20000 on int64),1000000,pyarrow,1.9279,15.0140,8.465,3,ok,
join,inner hash join (1000000 x 20000 on int64),1000000,pandas,10.7126,10.7210,1.523,3,ok,
strings,char_length,1000000,arrowmetal,0.2321,0.2790,75.929,3,ok,
strings,char_length,1000000,polars,5.2757,5.2780,3.341,3,ok,
strings,char_length,1000000,pyarrow,5.4051,5.4060,3.261,3,ok,
strings,char_length,1000000,pandas,5.4909,5.4920,3.210,3,ok,
strings,upper,1000000,arrowmetal,1.7700,1.1770,19.915,3,ok,
strings,upper,1000000,polars,33.2864,33.2680,1.059,3,ok,
strings,upper,1000000,pyarrow,18.2922,18.2880,1.927,3,ok,
strings,upper,1000000,pandas,18.0782,18.0640,1.950,3,ok,
strings,lower,1000000,arrowmetal,1.2890,1.1410,27.346,3,ok,
strings,lower,1000000,polars,39.6804,39.6590,0.888,3,ok,
strings,lower,1000000,pyarrow,18.0514,18.0530,1.953,3,ok,
strings,lower,1000000,pandas,18.3867,18.1660,1.917,3,ok,
strings,"contains(""north"")",1000000,arrowmetal,0.6038,0.3600,29.189,3,ok,
strings,"contains(""north"")",1000000,polars,14.9809,15.0410,1.177,3,ok,
strings,"contains(""north"")",1000000,pyarrow,12.8845,12.8870,1.368,3,ok,
strings,"contains(""north"")",1000000,pandas,12.2703,12.2630,1.436,3,ok,
strings,"starts_with(""cust_1"")",1000000,arrowmetal,0.3679,0.3640,47.905,3,ok,
strings,"starts_with(""cust_1"")",1000000,polars,3.6465,3.6950,4.833,3,ok,
strings,"starts_with(""cust_1"")",1000000,pyarrow,3.1370,3.1390,5.619,3,ok,
strings,"starts_with(""cust_1"")",1000000,pandas,3.5978,3.5990,4.899,3,ok,
strings,"match_like(""cust%"") [pure prefix]",1000000,arrowmetal,0.2868,0.3280,61.456,3,ok,"a pure prefix pattern, which Regex.likePredicate maps onto the GPU starts_with kernel"
strings,"match_like(""cust%"") [pure prefix]",1000000,polars,2.4103,2.4570,7.312,3,ok,no SQL LIKE; the equivalent prefix predicate
strings,"match_like(""cust%"") [pure prefix]",1000000,pyarrow,1.9002,1.9010,9.276,3,ok,
strings,"match_like(""cust%"") [pure prefix]",1000000,pandas,19.5117,19.5090,0.903,3,ok,
strings,"match_like(""cust_1%"") [_ wildcard]",1000000,arrowmetal,125.4172,1341.0220,0.141,3,ok,"`_` is LIKE's single-character wildcard, so this is not a pure prefix and takes the ICU host path"
strings,"match_like(""cust_1%"") [_ wildcard]",1000000,polars,10.8539,10.8880,1.624,3,ok,no SQL LIKE; the equivalent anchored regex
strings,"match_like(""cust_1%"") [_ wildcard]",1000000,pyarrow,20.2512,20.2470,0.870,3,ok,
strings,"match_like(""cust_1%"") [_ wildcard]",1000000,pandas,22.1876,22.1660,0.794,3,ok,
strings,match_substring_regex (literal),1000000,arrowmetal,0.5363,0.3700,32.865,3,ok,
strings,match_substring_regex (literal),1000000,polars,15.0167,15.1050,1.174,3,ok,
strings,match_substring_regex (literal),1000000,pyarrow,27.3930,27.3880,0.643,3,ok,
strings,match_substring_regex (literal),1000000,pandas,27.0042,26.9930,0.653,3,ok,
strings,match_substring_regex (real regex),1000000,arrowmetal,123.3594,1419.7560,0.143,3,ok,
strings,match_substring_regex (real regex),1000000,polars,19.4333,19.5180,0.907,3,ok,
strings,match_substring_regex (real regex),1000000,pyarrow,37.2394,37.2570,0.473,3,ok,
strings,match_substring_regex (real regex),1000000,pandas,36.2987,36.2710,0.486,3,ok,
strings,"replace_substring(""cust"" -> ""cx"")",1000000,arrowmetal,1.3528,1.0930,26.057,3,ok,
strings,"replace_substring(""cust"" -> ""cx"")",1000000,polars,31.9124,31.9440,1.105,3,ok,
strings,"replace_substring(""cust"" -> ""cx"")",1000000,pyarrow,15.0844,15.0800,2.337,3,ok,
strings,"replace_substring(""cust"" -> ""cx"")",1000000,pandas,14.9185,14.9050,2.363,3,ok,
strings,"split_pattern(""_"")",1000000,arrowmetal,536.5476,3407.2800,0.066,3,ok,
strings,"split_pattern(""_"")",1000000,polars,28.6247,28.6480,1.231,3,ok,
strings,"split_pattern(""_"")",1000000,pyarrow,23.7868,23.7640,1.482,3,ok,
strings,"split_pattern(""_"")",1000000,pandas,24.0539,24.0240,1.465,3,ok,
strings,trim (whitespace),1000000,arrowmetal,3.1245,6.2720,13.842,3,ok,
strings,trim (whitespace),1000000,polars,15.2943,15.3420,2.828,3,ok,
strings,trim (whitespace),1000000,pyarrow,14.6161,14.6080,2.959,3,ok,
strings,trim (whitespace),1000000,pandas,14.5883,14.5690,2.965,3,ok,
strings,pad_left (width 20),1000000,arrowmetal,1.8412,1.2060,28.718,3,ok,
strings,pad_left (width 20),1000000,polars,17.6848,17.7240,2.990,3,ok,
strings,pad_left (width 20),1000000,pyarrow,20.1070,20.0910,2.630,3,ok,
strings,pad_left (width 20),1000000,pandas,19.4603,19.4410,2.717,3,ok,
strings,slice_codeunits [5:10],1000000,arrowmetal,1.5798,1.1110,11.156,3,ok,
strings,slice_codeunits [5:10],1000000,polars,8.9674,9.0350,1.965,3,ok,
strings,slice_codeunits [5:10],1000000,pyarrow,7.6197,7.6300,2.313,3,ok,
strings,slice_codeunits [5:10],1000000,pandas,7.2354,7.2280,2.436,3,ok,
strings,concat (a + '-' + b),1000000,arrowmetal,1.3452,1.3010,39.307,3,ok,
strings,concat (a + '-' + b),1000000,polars,32.0099,31.9870,1.652,3,ok,
strings,concat (a + '-' + b),1000000,pyarrow,21.2957,21.2740,2.483,3,ok,
strings,concat (a + '-' + b),1000000,pandas,39.0206,38.9740,1.355,3,ok,
strings,is_alpha,1000000,arrowmetal,0.7699,0.4820,22.892,3,ok,
strings,is_alpha,1000000,polars,8.8903,8.9340,1.982,3,ok,no is_alpha predicate; the equivalent anchored regex
strings,is_alpha,1000000,pyarrow,4.7182,4.7290,3.736,3,ok,
strings,is_alpha,1000000,pandas,4.7269,4.7290,3.729,3,ok,
strings,to_strings (int64 -> utf8),1000000,arrowmetal,5.3154,1.2220,3.010,3,ok,
strings,to_strings (int64 -> utf8),1000000,polars,9.5613,9.5540,1.673,3,ok,
strings,to_strings (int64 -> utf8),1000000,pyarrow,6.4263,6.4390,2.490,3,ok,
strings,to_strings (int64 -> utf8),1000000,pandas,100.5728,100.5330,0.159,3,ok,
strings,parse (utf8 -> int64),1000000,arrowmetal,2.8987,0.4990,6.900,3,ok,
strings,parse (utf8 -> int64),1000000,polars,4.3150,4.3160,4.635,3,ok,
strings,parse (utf8 -> int64),1000000,pyarrow,5.4205,5.4330,3.690,3,ok,
strings,parse (utf8 -> int64),1000000,pandas,47.9716,47.8870,0.417,3,ok,
strings,"is_in (utf8, 100-value set)",1000000,arrowmetal,1.9057,1.9200,9.249,3,ok,
strings,"is_in (utf8, 100-value set)",1000000,polars,10.5888,10.9790,1.664,3,ok,
strings,"is_in (utf8, 100-value set)",1000000,pyarrow,11.2352,11.2370,1.569,3,ok,
strings,"is_in (utf8, 100-value set)",1000000,pandas,11.6359,11.6330,1.515,3,ok,
latency,sum(int64),1000,arrowmetal,0.1458,0.1890,0.055,3,ok,
latency,sum(int64),1000,polars,0.0003,0.0010,27.492,3,ok,
latency,sum(int64),1000,pyarrow,0.0022,0.0040,3.692,3,ok,
latency,sum(int64),1000,pandas,0.0040,0.0050,2.000,3,ok,
latency,sum(int64) [batched],1000,arrowmetal,0.1607,0.2450,0.050,3,ok,one-call batch; shows the fixed cost of the batch itself
latency,sum(int64) [batched],1000,polars,,,,0,no equivalent,
latency,sum(int64) [batched],1000,pyarrow,,,,0,no equivalent,
latency,sum(int64) [batched],1000,pandas,,,,0,no equivalent,
latency,filter(int64 > 0),1000,arrowmetal,0.1635,0.2020,0.049,3,ok,
latency,filter(int64 > 0),1000,polars,0.0031,0.0040,2.595,3,ok,
latency,filter(int64 > 0),1000,pyarrow,0.0093,0.0100,0.857,3,ok,
latency,filter(int64 > 0),1000,pandas,0.0446,0.0470,0.179,3,ok,
latency,filter(int64 > 0) [batched],1000,arrowmetal,0.1809,0.2230,0.044,3,ok,
latency,filter(int64 > 0) [batched],1000,polars,,,,0,no equivalent,
latency,filter(int64 > 0) [batched],1000,pyarrow,,,,0,no equivalent,
latency,filter(int64 > 0) [batched],1000,pandas,,,,0,no equivalent,
latency,group-by sum (1000 keys),1000,arrowmetal,0.7110,0.9320,0.017,3,ok,
latency,group-by sum (1000 keys),1000,polars,0.6995,4.9480,0.017,3,ok,
latency,group-by sum (1000 keys),1000,pyarrow,0.0767,0.0870,0.157,3,ok,
latency,group-by sum (1000 keys),1000,pandas,0.1008,0.1010,0.119,3,ok,
latency,group-by sum (1000 keys) [batched],1000,arrowmetal,0.5805,0.7860,0.021,3,ok,
latency,group-by sum (1000 keys) [batched],1000,polars,,,,0,no equivalent,
latency,group-by sum (1000 keys) [batched],1000,pyarrow,,,,0,no equivalent,
latency,group-by sum (1000 keys) [batched],1000,pandas,,,,0,no equivalent,
latency,sum(int64),100000,arrowmetal,0.1385,0.1840,5.778,3,ok,
latency,sum(int64),100000,polars,0.0078,0.0100,103.226,3,ok,
latency,sum(int64),100000,pyarrow,0.0103,0.0120,77.738,3,ok,
latency,sum(int64),100000,pandas,0.0115,0.0130,69.565,3,ok,
latency,sum(int64) [batched],100000,arrowmetal,0.1493,0.1890,5.357,3,ok,one-call batch; shows the fixed cost of the batch itself
latency,sum(int64) [batched],100000,polars,,,,0,no equivalent,
latency,sum(int64) [batched],100000,pyarrow,,,,0,no equivalent,
latency,sum(int64) [batched],100000,pandas,,,,0,no equivalent,
latency,filter(int64 > 0),100000,arrowmetal,0.1850,0.2310,4.325,3,ok,
latency,filter(int64 > 0),100000,polars,0.0313,0.0320,25.566,3,ok,
latency,filter(int64 > 0),100000,pyarrow,0.2047,0.2050,3.909,3,ok,
latency,filter(int64 > 0),100000,pandas,0.4533,0.4550,1.765,3,ok,
latency,filter(int64 > 0) [batched],100000,arrowmetal,0.1740,0.2290,4.598,3,ok,
latency,filter(int64 > 0) [batched],100000,polars,,,,0,no equivalent,
latency,filter(int64 > 0) [batched],100000,pyarrow,,,,0,no equivalent,
latency,filter(int64 > 0) [batched],100000,pandas,,,,0,no equivalent,
latency,group-by sum (1000 keys),100000,arrowmetal,0.8398,1.0970,1.429,3,ok,
latency,group-by sum (1000 keys),100000,polars,0.5832,3.8430,2.058,3,ok,
latency,group-by sum (1000 keys),100000,pyarrow,0.4852,0.4980,2.473,3,ok,
latency,group-by sum (1000 keys),100000,pandas,0.4825,0.4840,2.487,3,ok,
latency,group-by sum (1000 keys) [batched],100000,arrowmetal,0.6845,0.8990,1.753,3,ok,
latency,group-by sum (1000 keys) [batched],100000,polars,,,,0,no equivalent,
latency,group-by sum (1000 keys) [batched],100000,pyarrow,,,,0,no equivalent,
latency,group-by sum (1000 keys) [batched],100000,pandas,,,,0,no equivalent,
