# Fused expression group-by kernel against GroupBy's per-aggregate kernels, through the plan executor; 50,000,000 rows, Int32 keys, Int64 values (Float32 for sum_f32); Apple M4 Max, AC power, warm (best of 5); Polars 2.0.0's faster engine for the same case; 2026-10-07
keys,groups,agg,fused_ms,per_agg_ms,polars_ms
1,200,sum,6.64,6.59,11.27
1,200,mean,14.18,14.23,11.72
1,200,count,5.53,5.56,10.37
1,200,min,7.15,7.11,12.21
1,200,sum+min+max,9.27,9.09,16.57
1,200,sum(f32),6.83,15.48,11.22
1,200,sum(expr),6.77,8.45,13.00
1,1000,sum,6.84,6.61,11.62
1,1000,mean,14.33,14.31,12.14
1,1000,count,5.71,5.83,10.82
1,1000,min,7.41,7.56,13.02
1,1000,sum+min+max,9.40,9.39,17.18
1,1000,sum(f32),6.78,22.58,11.57
1,1000,sum(expr),7.02,8.90,13.70
1,10000,sum,10.28,10.24,19.23
1,10000,mean,20.18,20.11,21.70
1,10000,count,7.48,7.48,17.03
1,10000,min,12.20,12.22,19.85
1,10000,sum+min+max,16.64,16.68,26.58
1,10000,sum(f32),12.07,29.49,18.22
1,10000,sum(expr),10.27,12.27,21.73
1,100000,sum,11.22,11.09,41.47
1,100000,mean,21.10,21.19,44.52
1,100000,count,8.36,8.37,34.72
1,100000,min,13.22,13.21,42.52
1,100000,sum+min+max,17.82,17.68,63.10
1,100000,sum(f32),11.22,31.22,36.92
1,100000,sum(expr),11.45,13.26,48.30
1,1000000,sum,17.92,16.09,49.39
1,1000000,mean,28.23,28.23,52.67
1,1000000,count,10.24,9.71,39.28
1,1000000,min,15.04,15.06,51.76
1,1000000,sum+min+max,23.21,23.19,76.35
1,1000000,sum(f32),14.51,48.23,41.52
1,1000000,sum(expr),18.41,18.30,53.02
2,200,sum,8.36,8.07,16.88
2,200,mean,15.94,15.91,17.31
2,200,count,7.23,7.24,16.45
2,200,min,8.95,8.88,17.45
2,200,sum+min+max,10.76,10.73,21.97
2,200,sum(f32),8.61,16.81,16.70
2,200,sum(expr),8.33,10.08,18.94
