# Float64 max at 10M rows and 10,000 groups, Python array API, one process per build and round, builds rotating, 200 (sequence) or 100 (grid) timed calls per row after a 100 ms warm-up.
# sequence: in one process, per case in this order: count on a grouping built once (count_first), max on that grouping over a fresh column object per call (max_on_prebuilt), count again (count_after_max), then count, max, am.group_by + max and am.group_by alone with a heater (a 50M-row Int64 group sum, the same code in every build) before every timed call.
# grid: am.group_by(keys).max(values) at 5M/10M/20M rows x 3,000/10,000/30,000 groups, one int32 key, no nulls, in a warm loop and heated.
test,round,build,case,what,best_ms,p25_ms,median_ms,p75_ms
grid,1,c4e2f6f,5000000/3000/1k/nonull,group_by+max loop,1.575,2.222,3.196,3.282
grid,1,c4e2f6f,5000000/3000/1k/nonull,group_by+max heated,1.587,1.839,2.122,2.519
grid,1,c4e2f6f,5000000/10000/1k/nonull,group_by+max loop,1.583,1.850,1.987,2.211
grid,1,c4e2f6f,5000000/10000/1k/nonull,group_by+max heated,1.409,1.482,1.539,1.701
grid,1,c4e2f6f,5000000/30000/1k/nonull,group_by+max loop,1.446,1.621,1.753,2.306
grid,1,c4e2f6f,5000000/30000/1k/nonull,group_by+max heated,1.407,1.496,1.604,2.114
grid,1,c4e2f6f,10000000/3000/1k/nonull,group_by+max loop,2.510,2.829,3.074,3.579
grid,1,c4e2f6f,10000000/3000/1k/nonull,group_by+max heated,2.013,2.751,3.108,3.597
grid,1,c4e2f6f,10000000/10000/1k/nonull,group_by+max loop,1.854,1.959,2.008,2.093
grid,1,c4e2f6f,10000000/10000/1k/nonull,group_by+max heated,2.201,2.481,2.894,3.376
grid,1,c4e2f6f,10000000/30000/1k/nonull,group_by+max loop,2.166,2.289,2.375,2.507
grid,1,c4e2f6f,10000000/30000/1k/nonull,group_by+max heated,2.253,3.568,4.455,4.805
grid,1,c4e2f6f,20000000/3000/1k/nonull,group_by+max loop,3.345,3.555,3.590,3.663
grid,1,c4e2f6f,20000000/3000/1k/nonull,group_by+max heated,3.480,3.579,3.619,3.673
grid,1,c4e2f6f,20000000/10000/1k/nonull,group_by+max loop,3.413,3.517,3.581,3.622
grid,1,c4e2f6f,20000000/10000/1k/nonull,group_by+max heated,3.541,3.627,3.710,3.891
grid,1,c4e2f6f,20000000/30000/1k/nonull,group_by+max loop,3.515,3.632,3.673,3.735
grid,1,c4e2f6f,20000000/30000/1k/nonull,group_by+max heated,3.611,3.729,3.955,4.150
grid,1,8a09fc9,5000000/3000/1k/nonull,group_by+max loop,1.182,1.581,2.561,2.652
grid,1,8a09fc9,5000000/3000/1k/nonull,group_by+max heated,1.250,1.389,1.525,1.616
grid,1,8a09fc9,5000000/10000/1k/nonull,group_by+max loop,2.012,2.846,2.944,3.079
grid,1,8a09fc9,5000000/10000/1k/nonull,group_by+max heated,1.370,1.613,1.755,2.029
grid,1,8a09fc9,5000000/30000/1k/nonull,group_by+max loop,3.103,3.397,3.542,3.728
grid,1,8a09fc9,5000000/30000/1k/nonull,group_by+max heated,1.431,1.579,1.661,1.824
grid,1,8a09fc9,10000000/3000/1k/nonull,group_by+max loop,2.350,3.588,4.135,4.676
grid,1,8a09fc9,10000000/3000/1k/nonull,group_by+max heated,1.699,1.879,2.218,2.793
grid,1,8a09fc9,10000000/10000/1k/nonull,group_by+max loop,1.718,1.915,2.070,2.362
grid,1,8a09fc9,10000000/10000/1k/nonull,group_by+max heated,2.804,3.278,3.930,4.506
grid,1,8a09fc9,10000000/30000/1k/nonull,group_by+max loop,2.209,2.440,3.390,4.068
grid,1,8a09fc9,10000000/30000/1k/nonull,group_by+max heated,1.860,1.978,2.048,2.165
grid,1,8a09fc9,20000000/3000/1k/nonull,group_by+max loop,2.770,3.158,3.286,3.417
grid,1,8a09fc9,20000000/3000/1k/nonull,group_by+max heated,2.707,2.763,2.894,3.480
grid,1,8a09fc9,20000000/10000/1k/nonull,group_by+max loop,2.712,2.782,2.846,2.887
grid,1,8a09fc9,20000000/10000/1k/nonull,group_by+max heated,2.682,2.808,2.857,2.912
grid,1,8a09fc9,20000000/30000/1k/nonull,group_by+max loop,2.788,2.889,2.917,2.970
grid,1,8a09fc9,20000000/30000/1k/nonull,group_by+max heated,2.901,2.962,3.006,3.065
grid,2,8a09fc9,5000000/3000/1k/nonull,group_by+max loop,1.214,1.763,2.582,2.644
grid,2,8a09fc9,5000000/3000/1k/nonull,group_by+max heated,1.135,1.228,1.268,1.340
grid,2,8a09fc9,5000000/10000/1k/nonull,group_by+max loop,1.110,1.205,1.291,1.481
grid,2,8a09fc9,5000000/10000/1k/nonull,group_by+max heated,1.547,1.895,2.022,2.341
grid,2,8a09fc9,5000000/30000/1k/nonull,group_by+max loop,2.036,2.435,3.320,3.457
grid,2,8a09fc9,5000000/30000/1k/nonull,group_by+max heated,1.247,1.346,1.473,1.969
grid,2,8a09fc9,10000000/3000/1k/nonull,group_by+max loop,2.602,2.729,2.943,3.411
grid,2,8a09fc9,10000000/3000/1k/nonull,group_by+max heated,2.151,2.321,2.401,2.528
grid,2,8a09fc9,10000000/10000/1k/nonull,group_by+max loop,2.721,3.358,4.104,4.585
grid,2,8a09fc9,10000000/10000/1k/nonull,group_by+max heated,1.957,2.114,2.215,2.355
grid,2,8a09fc9,10000000/30000/1k/nonull,group_by+max loop,2.839,3.715,4.398,4.847
grid,2,8a09fc9,10000000/30000/1k/nonull,group_by+max heated,1.794,1.873,1.974,2.358
grid,2,8a09fc9,20000000/3000/1k/nonull,group_by+max loop,2.744,2.854,3.053,3.821
grid,2,8a09fc9,20000000/3000/1k/nonull,group_by+max heated,2.913,2.986,3.066,3.131
grid,2,8a09fc9,20000000/10000/1k/nonull,group_by+max loop,2.856,2.924,2.999,3.094
grid,2,8a09fc9,20000000/10000/1k/nonull,group_by+max heated,3.143,3.430,3.840,4.173
grid,2,8a09fc9,20000000/30000/1k/nonull,group_by+max loop,2.942,3.879,4.260,4.633
grid,2,8a09fc9,20000000/30000/1k/nonull,group_by+max heated,2.981,3.072,3.138,3.451
grid,2,c4e2f6f,5000000/3000/1k/nonull,group_by+max loop,1.371,2.168,3.204,3.306
grid,2,c4e2f6f,5000000/3000/1k/nonull,group_by+max heated,1.561,1.762,1.840,1.905
grid,2,c4e2f6f,5000000/10000/1k/nonull,group_by+max loop,2.352,3.722,3.887,4.170
grid,2,c4e2f6f,5000000/10000/1k/nonull,group_by+max heated,1.274,1.617,2.047,4.080
grid,2,c4e2f6f,5000000/30000/1k/nonull,group_by+max loop,1.271,1.323,1.362,1.453
grid,2,c4e2f6f,5000000/30000/1k/nonull,group_by+max heated,1.446,1.549,1.608,1.686
grid,2,c4e2f6f,10000000/3000/1k/nonull,group_by+max loop,2.464,2.727,3.045,3.201
grid,2,c4e2f6f,10000000/3000/1k/nonull,group_by+max heated,1.874,1.939,1.993,2.081
grid,2,c4e2f6f,10000000/10000/1k/nonull,group_by+max loop,1.908,2.010,2.066,2.140
grid,2,c4e2f6f,10000000/10000/1k/nonull,group_by+max heated,2.282,2.477,2.542,2.648
grid,2,c4e2f6f,10000000/30000/1k/nonull,group_by+max loop,2.886,3.802,4.326,5.136
grid,2,c4e2f6f,10000000/30000/1k/nonull,group_by+max heated,2.203,2.341,2.574,3.164
grid,2,c4e2f6f,20000000/3000/1k/nonull,group_by+max loop,3.339,3.474,3.523,3.573
grid,2,c4e2f6f,20000000/3000/1k/nonull,group_by+max heated,3.394,3.512,3.560,3.633
grid,2,c4e2f6f,20000000/10000/1k/nonull,group_by+max loop,3.380,3.496,3.568,3.645
grid,2,c4e2f6f,20000000/10000/1k/nonull,group_by+max heated,3.663,3.840,3.979,4.121
grid,2,c4e2f6f,20000000/30000/1k/nonull,group_by+max loop,3.477,3.708,3.917,4.143
grid,2,c4e2f6f,20000000/30000/1k/nonull,group_by+max heated,3.470,3.593,3.717,4.063
grid,3,c4e2f6f,5000000/3000/1k/nonull,group_by+max loop,1.366,2.040,3.168,3.298
grid,3,c4e2f6f,5000000/3000/1k/nonull,group_by+max heated,1.677,2.040,2.804,3.413
grid,3,c4e2f6f,5000000/10000/1k/nonull,group_by+max loop,2.362,3.046,3.399,3.472
grid,3,c4e2f6f,5000000/10000/1k/nonull,group_by+max heated,1.461,1.593,1.685,1.971
grid,3,c4e2f6f,5000000/30000/1k/nonull,group_by+max loop,1.752,2.210,3.050,3.864
grid,3,c4e2f6f,5000000/30000/1k/nonull,group_by+max heated,1.857,2.089,2.312,2.706
grid,3,c4e2f6f,10000000/3000/1k/nonull,group_by+max loop,2.161,2.549,2.652,3.078
grid,3,c4e2f6f,10000000/3000/1k/nonull,group_by+max heated,2.164,2.341,2.420,2.585
grid,3,c4e2f6f,10000000/10000/1k/nonull,group_by+max loop,3.066,4.099,4.331,4.706
grid,3,c4e2f6f,10000000/10000/1k/nonull,group_by+max heated,2.655,3.329,3.969,4.382
grid,3,c4e2f6f,10000000/30000/1k/nonull,group_by+max loop,2.915,3.619,4.057,4.207
grid,3,c4e2f6f,10000000/30000/1k/nonull,group_by+max heated,2.792,3.279,3.477,3.732
grid,3,c4e2f6f,20000000/3000/1k/nonull,group_by+max loop,3.356,3.427,3.488,3.592
grid,3,c4e2f6f,20000000/3000/1k/nonull,group_by+max heated,3.448,3.584,3.660,3.870
grid,3,c4e2f6f,20000000/10000/1k/nonull,group_by+max loop,3.534,3.645,3.711,3.854
grid,3,c4e2f6f,20000000/10000/1k/nonull,group_by+max heated,3.475,3.561,3.627,3.701
grid,3,c4e2f6f,20000000/30000/1k/nonull,group_by+max loop,3.415,3.512,3.539,3.595
grid,3,c4e2f6f,20000000/30000/1k/nonull,group_by+max heated,3.353,3.381,3.413,3.535
grid,3,8a09fc9,5000000/3000/1k/nonull,group_by+max loop,1.285,2.429,2.459,2.548
grid,3,8a09fc9,5000000/3000/1k/nonull,group_by+max heated,1.220,1.295,1.363,1.425
grid,3,8a09fc9,5000000/10000/1k/nonull,group_by+max loop,1.700,2.592,2.642,2.715
grid,3,8a09fc9,5000000/10000/1k/nonull,group_by+max heated,1.021,1.088,1.136,1.224
grid,3,8a09fc9,5000000/30000/1k/nonull,group_by+max loop,1.057,1.122,1.154,1.188
grid,3,8a09fc9,5000000/30000/1k/nonull,group_by+max heated,1.176,1.236,1.275,1.318
grid,3,8a09fc9,10000000/3000/1k/nonull,group_by+max loop,1.957,2.409,2.809,3.855
grid,3,8a09fc9,10000000/3000/1k/nonull,group_by+max heated,1.908,2.103,2.275,2.410
grid,3,8a09fc9,10000000/10000/1k/nonull,group_by+max loop,2.681,3.091,3.821,4.303
grid,3,8a09fc9,10000000/10000/1k/nonull,group_by+max heated,2.784,3.388,3.912,4.442
grid,3,8a09fc9,10000000/30000/1k/nonull,group_by+max loop,2.654,2.761,2.827,2.963
grid,3,8a09fc9,10000000/30000/1k/nonull,group_by+max heated,2.040,2.329,2.534,3.053
grid,3,8a09fc9,20000000/3000/1k/nonull,group_by+max loop,2.776,3.172,3.239,3.355
grid,3,8a09fc9,20000000/3000/1k/nonull,group_by+max heated,3.236,3.502,3.715,3.976
grid,3,8a09fc9,20000000/10000/1k/nonull,group_by+max loop,2.837,3.465,3.623,3.762
grid,3,8a09fc9,20000000/10000/1k/nonull,group_by+max heated,3.282,4.087,4.383,4.617
grid,3,8a09fc9,20000000/30000/1k/nonull,group_by+max loop,2.888,2.964,3.007,3.071
grid,3,8a09fc9,20000000/30000/1k/nonull,group_by+max heated,2.996,3.190,3.364,3.521
grid,4,8a09fc9,5000000/3000/1k/nonull,group_by+max loop,1.246,1.792,2.573,2.635
grid,4,8a09fc9,5000000/3000/1k/nonull,group_by+max heated,1.283,1.463,1.690,2.283
grid,4,8a09fc9,5000000/10000/1k/nonull,group_by+max loop,2.917,3.131,3.253,3.384
grid,4,8a09fc9,5000000/10000/1k/nonull,group_by+max heated,1.247,1.329,1.376,1.456
grid,4,8a09fc9,5000000/30000/1k/nonull,group_by+max loop,1.337,1.495,1.857,2.521
grid,4,8a09fc9,5000000/30000/1k/nonull,group_by+max heated,1.600,2.029,2.688,3.745
grid,4,8a09fc9,10000000/3000/1k/nonull,group_by+max loop,2.092,2.564,2.762,2.998
grid,4,8a09fc9,10000000/3000/1k/nonull,group_by+max heated,1.739,1.867,1.929,2.014
grid,4,8a09fc9,10000000/10000/1k/nonull,group_by+max loop,1.847,2.058,2.318,2.881
grid,4,8a09fc9,10000000/10000/1k/nonull,group_by+max heated,1.860,1.958,2.025,2.181
grid,4,8a09fc9,10000000/30000/1k/nonull,group_by+max loop,2.175,2.477,3.077,3.449
grid,4,8a09fc9,10000000/30000/1k/nonull,group_by+max heated,2.209,2.333,2.467,2.693
grid,4,8a09fc9,20000000/3000/1k/nonull,group_by+max loop,2.779,3.388,3.496,3.662
grid,4,8a09fc9,20000000/3000/1k/nonull,group_by+max heated,2.858,2.966,3.020,3.127
grid,4,8a09fc9,20000000/10000/1k/nonull,group_by+max loop,3.113,3.180,3.256,3.338
grid,4,8a09fc9,20000000/10000/1k/nonull,group_by+max heated,3.056,3.167,3.251,3.382
grid,4,8a09fc9,20000000/30000/1k/nonull,group_by+max loop,2.937,3.768,3.926,4.138
grid,4,8a09fc9,20000000/30000/1k/nonull,group_by+max heated,3.542,3.871,4.123,4.706
grid,4,c4e2f6f,5000000/3000/1k/nonull,group_by+max loop,1.341,2.345,3.273,3.397
grid,4,c4e2f6f,5000000/3000/1k/nonull,group_by+max heated,1.501,1.674,1.923,2.119
grid,4,c4e2f6f,5000000/10000/1k/nonull,group_by+max loop,2.050,2.926,3.569,3.724
grid,4,c4e2f6f,5000000/10000/1k/nonull,group_by+max heated,1.632,1.782,1.841,1.948
grid,4,c4e2f6f,5000000/30000/1k/nonull,group_by+max loop,2.123,2.511,3.766,4.510
grid,4,c4e2f6f,5000000/30000/1k/nonull,group_by+max heated,1.931,2.564,3.072,4.064
grid,4,c4e2f6f,10000000/3000/1k/nonull,group_by+max loop,2.303,2.645,2.939,3.472
grid,4,c4e2f6f,10000000/3000/1k/nonull,group_by+max heated,2.409,2.860,3.116,3.371
grid,4,c4e2f6f,10000000/10000/1k/nonull,group_by+max loop,3.535,4.389,4.759,5.172
grid,4,c4e2f6f,10000000/10000/1k/nonull,group_by+max heated,2.175,2.327,2.484,2.639
grid,4,c4e2f6f,10000000/30000/1k/nonull,group_by+max loop,2.564,3.508,4.091,4.209
grid,4,c4e2f6f,10000000/30000/1k/nonull,group_by+max heated,2.280,2.588,2.727,3.491
grid,4,c4e2f6f,20000000/3000/1k/nonull,group_by+max loop,3.341,3.460,3.527,3.607
grid,4,c4e2f6f,20000000/3000/1k/nonull,group_by+max heated,3.335,3.433,3.568,3.697
grid,4,c4e2f6f,20000000/10000/1k/nonull,group_by+max loop,3.344,3.401,3.430,3.474
grid,4,c4e2f6f,20000000/10000/1k/nonull,group_by+max heated,3.373,3.413,3.452,3.508
grid,4,c4e2f6f,20000000/30000/1k/nonull,group_by+max loop,3.459,3.543,3.582,3.649
grid,4,c4e2f6f,20000000/30000/1k/nonull,group_by+max heated,3.552,3.667,3.758,3.946
grid,5,c4e2f6f,5000000/3000/1k/nonull,group_by+max loop,1.359,1.840,2.989,3.280
grid,5,c4e2f6f,5000000/3000/1k/nonull,group_by+max heated,1.566,1.860,2.018,2.181
grid,5,c4e2f6f,5000000/10000/1k/nonull,group_by+max loop,2.135,3.174,3.465,3.642
grid,5,c4e2f6f,5000000/10000/1k/nonull,group_by+max heated,1.630,2.535,3.057,3.552
grid,5,c4e2f6f,5000000/30000/1k/nonull,group_by+max loop,2.982,3.834,4.044,4.323
grid,5,c4e2f6f,5000000/30000/1k/nonull,group_by+max heated,2.160,2.662,2.805,3.112
grid,5,c4e2f6f,10000000/3000/1k/nonull,group_by+max loop,2.415,2.709,3.099,3.907
grid,5,c4e2f6f,10000000/3000/1k/nonull,group_by+max heated,2.073,2.171,2.238,2.445
grid,5,c4e2f6f,10000000/10000/1k/nonull,group_by+max loop,2.012,2.156,2.266,2.546
grid,5,c4e2f6f,10000000/10000/1k/nonull,group_by+max heated,1.956,2.099,2.175,2.549
grid,5,c4e2f6f,10000000/30000/1k/nonull,group_by+max loop,2.076,2.165,2.209,2.329
grid,5,c4e2f6f,10000000/30000/1k/nonull,group_by+max heated,2.199,2.459,3.034,3.429
grid,5,c4e2f6f,20000000/3000/1k/nonull,group_by+max loop,3.388,3.526,3.590,3.963
grid,5,c4e2f6f,20000000/3000/1k/nonull,group_by+max heated,3.329,3.455,3.492,3.550
grid,5,c4e2f6f,20000000/10000/1k/nonull,group_by+max loop,3.434,3.519,3.570,3.640
grid,5,c4e2f6f,20000000/10000/1k/nonull,group_by+max heated,3.598,3.767,3.962,4.159
grid,5,c4e2f6f,20000000/30000/1k/nonull,group_by+max loop,3.538,3.646,3.701,3.757
grid,5,c4e2f6f,20000000/30000/1k/nonull,group_by+max heated,3.450,3.551,3.586,3.642
grid,5,8a09fc9,5000000/3000/1k/nonull,group_by+max loop,1.452,2.577,2.630,2.695
grid,5,8a09fc9,5000000/3000/1k/nonull,group_by+max heated,1.227,1.422,1.539,1.662
grid,5,8a09fc9,5000000/10000/1k/nonull,group_by+max loop,1.749,2.670,2.750,2.814
grid,5,8a09fc9,5000000/10000/1k/nonull,group_by+max heated,1.127,1.215,1.243,1.527
grid,5,8a09fc9,5000000/30000/1k/nonull,group_by+max loop,1.281,1.430,1.699,2.122
grid,5,8a09fc9,5000000/30000/1k/nonull,group_by+max heated,1.442,1.628,1.852,2.171
grid,5,8a09fc9,10000000/3000/1k/nonull,group_by+max loop,2.292,2.593,2.706,2.960
grid,5,8a09fc9,10000000/3000/1k/nonull,group_by+max heated,1.793,1.983,2.045,2.249
grid,5,8a09fc9,10000000/10000/1k/nonull,group_by+max loop,1.937,2.165,2.451,3.029
grid,5,8a09fc9,10000000/10000/1k/nonull,group_by+max heated,1.989,2.209,2.336,2.488
grid,5,8a09fc9,10000000/30000/1k/nonull,group_by+max loop,2.804,3.385,3.790,4.714
grid,5,8a09fc9,10000000/30000/1k/nonull,group_by+max heated,1.864,1.940,1.993,2.210
grid,5,8a09fc9,20000000/3000/1k/nonull,group_by+max loop,2.821,3.084,3.148,3.332
grid,5,8a09fc9,20000000/3000/1k/nonull,group_by+max heated,2.824,2.918,2.989,3.105
grid,5,8a09fc9,20000000/10000/1k/nonull,group_by+max loop,2.742,2.847,2.881,2.914
grid,5,8a09fc9,20000000/10000/1k/nonull,group_by+max heated,2.887,2.967,3.041,3.104
grid,5,8a09fc9,20000000/30000/1k/nonull,group_by+max loop,2.906,3.327,3.788,4.188
grid,5,8a09fc9,20000000/30000/1k/nonull,group_by+max heated,2.935,3.060,3.251,3.829
grid,6,8a09fc9,5000000/3000/1k/nonull,group_by+max loop,1.122,1.625,2.546,2.646
grid,6,8a09fc9,5000000/3000/1k/nonull,group_by+max heated,1.048,1.184,1.277,1.351
grid,6,8a09fc9,5000000/10000/1k/nonull,group_by+max loop,1.041,1.119,1.141,1.238
grid,6,8a09fc9,5000000/10000/1k/nonull,group_by+max heated,1.550,1.813,1.988,2.233
grid,6,8a09fc9,5000000/30000/1k/nonull,group_by+max loop,2.220,3.213,3.480,3.775
grid,6,8a09fc9,5000000/30000/1k/nonull,group_by+max heated,1.418,1.600,1.838,1.997
grid,6,8a09fc9,10000000/3000/1k/nonull,group_by+max loop,2.613,2.807,3.090,4.066
grid,6,8a09fc9,10000000/3000/1k/nonull,group_by+max heated,1.880,2.634,2.955,3.405
grid,6,8a09fc9,10000000/10000/1k/nonull,group_by+max loop,1.980,2.128,2.208,2.377
grid,6,8a09fc9,10000000/10000/1k/nonull,group_by+max heated,2.126,2.392,2.510,2.719
grid,6,8a09fc9,10000000/30000/1k/nonull,group_by+max loop,2.623,3.312,3.511,4.029
grid,6,8a09fc9,10000000/30000/1k/nonull,group_by+max heated,1.875,2.204,2.329,2.505
grid,6,8a09fc9,20000000/3000/1k/nonull,group_by+max loop,3.090,3.299,3.377,3.471
grid,6,8a09fc9,20000000/3000/1k/nonull,group_by+max heated,2.828,2.965,3.049,3.356
grid,6,8a09fc9,20000000/10000/1k/nonull,group_by+max loop,2.794,2.852,2.887,2.914
grid,6,8a09fc9,20000000/10000/1k/nonull,group_by+max heated,2.850,2.957,3.094,3.258
grid,6,8a09fc9,20000000/30000/1k/nonull,group_by+max loop,3.620,3.776,3.863,4.056
grid,6,8a09fc9,20000000/30000/1k/nonull,group_by+max heated,2.913,3.031,3.079,3.212
grid,6,c4e2f6f,5000000/3000/1k/nonull,group_by+max loop,1.363,2.343,3.267,3.337
grid,6,c4e2f6f,5000000/3000/1k/nonull,group_by+max heated,1.571,1.885,2.106,2.352
grid,6,c4e2f6f,5000000/10000/1k/nonull,group_by+max loop,2.558,4.096,4.293,4.472
grid,6,c4e2f6f,5000000/10000/1k/nonull,group_by+max heated,1.950,2.517,2.645,2.942
grid,6,c4e2f6f,5000000/30000/1k/nonull,group_by+max loop,3.913,4.115,4.223,4.724
grid,6,c4e2f6f,5000000/30000/1k/nonull,group_by+max heated,1.474,2.197,2.690,3.053
grid,6,c4e2f6f,10000000/3000/1k/nonull,group_by+max loop,2.104,3.003,3.537,3.984
grid,6,c4e2f6f,10000000/3000/1k/nonull,group_by+max heated,2.256,2.354,2.459,2.625
grid,6,c4e2f6f,10000000/10000/1k/nonull,group_by+max loop,2.603,3.137,4.146,5.683
grid,6,c4e2f6f,10000000/10000/1k/nonull,group_by+max heated,2.263,3.104,3.332,3.475
grid,6,c4e2f6f,10000000/30000/1k/nonull,group_by+max loop,3.100,3.993,4.424,5.003
grid,6,c4e2f6f,10000000/30000/1k/nonull,group_by+max heated,2.566,2.791,2.949,3.236
grid,6,c4e2f6f,20000000/3000/1k/nonull,group_by+max loop,3.339,3.608,3.730,3.983
grid,6,c4e2f6f,20000000/3000/1k/nonull,group_by+max heated,3.506,3.688,3.929,4.080
grid,6,c4e2f6f,20000000/10000/1k/nonull,group_by+max loop,3.441,3.612,3.688,3.800
grid,6,c4e2f6f,20000000/10000/1k/nonull,group_by+max heated,3.489,3.589,3.763,4.091
grid,6,c4e2f6f,20000000/30000/1k/nonull,group_by+max loop,3.473,3.616,3.684,3.791
grid,6,c4e2f6f,20000000/30000/1k/nonull,group_by+max heated,3.642,3.832,4.011,4.280
