# ArrowMetal 0.3.0 on Apple M4 Max, polars 1.44.1 (16 threads), pyarrow 25.0.1, best of 5; old = commit c4e2f6f (helper sort keys), new = one sort key per Polars key with nulls / float_order options; old and new run back to back in each round, alternating which goes first; each run warms the call up for 100 ms, times one run after 500 ms idle (after_idle) and then best of `iters`; best/median over the rounds; cpu = process CPU ms; flag_slower = best and median both > 5% slower
run,rows,case,engine,rounds,old_best_ms,old_median_ms,old_cpu_ms_at_best,old_cpu_median_ms,old_after_idle_median_ms,old_taken,old_equal,old_rule,new_best_ms,new_median_ms,new_cpu_ms_at_best,new_cpu_median_ms,new_after_idle_median_ms,new_taken,new_equal,new_rule,speedup_best,speedup_median,flag_slower,cpu_x
"3 alternating rounds, best of 5 each",2000000,(b) filter + group-by 200 keys + sort desc + limit 10,"MetalEngine all, cold",3,4.619,5.759,4.0,5.2,7.72,Sort#4[Sort>Filter>GroupBy>Filter>DataFrameScan],True,,5.491,5.911,4.9,5.4,11.762,Sort#4[Sort>Filter>GroupBy>Filter>DataFrameScan],True,,0.84,0.97,,1.04
"3 alternating rounds, best of 5 each",2000000,(b) filter + group-by 200 keys + sort desc + limit 10,"MetalEngine all, warm",3,4.528,5.445,3.9,4.9,8.369,Sort#4[Sort>Filter>GroupBy>Filter>DataFrameScan],True,,4.718,5.486,4.2,4.8,10.758,Sort#4[Sort>Filter>GroupBy>Filter>DataFrameScan],True,,0.96,0.99,,0.98
"3 alternating rounds, best of 5 each",2000000,(b) filter + group-by 200 keys + sort desc + limit 10,"MetalEngine default, cold",3,3.337,5.141,24.5,49.9,10.668,,True,"Sort#4: rule: top_k was not measured ahead of Polars up to 50,000,000 input rows (Benchmarks/results/polars_engine_crossover_2026-09-26-final.csv) | Filter#5: rule: 2,000,000 input rows is below the 3,987,931-row crossover for group_by:sum at every group count measured (Benchmarks/results/polars_engine_crossover_2026-09-26-final.csv) | GroupBy#7: rule: 2,000,000 input rows is below the 3,987,931-row crossover for group_by:sum at every group count measured (Benchmarks/results/polars_engine_crossover_2026-09-26-final.csv) | Filter#1: rule: rowwise was not measured ahead of Polars up to 50,000,000 input rows (Benchmarks/results/polars_engine_crossover_2026-09-26-final.csv)",3.828,4.174,24.7,44.5,7.64,,True,"Sort#4: rule: top_k was not measured ahead of Polars up to 50,000,000 input rows (Benchmarks/results/polars_engine_crossover_2026-09-29-sort.csv) | Filter#5: rule: 2,000,000 input rows is below the 3,987,931-row crossover for group_by:sum at every group count measured (Benchmarks/results/polars_engine_crossover_2026-09-29-sort.csv) | GroupBy#7: rule: 2,000,000 input rows is below the 3,987,931-row crossover for group_by:sum at every group count measured (Benchmarks/results/polars_engine_crossover_2026-09-29-sort.csv) | Filter#1: rule: rowwise was not measured ahead of Polars up to 50,000,000 input rows (Benchmarks/results/polars_engine_crossover_2026-09-29-sort.csv)",0.87,1.23,,0.89
"3 alternating rounds, best of 5 each",2000000,(b) filter + group-by 200 keys + sort desc + limit 10,polars in-memory,3,2.188,4.226,18.5,39.5,5.365,,,,2.752,2.925,25.9,25.9,9.225,,,,0.8,1.44,,0.66
"3 alternating rounds, best of 5 each",2000000,(b) filter + group-by 200 keys + sort desc + limit 10,polars streaming,3,1.604,1.738,13.2,15.9,2.753,,,,1.732,2.312,16.6,22.9,10.962,,,,0.93,0.75,yes,1.44
"3 alternating rounds, best of 5 each",50000000,(b) filter + group-by 200 keys + sort desc + limit 10,"MetalEngine all, cold",3,15.415,16.585,8.0,8.5,27.252,Sort#4[Sort>Filter>GroupBy>Filter>DataFrameScan],True,,15.027,15.504,7.0,7.5,30.422,Sort#4[Sort>Filter>GroupBy>Filter>DataFrameScan],True,,1.03,1.07,,0.88
"3 alternating rounds, best of 5 each",50000000,(b) filter + group-by 200 keys + sort desc + limit 10,"MetalEngine all, warm",3,11.938,12.67,4.4,5.0,21.713,Sort#4[Sort>Filter>GroupBy>Filter>DataFrameScan],True,,12.644,13.333,4.5,5.3,23.057,Sort#4[Sort>Filter>GroupBy>Filter>DataFrameScan],True,,0.94,0.95,yes,1.06
"3 alternating rounds, best of 5 each",50000000,(b) filter + group-by 200 keys + sort desc + limit 10,"MetalEngine default, cold",3,30.007,30.926,176.6,175.8,47.523,,True,"Sort#4: rule: top_k was not measured ahead of Polars up to 50,000,000 input rows (Benchmarks/results/polars_engine_crossover_2026-09-26-final.csv) | Filter#5: rule: estimated 191 groups over (region), a Chao1 estimate from a 512-row sample, 189 to 196: below the measured band for group_by:count at 50,000,000 input rows (taken at 3,163 to 3,162,277 groups; no count in the estimate's range is; Benchmarks/results/polars_engine_crossover_2026-09-26-final.csv) | GroupBy#7: rule: estimated 191 groups over (region), a Chao1 estimate from a 512-row sample, 189 to 196: below the measured band for group_by:count at 50,000,000 input rows (taken at 3,163 to 3,162,277 groups; no count in the estimate's range is; Benchmarks/results/polars_engine_crossover_2026-09-26-final.csv) | Filter#1: rule: rowwise was not measured ahead of Polars up to 50,000,000 input rows (Benchmarks/results/polars_engine_crossover_2026-09-26-final.csv)",30.302,30.671,177.5,177.5,52.734,,True,"Sort#4: rule: top_k was not measured ahead of Polars up to 50,000,000 input rows (Benchmarks/results/polars_engine_crossover_2026-09-29-sort.csv) | Filter#5: rule: estimated 191 groups over (region), a Chao1 estimate from a 512-row sample, 189 to 196: below the measured band for group_by:count at 50,000,000 input rows (taken at 3,163 to 3,162,277 groups; no count in the estimate's range is; Benchmarks/results/polars_engine_crossover_2026-09-29-sort.csv) | GroupBy#7: rule: estimated 191 groups over (region), a Chao1 estimate from a 512-row sample, 189 to 196: below the measured band for group_by:count at 50,000,000 input rows (taken at 3,163 to 3,162,277 groups; no count in the estimate's range is; Benchmarks/results/polars_engine_crossover_2026-09-29-sort.csv) | Filter#1: rule: rowwise was not measured ahead of Polars up to 50,000,000 input rows (Benchmarks/results/polars_engine_crossover_2026-09-29-sort.csv)",0.99,1.01,,1.01
"3 alternating rounds, best of 5 each",50000000,(b) filter + group-by 200 keys + sort desc + limit 10,polars in-memory,3,29.373,30.009,173.2,173.2,47.268,,,,29.928,30.129,175.7,175.7,51.814,,,,0.98,1.0,,1.01
"3 alternating rounds, best of 5 each",50000000,(b) filter + group-by 200 keys + sort desc + limit 10,polars streaming,3,11.411,11.412,164.7,164.7,18.899,,,,11.363,11.515,166.2,166.2,21.479,,,,1.0,0.99,,1.01
"3 alternating rounds, best of 5 each",2000000,"(c) group-by (region, sub) mean + max","MetalEngine all, cold",3,5.254,11.309,4.4,5.7,15.105,GroupBy#1[GroupBy>DataFrameScan],True,,10.909,11.406,5.2,5.6,16.109,GroupBy#1[GroupBy>DataFrameScan],True,,0.48,0.99,,0.98
"3 alternating rounds, best of 5 each",2000000,"(c) group-by (region, sub) mean + max","MetalEngine all, warm",3,4.792,10.391,3.8,4.7,13.247,GroupBy#1[GroupBy>DataFrameScan],True,,10.441,10.574,5.8,5.8,13.912,GroupBy#1[GroupBy>DataFrameScan],True,,0.46,0.98,,1.23
"3 alternating rounds, best of 5 each",2000000,"(c) group-by (region, sub) mean + max","MetalEngine default, cold",3,7.049,7.471,83.7,82.0,11.721,,True,"GroupBy#1: rule: 2,000,000 input rows is below the 2,029,638-row crossover for group_by_multi:minmax at every group count measured (Benchmarks/results/polars_engine_crossover_2026-09-26-final.csv)",6.718,6.931,77.4,80.7,12.691,,True,"GroupBy#1: rule: 2,000,000 input rows is below the 2,029,638-row crossover for group_by_multi:minmax at every group count measured (Benchmarks/results/polars_engine_crossover_2026-09-29-sort.csv)",1.05,1.08,,0.98
"3 alternating rounds, best of 5 each",2000000,"(c) group-by (region, sub) mean + max",polars in-memory,3,6.863,6.931,79.0,81.0,16.662,,,,6.76,6.836,79.9,79.9,18.571,,,,1.02,1.01,,0.99
"3 alternating rounds, best of 5 each",2000000,"(c) group-by (region, sub) mean + max",polars streaming,3,6.666,6.691,78.2,78.2,11.473,,,,6.589,6.781,76.8,78.5,10.685,,,,1.01,0.99,,1.0
"3 alternating rounds, best of 5 each",50000000,"(c) group-by (region, sub) mean + max","MetalEngine all, cold",3,50.073,50.937,8.9,10.1,83.933,GroupBy#1[GroupBy>DataFrameScan],True,,50.21,52.302,9.1,11.0,71.018,GroupBy#1[GroupBy>DataFrameScan],True,,1.0,0.97,,1.09
"3 alternating rounds, best of 5 each",50000000,"(c) group-by (region, sub) mean + max","MetalEngine all, warm",3,45.105,45.784,4.3,4.9,60.674,GroupBy#1[GroupBy>DataFrameScan],True,,45.311,45.633,4.6,4.6,58.321,GroupBy#1[GroupBy>DataFrameScan],True,,1.0,1.0,,0.94
"3 alternating rounds, best of 5 each",50000000,"(c) group-by (region, sub) mean + max","MetalEngine default, cold",3,50.673,50.796,9.4,9.7,71.163,GroupBy#1,True,"GroupBy#1: 50,000,000 input rows is at or above the 2,365,095-row crossover for group_by_multi:minmax at an estimated 6,444 groups over (region, sub), a Chao1 estimate from a 512-row sample, 4,328 to 12,376 (engine table, the 10,000-group bucket, Benchmarks/results/polars_engine_crossover_2026-09-26-final.csv)",50.618,52.443,9.7,11.6,90.116,GroupBy#1,True,"GroupBy#1: 50,000,000 input rows is at or above the 2,365,095-row crossover for group_by_multi:minmax at an estimated 6,444 groups over (region, sub), a Chao1 estimate from a 512-row sample, 4,328 to 12,376 (engine table, the 10,000-group bucket, Benchmarks/results/polars_engine_crossover_2026-09-29-sort.csv)",1.0,0.97,,1.2
"3 alternating rounds, best of 5 each",50000000,"(c) group-by (region, sub) mean + max",polars in-memory,3,195.398,210.398,2570.6,2663.9,225.387,,,,202.052,203.456,2504.8,2504.8,235.423,,,,0.97,1.03,,0.94
"3 alternating rounds, best of 5 each",50000000,"(c) group-by (region, sub) mean + max",polars streaming,3,98.155,99.48,1431.0,1431.0,120.473,,,,97.956,104.791,1433.6,1484.2,133.881,,,,1.0,0.95,,1.04
"3 alternating rounds, best of 5 each",2000000,"(i) group-by 1 key, 100 000 groups, sum","MetalEngine all, cold",3,3.978,4.119,3.3,3.3,7.78,GroupBy#1[GroupBy>DataFrameScan],True,,4.059,4.244,3.3,3.6,8.21,GroupBy#1[GroupBy>DataFrameScan],True,,0.98,0.97,,1.09
"3 alternating rounds, best of 5 each",2000000,"(i) group-by 1 key, 100 000 groups, sum","MetalEngine all, warm",3,4.122,4.377,3.3,3.6,7.112,GroupBy#1[GroupBy>DataFrameScan],True,,3.551,3.768,2.7,2.9,4.927,GroupBy#1[GroupBy>DataFrameScan],True,,1.16,1.16,,0.81
"3 alternating rounds, best of 5 each",2000000,"(i) group-by 1 key, 100 000 groups, sum","MetalEngine default, cold",3,4.94,5.57,63.2,63.9,17.072,,True,"GroupBy#1: rule: 2,000,000 input rows is below the 3,987,931-row crossover for group_by:sum at every group count measured (Benchmarks/results/polars_engine_crossover_2026-09-26-final.csv)",5.21,5.79,62.8,66.0,12.977,,True,"GroupBy#1: rule: 2,000,000 input rows is below the 3,987,931-row crossover for group_by:sum at every group count measured (Benchmarks/results/polars_engine_crossover_2026-09-29-sort.csv)",0.95,0.96,,1.03
"3 alternating rounds, best of 5 each",2000000,"(i) group-by 1 key, 100 000 groups, sum",polars in-memory,3,5.104,5.263,62.8,62.9,9.281,,,,5.042,5.363,64.7,64.7,15.379,,,,1.01,0.98,,1.03
"3 alternating rounds, best of 5 each",2000000,"(i) group-by 1 key, 100 000 groups, sum",polars streaming,3,3.459,3.703,39.1,42.4,11.643,,,,2.931,4.076,32.7,44.7,14.223,,,,1.18,0.91,,1.05
"3 alternating rounds, best of 5 each",50000000,"(i) group-by 1 key, 100 000 groups, sum","MetalEngine all, cold",3,18.972,19.109,7.6,8.6,41.148,GroupBy#1[GroupBy>DataFrameScan],True,,20.191,21.705,7.5,8.4,34.231,GroupBy#1[GroupBy>DataFrameScan],True,,0.94,0.88,yes,0.98
"3 alternating rounds, best of 5 each",50000000,"(i) group-by 1 key, 100 000 groups, sum","MetalEngine all, warm",3,11.535,12.307,3.1,3.6,25.273,GroupBy#1[GroupBy>DataFrameScan],True,,11.686,12.341,3.3,3.9,26.49,GroupBy#1[GroupBy>DataFrameScan],True,,0.99,1.0,,1.08
"3 alternating rounds, best of 5 each",50000000,"(i) group-by 1 key, 100 000 groups, sum","MetalEngine default, cold",3,19.92,21.455,8.5,9.5,34.607,GroupBy#1,True,"GroupBy#1: 50,000,000 input rows is at or above the 5,252,956-row crossover for group_by:sum at an estimated 102,981 groups over (k1), a Chao1 estimate from a 2,048-row sample, 67,758 to 198,392 (engine table, the 100,000-group bucket, Benchmarks/results/polars_engine_crossover_2026-09-26-final.csv)",20.966,21.359,9.1,8.9,36.382,GroupBy#1,True,"GroupBy#1: 50,000,000 input rows is at or above the 5,252,956-row crossover for group_by:sum at an estimated 102,981 groups over (k1), a Chao1 estimate from a 2,048-row sample, 67,758 to 198,392 (engine table, the 100,000-group bucket, Benchmarks/results/polars_engine_crossover_2026-09-29-sort.csv)",0.95,1.0,,0.94
"3 alternating rounds, best of 5 each",50000000,"(i) group-by 1 key, 100 000 groups, sum",polars in-memory,3,99.234,100.674,1313.6,1313.6,115.047,,,,99.915,100.04,1284.0,1298.1,118.54,,,,0.99,1.01,,0.99
"3 alternating rounds, best of 5 each",50000000,"(i) group-by 1 key, 100 000 groups, sum",polars streaming,3,45.806,46.091,643.3,643.3,69.879,,,,45.745,46.635,647.6,662.7,67.797,,,,1.0,0.99,,1.03
"3 alternating rounds, best of 5 each",2000000,"(j) group-by (k1, k2), sum + count","MetalEngine all, cold",3,24.892,26.712,16.8,16.8,41.669,GroupBy#1[GroupBy>DataFrameScan],True,,16.422,24.906,13.8,16.4,35.776,GroupBy#1[GroupBy>DataFrameScan],True,,1.52,1.07,,0.98
"3 alternating rounds, best of 5 each",2000000,"(j) group-by (k1, k2), sum + count","MetalEngine all, warm",3,25.754,26.048,16.2,16.2,31.681,GroupBy#1[GroupBy>DataFrameScan],True,,26.584,26.874,16.3,17.1,32.495,GroupBy#1[GroupBy>DataFrameScan],True,,0.97,0.97,,1.06
"3 alternating rounds, best of 5 each",2000000,"(j) group-by (k1, k2), sum + count","MetalEngine default, cold",3,15.833,16.019,177.2,180.5,25.691,,True,"GroupBy#1: rule: 2,000,000 input rows is below the 2,288,101-row crossover for group_by_multi:sum at every group count measured (Benchmarks/results/polars_engine_crossover_2026-09-26-final.csv)",16.14,16.342,188.7,184.9,22.913,,True,"GroupBy#1: rule: 2,000,000 input rows is below the 2,288,101-row crossover for group_by_multi:sum at every group count measured (Benchmarks/results/polars_engine_crossover_2026-09-29-sort.csv)",0.98,0.98,,1.02
"3 alternating rounds, best of 5 each",2000000,"(j) group-by (k1, k2), sum + count",polars in-memory,3,14.339,15.204,184.9,184.9,25.144,,,,15.146,15.566,182.2,189.3,24.029,,,,0.95,0.98,,1.02
"3 alternating rounds, best of 5 each",2000000,"(j) group-by (k1, k2), sum + count",polars streaming,3,8.265,8.38,92.6,94.6,21.379,,,,8.496,9.075,93.5,100.1,21.153,,,,0.97,0.92,,1.06
"3 alternating rounds, best of 5 each",50000000,"(j) group-by (k1, k2), sum + count","MetalEngine all, cold",3,429.345,431.236,120.8,120.7,465.946,GroupBy#1[GroupBy>DataFrameScan],True,,432.133,434.453,121.1,121.1,466.808,GroupBy#1[GroupBy>DataFrameScan],True,,0.99,0.99,,1.0
"3 alternating rounds, best of 5 each",50000000,"(j) group-by (k1, k2), sum + count","MetalEngine all, warm",3,425.165,426.794,113.1,114.5,468.553,GroupBy#1[GroupBy>DataFrameScan],True,,425.93,428.11,115.2,115.1,472.332,GroupBy#1[GroupBy>DataFrameScan],True,,1.0,1.0,,1.01
"3 alternating rounds, best of 5 each",50000000,"(j) group-by (k1, k2), sum + count","MetalEngine default, cold",3,662.01,663.055,8039.4,8039.4,672.68,,True,"GroupBy#1: rule: estimated 16,775,168 groups over (k1, k2), a Chao1 estimate from a 8,192-row sample, 5,597,184 to 50,000,000: above the measured band for group_by_multi:count at 50,000,000 input rows (taken at 1 to 3,162,277 groups; no count in the estimate's range is; Benchmarks/results/polars_engine_crossover_2026-09-26-final.csv)",659.838,662.468,8008.2,8008.2,671.63,,True,"GroupBy#1: rule: estimated 16,775,168 groups over (k1, k2), a Chao1 estimate from a 8,192-row sample, 5,597,184 to 50,000,000: above the measured band for group_by_multi:count at 50,000,000 input rows (taken at 1 to 3,162,277 groups; no count in the estimate's range is; Benchmarks/results/polars_engine_crossover_2026-09-29-sort.csv)",1.0,1.0,,1.0
"3 alternating rounds, best of 5 each",50000000,"(j) group-by (k1, k2), sum + count",polars in-memory,3,683.919,690.084,7823.6,7897.3,683.133,,,,690.206,692.818,7849.3,7884.5,687.335,,,,0.99,1.0,,1.0
"3 alternating rounds, best of 5 each",50000000,"(j) group-by (k1, k2), sum + count",polars streaming,3,403.351,408.105,5983.7,5956.2,441.368,,,,409.007,409.477,5938.4,6009.4,432.127,,,,0.99,1.0,,1.01
"3 alternating rounds, best of 5 each",2000000,(m) sort 3 columns by an int64 key,"MetalEngine all, cold",3,5.666,7.079,2.3,3.7,8.818,Sort#2[Sort>DataFrameScan],True,,4.926,5.929,2.1,2.6,10.036,Sort#2[Sort>DataFrameScan],True,,1.15,1.19,,0.7
"3 alternating rounds, best of 5 each",2000000,(m) sort 3 columns by an int64 key,"MetalEngine all, warm",3,4.281,4.614,1.5,1.6,5.814,Sort#2[Sort>DataFrameScan],True,,4.647,5.02,1.6,1.8,6.355,Sort#2[Sort>DataFrameScan],True,,0.92,0.92,yes,1.12
"3 alternating rounds, best of 5 each",2000000,(m) sort 3 columns by an int64 key,"MetalEngine default, cold",3,5.207,5.925,2.3,2.5,7.959,Sort#2,True,"Sort#2: 2,000,000 input rows is at or above the 1,026,501-row crossover for sort (engine table, Benchmarks/results/polars_engine_crossover_2026-09-26-final.csv)",5.987,6.001,2.8,3.0,8.097,Sort#2,True,"Sort#2: 2,000,000 input rows is at or above the 1,000,000-row crossover for sort (crossover sweep, argsort int64, argsort float64, lexsort (2 int32 keys), Benchmarks/results/router_2026-09-24.json)",0.87,0.99,,1.2
"3 alternating rounds, best of 5 each",2000000,(m) sort 3 columns by an int64 key,polars in-memory,3,12.421,12.442,137.9,137.9,21.361,,,,12.004,12.774,140.0,140.8,25.036,,,,1.03,0.97,,1.02
"3 alternating rounds, best of 5 each",2000000,(m) sort 3 columns by an int64 key,polars streaming,3,13.932,14.078,140.8,141.2,29.073,,,,14.245,14.511,145.5,145.5,27.608,,,,0.98,0.97,,1.03
"3 alternating rounds, best of 5 each",50000000,(m) sort 3 columns by an int64 key,"MetalEngine all, cold",3,53.554,53.61,7.8,7.8,76.672,Sort#2[Sort>DataFrameScan],True,,54.214,54.427,8.1,8.7,74.371,Sort#2[Sort>DataFrameScan],True,,0.99,0.98,,1.12
"3 alternating rounds, best of 5 each",50000000,(m) sort 3 columns by an int64 key,"MetalEngine all, warm",3,47.476,47.542,1.5,1.8,56.36,Sort#2[Sort>DataFrameScan],True,,47.702,47.913,1.8,1.8,58.995,Sort#2[Sort>DataFrameScan],True,,1.0,0.99,,1.0
"3 alternating rounds, best of 5 each",50000000,(m) sort 3 columns by an int64 key,"MetalEngine default, cold",3,53.72,54.165,7.7,8.2,79.878,Sort#2,True,"Sort#2: 50,000,000 input rows is at or above the 1,026,501-row crossover for sort (engine table, Benchmarks/results/polars_engine_crossover_2026-09-26-final.csv)",53.267,53.918,7.2,7.9,69.886,Sort#2,True,"Sort#2: 50,000,000 input rows is at or above the 1,000,000-row crossover for sort (crossover sweep, argsort int64, argsort float64, lexsort (2 int32 keys), Benchmarks/results/router_2026-09-24.json)",1.01,1.0,,0.96
"3 alternating rounds, best of 5 each",50000000,(m) sort 3 columns by an int64 key,polars in-memory,3,389.141,390.499,4747.7,4734.1,451.14,,,,388.388,391.584,4735.8,4735.8,434.011,,,,1.0,1.0,,1.0
"3 alternating rounds, best of 5 each",50000000,(m) sort 3 columns by an int64 key,polars streaming,3,448.12,450.914,4848.7,4848.7,462.885,,,,443.185,445.981,4850.9,4850.9,482.905,,,,1.01,1.01,,1.0
"3 alternating rounds, best of 5 each",2000000,"(n) top 100 by Float64, descending","MetalEngine all, cold",3,8.563,10.003,2.8,3.8,11.479,Sort#3[Sort>Filter>DataFrameScan],True,,2.17,2.358,2.3,2.5,4.865,Sort#3[Sort>Filter>DataFrameScan],True,,3.95,4.24,,0.66
"3 alternating rounds, best of 5 each",2000000,"(n) top 100 by Float64, descending","MetalEngine all, warm",3,8.116,10.564,2.7,3.4,11.758,Sort#3[Sort>Filter>DataFrameScan],True,,2.472,2.603,2.5,2.6,5.746,Sort#3[Sort>Filter>DataFrameScan],True,,3.28,4.06,,0.76
"3 alternating rounds, best of 5 each",2000000,"(n) top 100 by Float64, descending","MetalEngine default, cold",3,13.996,14.315,14.1,14.5,32.146,,True,"Sort#3: rule: top_k was not measured ahead of Polars up to 50,000,000 input rows (Benchmarks/results/polars_engine_crossover_2026-09-26-final.csv)",13.799,14.829,13.9,15.0,23.953,,True,"Sort#3: rule: top_k was not measured ahead of Polars up to 50,000,000 input rows (Benchmarks/results/polars_engine_crossover_2026-09-29-sort.csv)",1.01,0.97,,1.03
"3 alternating rounds, best of 5 each",2000000,"(n) top 100 by Float64, descending",polars in-memory,3,13.471,13.65,13.6,13.8,28.038,,,,13.94,13.996,14.1,14.1,24.96,,,,0.97,0.98,,1.02
"3 alternating rounds, best of 5 each",2000000,"(n) top 100 by Float64, descending",polars streaming,3,2.164,2.251,15.9,16.2,3.735,,,,2.226,2.514,15.3,18.5,3.412,,,,0.97,0.9,,1.14
"3 alternating rounds, best of 5 each",50000000,"(n) top 100 by Float64, descending","MetalEngine all, cold",3,79.925,80.103,7.7,8.2,103.923,Sort#3[Sort>Filter>DataFrameScan],True,,11.499,13.003,7.0,8.2,33.134,Sort#3[Sort>Filter>DataFrameScan],True,,6.95,6.16,,1.0
"3 alternating rounds, best of 5 each",50000000,"(n) top 100 by Float64, descending","MetalEngine all, warm",3,74.033,74.514,2.1,2.1,83.23,Sort#3[Sort>Filter>DataFrameScan],True,,7.184,7.21,2.8,2.9,15.555,Sort#3[Sort>Filter>DataFrameScan],True,,10.31,10.33,,1.38
"3 alternating rounds, best of 5 each",50000000,"(n) top 100 by Float64, descending","MetalEngine default, cold",3,392.829,393.149,393.1,393.4,436.453,,True,"Sort#3: rule: top_k was not measured ahead of Polars up to 50,000,000 input rows (Benchmarks/results/polars_engine_crossover_2026-09-26-final.csv)",392.831,396.358,393.1,396.6,430.228,,True,"Sort#3: rule: top_k was not measured ahead of Polars up to 50,000,000 input rows (Benchmarks/results/polars_engine_crossover_2026-09-29-sort.csv)",1.0,0.99,,1.01
"3 alternating rounds, best of 5 each",50000000,"(n) top 100 by Float64, descending",polars in-memory,3,395.11,395.273,395.4,395.5,426.063,,,,389.094,391.763,389.3,392.0,435.223,,,,1.02,1.01,,0.99
"3 alternating rounds, best of 5 each",50000000,"(n) top 100 by Float64, descending",polars streaming,3,18.614,18.671,191.1,191.1,33.564,,,,18.431,18.663,186.2,187.7,33.083,,,,1.01,1.0,,0.98
"3 alternating rounds, best of 5 each",2000000,"(o) sort with a String column, by an int64 key","MetalEngine all, cold",3,12.449,14.421,10.9,10.9,23.702,Sort#2[Sort>DataFrameScan],True,,13.663,15.481,9.5,11.0,23.866,Sort#2[Sort>DataFrameScan],True,,0.91,0.93,yes,1.01
"3 alternating rounds, best of 5 each",2000000,"(o) sort with a String column, by an int64 key","MetalEngine all, warm",3,13.921,15.155,10.2,10.7,23.523,Sort#2[Sort>DataFrameScan],True,,12.585,14.948,8.9,10.6,23.532,Sort#2[Sort>DataFrameScan],True,,1.11,1.01,,0.99
"3 alternating rounds, best of 5 each",2000000,"(o) sort with a String column, by an int64 key","MetalEngine default, cold",3,12.991,13.015,141.8,149.8,26.411,,True,"Sort#2: rule: 2,000,000 input rows is below the 6,301,531-row crossover for sort with a String column (engine table, Benchmarks/results/polars_engine_crossover_2026-09-26-final.csv)",13.061,13.294,151.2,151.2,28.271,,True,"Sort#2: rule: 2,000,000 input rows is below the 5,000,000-row crossover for sort with a String column (engine table, Benchmarks/results/polars_engine_crossover_2026-09-29-sort.csv)",0.99,0.98,,1.01
"3 alternating rounds, best of 5 each",2000000,"(o) sort with a String column, by an int64 key",polars in-memory,3,12.449,12.461,136.4,137.8,16.808,,,,12.773,12.915,148.6,143.5,18.135,,,,0.97,0.96,,1.04
"3 alternating rounds, best of 5 each",2000000,"(o) sort with a String column, by an int64 key",polars streaming,3,15.932,16.249,151.8,151.8,26.338,,,,16.286,16.342,151.8,151.8,26.31,,,,0.98,0.99,,1.0
"3 alternating rounds, best of 5 each",50000000,"(o) sort with a String column, by an int64 key","MetalEngine all, cold",3,241.202,243.645,173.5,173.5,269.204,Sort#2[Sort>DataFrameScan],True,,242.095,242.938,173.0,173.0,283.036,Sort#2[Sort>DataFrameScan],True,,1.0,1.0,,1.0
"3 alternating rounds, best of 5 each",50000000,"(o) sort with a String column, by an int64 key","MetalEngine all, warm",3,234.857,235.427,165.9,167.0,276.123,Sort#2[Sort>DataFrameScan],True,,236.15,236.437,165.3,167.7,285.81,Sort#2[Sort>DataFrameScan],True,,0.99,1.0,,1.0
"3 alternating rounds, best of 5 each",50000000,"(o) sort with a String column, by an int64 key","MetalEngine default, cold",3,243.599,244.157,173.5,173.5,283.686,Sort#2,True,"Sort#2: 50,000,000 input rows is at or above the 6,301,531-row crossover for sort with a String column (engine table, Benchmarks/results/polars_engine_crossover_2026-09-26-final.csv)",239.607,242.263,168.7,171.7,281.66,Sort#2,True,"Sort#2: 50,000,000 input rows is at or above the 5,000,000-row crossover for sort with a String column (engine table, Benchmarks/results/polars_engine_crossover_2026-09-29-sort.csv)",1.02,1.01,,0.99
"3 alternating rounds, best of 5 each",50000000,"(o) sort with a String column, by an int64 key",polars in-memory,3,397.429,399.49,4757.0,4757.0,461.207,,,,399.291,404.475,4774.5,4756.4,461.059,,,,1.0,0.99,,1.0
"3 alternating rounds, best of 5 each",50000000,"(o) sort with a String column, by an int64 key",polars streaming,3,496.483,501.789,4935.1,4935.1,525.402,,,,505.564,508.36,4945.7,4925.5,536.147,,,,0.98,0.99,,1.0
"3 alternating rounds, best of 5 each",2000000,"(p) filter, then sort by (int32 asc, nullable Float64 desc)","MetalEngine all, cold",3,25.816,26.765,16.1,16.4,43.107,Sort#3[Sort>HStack>Filter>DataFrameScan],True,,16.013,16.464,13.3,13.4,36.909,Sort#3[Sort>HStack>Filter>DataFrameScan],True,,1.61,1.63,,0.82
"3 alternating rounds, best of 5 each",2000000,"(p) filter, then sort by (int32 asc, nullable Float64 desc)","MetalEngine all, warm",3,27.103,27.121,15.6,16.6,44.392,Sort#3[Sort>HStack>Filter>DataFrameScan],True,,15.701,21.726,12.4,13.8,34.716,Sort#3[Sort>HStack>Filter>DataFrameScan],True,,1.73,1.25,,0.83
"3 alternating rounds, best of 5 each",2000000,"(p) filter, then sort by (int32 asc, nullable Float64 desc)","MetalEngine default, cold",3,22.194,22.592,253.2,253.2,42.035,,True,"Sort#3: rule: 2,000,000 input rows is below the 5,000,000-row crossover for sort_helper_keys with a String column (engine table, Benchmarks/results/polars_engine_crossover_2026-09-26-final.csv) | HStack#2: rule: rowwise with a String column was not measured ahead of Polars up to 50,000,000 input rows (Benchmarks/results/polars_engine_crossover_2026-09-26-final.csv) | Filter#0: rule: rowwise with a String column was not measured ahead of Polars up to 50,000,000 input rows (Benchmarks/results/polars_engine_crossover_2026-09-26-final.csv)",22.405,22.958,250.4,251.0,36.372,,True,"Sort#3: rule: 2,000,000 input rows is below the 5,000,000-row crossover for sort with a String column (engine table, Benchmarks/results/polars_engine_crossover_2026-09-29-sort.csv) | HStack#2: rule: rowwise with a String column was not measured ahead of Polars up to 50,000,000 input rows (Benchmarks/results/polars_engine_crossover_2026-09-29-sort.csv) | Filter#0: rule: rowwise with a String column was not measured ahead of Polars up to 50,000,000 input rows (Benchmarks/results/polars_engine_crossover_2026-09-29-sort.csv)",0.99,0.98,,0.99
"3 alternating rounds, best of 5 each",2000000,"(p) filter, then sort by (int32 asc, nullable Float64 desc)",polars in-memory,3,21.454,21.725,247.9,247.9,38.632,,,,22.023,22.264,249.4,249.5,35.533,,,,0.97,0.98,,1.01
"3 alternating rounds, best of 5 each",2000000,"(p) filter, then sort by (int32 asc, nullable Float64 desc)",polars streaming,3,23.39,23.638,256.0,258.1,37.985,,,,23.416,24.243,259.8,264.5,42.588,,,,1.0,0.98,,1.02
"3 alternating rounds, best of 5 each",50000000,"(p) filter, then sort by (int32 asc, nullable Float64 desc)","MetalEngine all, cold",3,349.441,353.337,168.5,169.3,394.649,Sort#3[Sort>HStack>Filter>DataFrameScan],True,,321.809,323.56,169.3,171.6,360.306,Sort#3[Sort>HStack>Filter>DataFrameScan],True,,1.09,1.09,,1.01
"3 alternating rounds, best of 5 each",50000000,"(p) filter, then sort by (int32 asc, nullable Float64 desc)","MetalEngine all, warm",3,342.563,344.501,157.9,161.0,359.055,Sort#3[Sort>HStack>Filter>DataFrameScan],True,,308.814,310.452,156.1,157.6,357.708,Sort#3[Sort>HStack>Filter>DataFrameScan],True,,1.11,1.11,,0.98
"3 alternating rounds, best of 5 each",50000000,"(p) filter, then sort by (int32 asc, nullable Float64 desc)","MetalEngine default, cold",3,350.544,351.84,168.3,168.3,374.031,Sort#3,True,"Sort#3: 50,000,000 input rows is at or above the 5,000,000-row crossover for sort_helper_keys with a String column (engine table, Benchmarks/results/polars_engine_crossover_2026-09-26-final.csv)",317.385,317.959,167.0,165.6,344.014,Sort#3,True,"Sort#3: 50,000,000 input rows is at or above the 5,000,000-row crossover for sort with a String column (engine table, Benchmarks/results/polars_engine_crossover_2026-09-29-sort.csv)",1.1,1.11,,0.98
"3 alternating rounds, best of 5 each",50000000,"(p) filter, then sort by (int32 asc, nullable Float64 desc)",polars in-memory,3,947.882,965.33,11730.9,11835.0,985.088,,,,978.939,984.498,12113.0,12113.0,989.336,,,,0.97,0.98,,1.02
"3 alternating rounds, best of 5 each",50000000,"(p) filter, then sort by (int32 asc, nullable Float64 desc)",polars streaming,3,1012.953,1032.771,12425.0,12504.0,1037.507,,,,1038.755,1043.224,12379.9,12953.3,1054.89,,,,0.98,0.99,,1.04
"3 alternating rounds, best of 5 each",2000000,"(q) filter, then sort by (int32 asc, int64 desc)","MetalEngine all, cold",3,7.974,8.019,3.9,3.9,14.575,Sort#3[Sort>Filter>DataFrameScan],True,,8.153,9.311,3.8,4.5,14.109,Sort#3[Sort>Filter>DataFrameScan],True,,0.98,0.86,,1.15
"3 alternating rounds, best of 5 each",2000000,"(q) filter, then sort by (int32 asc, int64 desc)","MetalEngine all, warm",3,7.205,8.091,3.0,3.5,9.873,Sort#3[Sort>Filter>DataFrameScan],True,,7.765,8.073,3.4,3.4,10.125,Sort#3[Sort>Filter>DataFrameScan],True,,0.93,1.0,,0.97
"3 alternating rounds, best of 5 each",2000000,"(q) filter, then sort by (int32 asc, int64 desc)","MetalEngine default, cold",3,9.156,9.559,4.4,4.8,14.848,Sort#3,True,"Sort#3: 2,000,000 input rows is at or above the 1,026,501-row crossover for sort (engine table, Benchmarks/results/polars_engine_crossover_2026-09-26-final.csv)",8.451,9.101,4.2,4.2,13.025,Sort#3,True,"Sort#3: 2,000,000 input rows is at or above the 1,000,000-row crossover for sort (crossover sweep, argsort int64, argsort float64, lexsort (2 int32 keys), Benchmarks/results/router_2026-09-24.json)",1.08,1.05,,0.88
"3 alternating rounds, best of 5 each",2000000,"(q) filter, then sort by (int32 asc, int64 desc)",polars in-memory,3,13.758,13.988,136.9,140.7,32.138,,,,14.2,14.313,148.4,138.5,34.671,,,,0.97,0.98,,0.98
"3 alternating rounds, best of 5 each",2000000,"(q) filter, then sort by (int32 asc, int64 desc)",polars streaming,3,13.886,14.017,149.8,150.0,28.255,,,,14.3,14.675,153.1,153.1,32.509,,,,0.97,0.96,,1.02
"3 alternating rounds, best of 5 each",50000000,"(q) filter, then sort by (int32 asc, int64 desc)","MetalEngine all, cold",3,90.011,90.021,10.5,10.5,108.61,Sort#3[Sort>Filter>DataFrameScan],True,,90.488,90.997,10.0,10.7,102.019,Sort#3[Sort>Filter>DataFrameScan],True,,0.99,0.99,,1.02
"3 alternating rounds, best of 5 each",50000000,"(q) filter, then sort by (int32 asc, int64 desc)","MetalEngine all, warm",3,82.214,83.18,3.4,3.8,87.337,Sort#3[Sort>Filter>DataFrameScan],True,,82.445,82.482,3.0,3.0,86.404,Sort#3[Sort>Filter>DataFrameScan],True,,1.0,1.01,,0.79
"3 alternating rounds, best of 5 each",50000000,"(q) filter, then sort by (int32 asc, int64 desc)","MetalEngine default, cold",3,90.128,90.25,10.1,10.6,109.474,Sort#3,True,"Sort#3: 50,000,000 input rows is at or above the 1,026,501-row crossover for sort (engine table, Benchmarks/results/polars_engine_crossover_2026-09-26-final.csv)",90.645,90.667,10.3,10.6,105.484,Sort#3,True,"Sort#3: 50,000,000 input rows is at or above the 1,000,000-row crossover for sort (crossover sweep, argsort int64, argsort float64, lexsort (2 int32 keys), Benchmarks/results/router_2026-09-24.json)",0.99,1.0,,1.0
"3 alternating rounds, best of 5 each",50000000,"(q) filter, then sort by (int32 asc, int64 desc)",polars in-memory,3,711.725,721.751,9021.7,9167.7,753.439,,,,721.961,734.648,9220.4,9220.4,744.67,,,,0.99,0.98,,1.01
"3 alternating rounds, best of 5 each",50000000,"(q) filter, then sort by (int32 asc, int64 desc)",polars streaming,3,729.232,730.742,9325.2,9325.2,751.653,,,,733.055,737.071,9416.1,9416.1,752.664,,,,0.99,0.99,,1.01
"3 alternating rounds, best of 5 each",2000000,"(t1) group-by 1 key, 200 groups, sum","MetalEngine all, cold",3,3.81,4.254,2.9,3.3,7.882,GroupBy#1[GroupBy>DataFrameScan],True,,4.999,5.403,4.2,4.6,9.544,GroupBy#1[GroupBy>DataFrameScan],True,,0.76,0.79,yes,1.39
"3 alternating rounds, best of 5 each",2000000,"(t1) group-by 1 key, 200 groups, sum","MetalEngine all, warm",3,4.151,4.293,3.2,3.5,7.938,GroupBy#1[GroupBy>DataFrameScan],True,,3.479,3.649,2.6,2.8,7.372,GroupBy#1[GroupBy>DataFrameScan],True,,1.19,1.18,,0.8
"3 alternating rounds, best of 5 each",2000000,"(t1) group-by 1 key, 200 groups, sum","MetalEngine default, cold",3,1.449,2.448,13.4,20.2,6.506,,True,"GroupBy#1: rule: 2,000,000 input rows is below the 3,987,931-row crossover for group_by:sum at every group count measured (Benchmarks/results/polars_engine_crossover_2026-09-26-final.csv)",2.062,2.084,19.2,21.0,14.466,,True,"GroupBy#1: rule: 2,000,000 input rows is below the 3,987,931-row crossover for group_by:sum at every group count measured (Benchmarks/results/polars_engine_crossover_2026-09-29-sort.csv)",0.7,1.17,,1.04
"3 alternating rounds, best of 5 each",2000000,"(t1) group-by 1 key, 200 groups, sum",polars in-memory,3,1.622,2.152,17.5,23.7,12.681,,,,1.409,2.154,16.1,23.3,11.977,,,,1.15,1.0,,0.98
"3 alternating rounds, best of 5 each",2000000,"(t1) group-by 1 key, 200 groups, sum",polars streaming,3,1.329,1.675,10.3,17.5,7.135,,,,1.428,1.655,15.6,17.3,2.633,,,,0.93,1.01,,0.99
"3 alternating rounds, best of 5 each",50000000,"(t1) group-by 1 key, 200 groups, sum","MetalEngine all, cold",3,14.376,14.641,9.1,9.1,31.792,GroupBy#1[GroupBy>DataFrameScan],True,,12.999,13.95,7.8,8.2,29.787,GroupBy#1[GroupBy>DataFrameScan],True,,1.11,1.05,,0.9
"3 alternating rounds, best of 5 each",50000000,"(t1) group-by 1 key, 200 groups, sum","MetalEngine all, warm",3,7.973,8.723,3.2,3.6,19.386,GroupBy#1[GroupBy>DataFrameScan],True,,8.352,8.566,3.1,3.9,16.206,GroupBy#1[GroupBy>DataFrameScan],True,,0.95,1.02,,1.08
"3 alternating rounds, best of 5 each",50000000,"(t1) group-by 1 key, 200 groups, sum","MetalEngine default, cold",3,11.164,11.259,158.7,162.7,25.143,,True,"GroupBy#1: rule: estimated 191 groups over (region), a Chao1 estimate from a 512-row sample, 189 to 196: below the measured band for group_by:sum at 50,000,000 input rows (taken at 3,163 to 3,162,277 groups; no count in the estimate's range is; Benchmarks/results/polars_engine_crossover_2026-09-26-final.csv)",11.31,11.379,163.2,163.2,24.681,,True,"GroupBy#1: rule: estimated 191 groups over (region), a Chao1 estimate from a 512-row sample, 189 to 196: below the measured band for group_by:sum at 50,000,000 input rows (taken at 3,163 to 3,162,277 groups; no count in the estimate's range is; Benchmarks/results/polars_engine_crossover_2026-09-29-sort.csv)",0.99,0.99,,1.0
"3 alternating rounds, best of 5 each",50000000,"(t1) group-by 1 key, 200 groups, sum",polars in-memory,3,11.279,11.507,166.9,166.9,22.257,,,,11.08,11.15,162.2,166.4,15.442,,,,1.02,1.03,,1.0
"3 alternating rounds, best of 5 each",50000000,"(t1) group-by 1 key, 200 groups, sum",polars streaming,3,10.863,11.089,162.0,164.0,28.181,,,,10.88,10.952,161.2,161.2,26.469,,,,1.0,1.01,,0.98
"3 alternating rounds, best of 5 each",2000000,"(x2) sort by a nullable Float64 key, descending","MetalEngine all, cold",3,8.486,16.319,6.1,6.6,19.661,Sort#2[Sort>Select>DataFrameScan],True,,9.072,11.888,3.3,5.1,15.058,Sort#2[Sort>Select>DataFrameScan],True,,0.94,1.37,,0.77
"3 alternating rounds, best of 5 each",2000000,"(x2) sort by a nullable Float64 key, descending","MetalEngine all, warm",3,13.913,15.624,5.6,6.9,18.51,Sort#2[Sort>Select>DataFrameScan],True,,8.15,8.293,2.6,2.8,13.204,Sort#2[Sort>Select>DataFrameScan],True,,1.71,1.88,,0.41
"3 alternating rounds, best of 5 each",2000000,"(x2) sort by a nullable Float64 key, descending","MetalEngine default, cold",3,15.713,16.638,6.5,6.9,20.52,Sort#2,True,"Sort#2: 2,000,000 input rows is at or above the 1,000,000-row crossover for sort_helper_keys (crossover sweep, argsort int64, argsort float64, lexsort (2 int32 keys), Benchmarks/results/router_2026-09-24.json)",8.792,10.666,3.2,4.6,15.774,Sort#2,True,"Sort#2: 2,000,000 input rows is at or above the 1,000,000-row crossover for sort (crossover sweep, argsort int64, argsort float64, lexsort (2 int32 keys), Benchmarks/results/router_2026-09-24.json)",1.79,1.56,,0.67
"3 alternating rounds, best of 5 each",2000000,"(x2) sort by a nullable Float64 key, descending",polars in-memory,3,16.595,17.119,198.4,198.4,25.801,,,,17.541,17.639,205.8,203.4,23.729,,,,0.95,0.97,,1.03
"3 alternating rounds, best of 5 each",2000000,"(x2) sort by a nullable Float64 key, descending",polars streaming,3,18.095,18.732,200.7,205.8,31.303,,,,19.053,19.315,203.3,204.6,32.277,,,,0.95,0.97,,0.99
"3 alternating rounds, best of 5 each",50000000,"(x2) sort by a nullable Float64 key, descending","MetalEngine all, cold",3,133.848,134.218,14.3,14.1,151.712,Sort#2[Sort>Select>DataFrameScan],True,,93.018,93.292,9.6,10.0,116.155,Sort#2[Sort>Select>DataFrameScan],True,,1.44,1.44,,0.71
"3 alternating rounds, best of 5 each",50000000,"(x2) sort by a nullable Float64 key, descending","MetalEngine all, warm",3,126.798,127.706,6.6,6.8,145.674,Sort#2[Sort>Select>DataFrameScan],True,,86.633,88.729,3.4,5.0,100.504,Sort#2[Sort>Select>DataFrameScan],True,,1.46,1.44,,0.74
"3 alternating rounds, best of 5 each",50000000,"(x2) sort by a nullable Float64 key, descending","MetalEngine default, cold",3,134.026,134.235,13.6,13.6,163.884,Sort#2,True,"Sort#2: 50,000,000 input rows is at or above the 1,000,000-row crossover for sort_helper_keys (crossover sweep, argsort int64, argsort float64, lexsort (2 int32 keys), Benchmarks/results/router_2026-09-24.json)",93.537,93.959,10.2,10.4,106.017,Sort#2,True,"Sort#2: 50,000,000 input rows is at or above the 1,000,000-row crossover for sort (crossover sweep, argsort int64, argsort float64, lexsort (2 int32 keys), Benchmarks/results/router_2026-09-24.json)",1.43,1.43,,0.76
"3 alternating rounds, best of 5 each",50000000,"(x2) sort by a nullable Float64 key, descending",polars in-memory,3,541.779,547.391,6381.0,6379.2,607.978,,,,542.417,543.179,6376.4,6376.4,612.904,,,,1.0,1.01,,1.0
"3 alternating rounds, best of 5 each",50000000,"(x2) sort by a nullable Float64 key, descending",polars streaming,3,583.032,592.061,6459.0,6497.3,616.827,,,,587.613,588.52,6496.3,6496.3,620.249,,,,0.99,1.01,,1.0
"3 alternating rounds, best of 5 each",2000000,(x3) top 100 by an int64 key,"MetalEngine all, cold",3,4.257,4.424,4.0,4.2,6.298,Sort#3[Sort>Filter>DataFrameScan],True,,3.439,3.563,3.2,3.4,6.4,Sort#3[Sort>Filter>DataFrameScan],True,,1.24,1.24,,0.81
"3 alternating rounds, best of 5 each",2000000,(x3) top 100 by an int64 key,"MetalEngine all, warm",3,2.954,3.608,2.7,3.4,6.526,Sort#3[Sort>Filter>DataFrameScan],True,,3.249,3.735,3.0,3.4,5.911,Sort#3[Sort>Filter>DataFrameScan],True,,0.91,0.97,,1.0
"3 alternating rounds, best of 5 each",2000000,(x3) top 100 by an int64 key,"MetalEngine default, cold",3,13.51,13.643,13.6,13.8,25.235,,True,"Sort#3: rule: top_k was not measured ahead of Polars up to 50,000,000 input rows (Benchmarks/results/polars_engine_crossover_2026-09-26-final.csv)",14.232,14.478,14.4,14.8,24.053,,True,"Sort#3: rule: top_k was not measured ahead of Polars up to 50,000,000 input rows (Benchmarks/results/polars_engine_crossover_2026-09-29-sort.csv)",0.95,0.94,yes,1.07
"3 alternating rounds, best of 5 each",2000000,(x3) top 100 by an int64 key,polars in-memory,3,13.47,13.982,13.6,14.2,29.307,,,,13.845,14.572,14.1,14.7,28.769,,,,0.97,0.96,,1.04
"3 alternating rounds, best of 5 each",2000000,(x3) top 100 by an int64 key,polars streaming,3,1.952,2.009,16.7,16.7,3.287,,,,1.752,2.038,13.1,17.3,5.277,,,,1.11,0.99,,1.04
"3 alternating rounds, best of 5 each",50000000,(x3) top 100 by an int64 key,"MetalEngine all, cold",3,14.902,17.785,9.5,10.0,38.829,Sort#3[Sort>Filter>DataFrameScan],True,,16.992,17.484,9.8,10.1,38.665,Sort#3[Sort>Filter>DataFrameScan],True,,0.88,1.02,,1.01
"3 alternating rounds, best of 5 each",50000000,(x3) top 100 by an int64 key,"MetalEngine all, warm",3,10.732,11.122,3.9,4.0,23.594,Sort#3[Sort>Filter>DataFrameScan],True,,9.324,10.64,4.3,4.3,22.221,Sort#3[Sort>Filter>DataFrameScan],True,,1.15,1.05,,1.07
"3 alternating rounds, best of 5 each",50000000,(x3) top 100 by an int64 key,"MetalEngine default, cold",3,392.317,395.372,392.6,395.6,418.314,,True,"Sort#3: rule: top_k was not measured ahead of Polars up to 50,000,000 input rows (Benchmarks/results/polars_engine_crossover_2026-09-26-final.csv)",392.635,393.669,392.8,393.8,415.194,,True,"Sort#3: rule: top_k was not measured ahead of Polars up to 50,000,000 input rows (Benchmarks/results/polars_engine_crossover_2026-09-29-sort.csv)",1.0,1.0,,1.0
"3 alternating rounds, best of 5 each",50000000,(x3) top 100 by an int64 key,polars in-memory,3,395.645,396.032,395.9,396.2,420.831,,,,392.23,392.91,392.5,393.1,445.679,,,,1.01,1.01,,0.99
"3 alternating rounds, best of 5 each",50000000,(x3) top 100 by an int64 key,polars streaming,3,16.883,17.103,195.3,195.3,36.407,,,,16.683,16.808,189.4,193.8,36.545,,,,1.01,1.02,,0.99
"3 alternating rounds, best of 5 each",2000000,"(x4) top 100 by a nullable Float64 key, descending","MetalEngine all, cold",3,12.31,13.769,5.2,6.0,20.433,Sort#3[Sort>Filter>Select>DataFrameScan],True,,2.567,2.626,2.9,2.9,6.722,Sort#3[Sort>Filter>Select>DataFrameScan],True,,4.8,5.24,,0.48
"3 alternating rounds, best of 5 each",2000000,"(x4) top 100 by a nullable Float64 key, descending","MetalEngine all, warm",3,11.324,13.154,4.8,5.0,15.066,Sort#3[Sort>Filter>Select>DataFrameScan],True,,1.081,1.468,1.3,1.7,2.725,Sort#3[Sort>Filter>Select>DataFrameScan],True,,10.48,8.96,,0.34
"3 alternating rounds, best of 5 each",2000000,"(x4) top 100 by a nullable Float64 key, descending","MetalEngine default, cold",3,15.815,15.884,16.0,16.0,23.568,,True,"Sort#3: rule: top_k was not measured ahead of Polars up to 50,000,000 input rows (Benchmarks/results/polars_engine_crossover_2026-09-26-final.csv) | Filter#4: rule: rowwise was not measured ahead of Polars up to 50,000,000 input rows (Benchmarks/results/polars_engine_crossover_2026-09-26-final.csv) | Select#5: rule: rowwise was not measured ahead of Polars up to 50,000,000 input rows (Benchmarks/results/polars_engine_crossover_2026-09-26-final.csv)",16.072,17.408,16.3,17.6,36.836,,True,"Sort#3: rule: top_k was not measured ahead of Polars up to 50,000,000 input rows (Benchmarks/results/polars_engine_crossover_2026-09-29-sort.csv) | Filter#4: rule: rowwise was not measured ahead of Polars up to 50,000,000 input rows (Benchmarks/results/polars_engine_crossover_2026-09-29-sort.csv) | Select#5: rule: rowwise was not measured ahead of Polars up to 50,000,000 input rows (Benchmarks/results/polars_engine_crossover_2026-09-29-sort.csv)",0.98,0.91,,1.1
"3 alternating rounds, best of 5 each",2000000,"(x4) top 100 by a nullable Float64 key, descending",polars in-memory,3,15.941,16.665,16.2,16.8,29.631,,,,16.369,16.863,16.6,17.0,34.6,,,,0.97,0.99,,1.01
"3 alternating rounds, best of 5 each",2000000,"(x4) top 100 by a nullable Float64 key, descending",polars streaming,3,1.271,1.783,8.4,13.4,6.976,,,,1.213,1.724,9.6,14.4,3.064,,,,1.05,1.03,,1.07
"3 alternating rounds, best of 5 each",50000000,"(x4) top 100 by a nullable Float64 key, descending","MetalEngine all, cold",3,129.525,129.892,13.0,13.2,168.139,Sort#3[Sort>Filter>Select>DataFrameScan],True,,11.071,11.087,8.4,8.5,15.843,Sort#3[Sort>Filter>Select>DataFrameScan],True,,11.7,11.72,,0.64
"3 alternating rounds, best of 5 each",50000000,"(x4) top 100 by a nullable Float64 key, descending","MetalEngine all, warm",3,122.913,123.46,6.3,6.6,136.936,Sort#3[Sort>Filter>Select>DataFrameScan],True,,4.854,4.983,2.0,2.3,6.966,Sort#3[Sort>Filter>Select>DataFrameScan],True,,25.32,24.78,,0.35
"3 alternating rounds, best of 5 each",50000000,"(x4) top 100 by a nullable Float64 key, descending","MetalEngine default, cold",3,443.263,444.769,443.6,445.1,483.49,,True,"Sort#3: rule: top_k was not measured ahead of Polars up to 50,000,000 input rows (Benchmarks/results/polars_engine_crossover_2026-09-26-final.csv) | Filter#4: rule: rowwise was not measured ahead of Polars up to 50,000,000 input rows (Benchmarks/results/polars_engine_crossover_2026-09-26-final.csv) | Select#5: rule: rowwise was not measured ahead of Polars up to 50,000,000 input rows (Benchmarks/results/polars_engine_crossover_2026-09-26-final.csv)",440.26,443.469,440.5,443.7,492.937,,True,"Sort#3: rule: top_k was not measured ahead of Polars up to 50,000,000 input rows (Benchmarks/results/polars_engine_crossover_2026-09-29-sort.csv) | Filter#4: rule: rowwise was not measured ahead of Polars up to 50,000,000 input rows (Benchmarks/results/polars_engine_crossover_2026-09-29-sort.csv) | Select#5: rule: rowwise was not measured ahead of Polars up to 50,000,000 input rows (Benchmarks/results/polars_engine_crossover_2026-09-29-sort.csv)",1.01,1.0,,1.0
"3 alternating rounds, best of 5 each",50000000,"(x4) top 100 by a nullable Float64 key, descending",polars in-memory,3,444.614,445.4,444.9,445.6,495.788,,,,433.223,434.259,433.5,434.6,484.834,,,,1.03,1.03,,0.98
"3 alternating rounds, best of 5 each",50000000,"(x4) top 100 by a nullable Float64 key, descending",polars streaming,3,9.716,9.795,145.7,145.7,13.995,,,,9.752,9.787,145.8,145.8,22.481,,,,1.0,1.0,,1.0
"3 alternating rounds, best of 5 each",2000000,(y6) top 100 by an int64 key with a String column,"MetalEngine all, cold",3,4.88,5.753,4.5,5.1,10.139,Sort#3[Sort>Filter>DataFrameScan],True,,4.942,5.753,4.6,5.2,10.679,Sort#3[Sort>Filter>DataFrameScan],True,,0.99,1.0,,1.02
"3 alternating rounds, best of 5 each",2000000,(y6) top 100 by an int64 key with a String column,"MetalEngine all, warm",3,4.383,4.403,4.0,4.0,6.459,Sort#3[Sort>Filter>DataFrameScan],True,,4.579,5.58,4.2,4.9,9.866,Sort#3[Sort>Filter>DataFrameScan],True,,0.96,0.79,,1.23
"3 alternating rounds, best of 5 each",2000000,(y6) top 100 by an int64 key with a String column,"MetalEngine default, cold",3,13.77,14.291,14.0,14.5,22.044,,True,"Sort#3: rule: top_k with a String column was not measured ahead of Polars up to 50,000,000 input rows (Benchmarks/results/polars_engine_crossover_2026-09-26-final.csv)",13.877,15.108,14.0,15.2,30.152,,True,"Sort#3: rule: top_k with a String column was not measured ahead of Polars up to 50,000,000 input rows (Benchmarks/results/polars_engine_crossover_2026-09-29-sort.csv)",0.99,0.95,,1.05
"3 alternating rounds, best of 5 each",2000000,(y6) top 100 by an int64 key with a String column,polars in-memory,3,13.692,13.782,13.8,13.9,31.64,,,,14.432,14.776,14.6,14.9,27.926,,,,0.95,0.93,yes,1.07
"3 alternating rounds, best of 5 each",2000000,(y6) top 100 by an int64 key with a String column,polars streaming,3,1.971,2.249,17.0,17.0,7.806,,,,1.82,2.156,14.5,16.3,4.462,,,,1.08,1.04,,0.96
"3 alternating rounds, best of 5 each",50000000,(y6) top 100 by an int64 key with a String column,"MetalEngine all, cold",3,24.885,28.205,15.0,15.6,44.504,Sort#3[Sort>Filter>DataFrameScan],True,,24.526,24.988,14.6,15.3,43.895,Sort#3[Sort>Filter>DataFrameScan],True,,1.01,1.13,,0.98
"3 alternating rounds, best of 5 each",50000000,(y6) top 100 by an int64 key with a String column,"MetalEngine all, warm",3,22.684,22.789,12.2,12.2,44.079,Sort#3[Sort>Filter>DataFrameScan],True,,22.318,23.245,12.9,12.9,41.21,Sort#3[Sort>Filter>DataFrameScan],True,,1.02,0.98,,1.06
"3 alternating rounds, best of 5 each",50000000,(y6) top 100 by an int64 key with a String column,"MetalEngine default, cold",3,391.847,393.677,392.1,393.9,422.025,,True,"Sort#3: rule: top_k with a String column was not measured ahead of Polars up to 50,000,000 input rows (Benchmarks/results/polars_engine_crossover_2026-09-26-final.csv)",389.448,391.095,389.6,391.3,420.766,,True,"Sort#3: rule: top_k with a String column was not measured ahead of Polars up to 50,000,000 input rows (Benchmarks/results/polars_engine_crossover_2026-09-29-sort.csv)",1.01,1.01,,0.99
"3 alternating rounds, best of 5 each",50000000,(y6) top 100 by an int64 key with a String column,polars in-memory,3,377.773,379.2,378.0,379.5,410.265,,,,374.899,380.22,375.1,380.4,408.21,,,,1.01,1.0,,1.0
"3 alternating rounds, best of 5 each",50000000,(y6) top 100 by an int64 key with a String column,polars streaming,3,16.599,16.741,193.7,193.7,32.513,,,,16.427,16.655,189.0,192.5,24.511,,,,1.01,1.01,,0.99
"3 alternating rounds, best of 5 each",2000000,"(s4) scan, sort 2 columns by a float64 key [none]","MetalEngine all, cold",3,5.951,8.296,5.1,5.1,13.647,Sort#2[Sort>Scan],True,,10.091,10.214,4.6,5.5,14.927,Sort#2[Sort>Scan],True,,0.59,0.81,yes,1.08
"3 alternating rounds, best of 5 each",2000000,"(s4) scan, sort 2 columns by a float64 key [none]","MetalEngine all, warm",3,8.939,8.962,4.2,4.2,11.997,Sort#2[Sort>Scan],True,,4.993,9.13,3.2,3.2,13.893,Sort#2[Sort>Scan],True,,1.79,0.98,,0.76
"3 alternating rounds, best of 5 each",2000000,"(s4) scan, sort 2 columns by a float64 key [none]","MetalEngine default, cold",3,10.379,10.599,4.8,5.2,15.656,Sort#2,True,"Sort#2: 2,000,000 input rows is at or above the 1,500,000-row crossover for sort over a Parquet file (engine table, Benchmarks/results/polars_engine_crossover_2026-09-26-final.csv)",9.92,12.41,4.3,7.1,15.296,Sort#2,True,"Sort#2: 2,000,000 input rows is at or above the 1,500,000-row crossover for sort over a Parquet file (engine table, Benchmarks/results/polars_engine_crossover_2026-09-29-sort.csv)",1.05,0.85,,1.37
"3 alternating rounds, best of 5 each",2000000,"(s4) scan, sort 2 columns by a float64 key [none]",polars in-memory,3,19.043,19.154,209.7,209.7,31.912,,,,18.121,18.945,206.7,207.3,35.991,,,,1.05,1.01,,0.99
"3 alternating rounds, best of 5 each",2000000,"(s4) scan, sort 2 columns by a float64 key [none]",polars streaming,3,19.083,19.159,212.7,211.9,35.913,,,,18.963,19.352,213.2,210.8,29.748,,,,1.01,0.99,,0.99
"3 alternating rounds, best of 5 each",50000000,"(s4) scan, sort 2 columns by a float64 key [none]","MetalEngine all, cold",3,71.616,72.65,36.3,36.3,91.49,Sort#2[Sort>Scan],True,,72.091,73.399,28.3,38.0,92.558,Sort#2[Sort>Scan],True,,0.99,0.99,,1.05
"3 alternating rounds, best of 5 each",50000000,"(s4) scan, sort 2 columns by a float64 key [none]","MetalEngine all, warm",3,62.703,62.996,3.2,3.4,73.747,Sort#2[Sort>Scan],True,,62.295,62.841,2.9,3.1,76.919,Sort#2[Sort>Scan],True,,1.01,1.0,,0.91
"3 alternating rounds, best of 5 each",50000000,"(s4) scan, sort 2 columns by a float64 key [none]","MetalEngine default, cold",3,72.312,72.562,27.6,35.0,94.097,Sort#2,True,"Sort#2: 50,000,000 input rows is at or above the 1,500,000-row crossover for sort over a Parquet file (engine table, Benchmarks/results/polars_engine_crossover_2026-09-26-final.csv)",71.918,72.136,27.6,28.0,86.628,Sort#2,True,"Sort#2: 50,000,000 input rows is at or above the 1,500,000-row crossover for sort over a Parquet file (engine table, Benchmarks/results/polars_engine_crossover_2026-09-29-sort.csv)",1.01,1.01,,0.8
"3 alternating rounds, best of 5 each",50000000,"(s4) scan, sort 2 columns by a float64 key [none]",polars in-memory,3,553.781,562.228,6665.6,6677.2,608.41,,,,555.825,558.717,6718.9,6718.9,573.36,,,,1.0,1.01,,1.01
"3 alternating rounds, best of 5 each",50000000,"(s4) scan, sort 2 columns by a float64 key [none]",polars streaming,3,558.81,561.391,6672.9,6672.9,584.221,,,,557.239,560.19,6738.7,6703.7,566.909,,,,1.0,1.0,,1.0
"3 alternating rounds, best of 5 each",2000000,"(s4) scan, sort 2 columns by a float64 key [snappy]","MetalEngine all, cold",3,8.793,11.036,32.0,31.3,20.747,Sort#2[Sort>Scan],True,,7.586,7.652,23.3,23.3,21.36,Sort#2[Sort>Scan],True,,1.16,1.44,,0.74
"3 alternating rounds, best of 5 each",2000000,"(s4) scan, sort 2 columns by a float64 key [snappy]","MetalEngine all, warm",3,5.982,10.985,12.5,16.6,19.708,Sort#2[Sort>Scan],True,,11.412,11.896,16.3,16.3,17.233,Sort#2[Sort>Scan],True,,0.52,0.92,yes,0.98
"3 alternating rounds, best of 5 each",2000000,"(s4) scan, sort 2 columns by a float64 key [snappy]","MetalEngine default, cold",3,7.368,11.996,20.1,26.6,15.799,Sort#2,True,"Sort#2: 2,000,000 input rows is at or above the 1,500,000-row crossover for sort over a Parquet file (engine table, Benchmarks/results/polars_engine_crossover_2026-09-26-final.csv)",12.6,12.882,25.3,26.3,17.266,Sort#2,True,"Sort#2: 2,000,000 input rows is at or above the 1,500,000-row crossover for sort over a Parquet file (engine table, Benchmarks/results/polars_engine_crossover_2026-09-29-sort.csv)",0.58,0.93,yes,0.99
"3 alternating rounds, best of 5 each",2000000,"(s4) scan, sort 2 columns by a float64 key [snappy]",polars in-memory,3,22.749,23.396,218.9,220.1,41.385,,,,22.319,23.277,213.8,220.5,40.373,,,,1.02,1.01,,1.0
"3 alternating rounds, best of 5 each",2000000,"(s4) scan, sort 2 columns by a float64 key [snappy]",polars streaming,3,22.761,22.912,219.9,219.6,33.854,,,,22.838,23.934,218.3,222.6,36.017,,,,1.0,0.96,,1.01
"3 alternating rounds, best of 5 each",50000000,"(s4) scan, sort 2 columns by a float64 key [snappy]","MetalEngine all, cold",3,86.831,88.271,249.7,259.0,103.284,Sort#2[Sort>Scan],True,,86.038,87.193,249.2,250.9,111.44,Sort#2[Sort>Scan],True,,1.01,1.01,,0.97
"3 alternating rounds, best of 5 each",50000000,"(s4) scan, sort 2 columns by a float64 key [snappy]","MetalEngine all, warm",3,78.262,78.317,177.4,177.4,90.103,Sort#2[Sort>Scan],True,,78.543,79.226,176.8,194.6,97.775,Sort#2[Sort>Scan],True,,1.0,0.99,,1.1
"3 alternating rounds, best of 5 each",50000000,"(s4) scan, sort 2 columns by a float64 key [snappy]","MetalEngine default, cold",3,86.446,86.697,256.6,253.1,104.999,Sort#2,True,"Sort#2: 50,000,000 input rows is at or above the 1,500,000-row crossover for sort over a Parquet file (engine table, Benchmarks/results/polars_engine_crossover_2026-09-26-final.csv)",86.483,86.907,236.7,256.7,106.191,Sort#2,True,"Sort#2: 50,000,000 input rows is at or above the 1,500,000-row crossover for sort over a Parquet file (engine table, Benchmarks/results/polars_engine_crossover_2026-09-29-sort.csv)",1.0,1.0,,1.01
"3 alternating rounds, best of 5 each",50000000,"(s4) scan, sort 2 columns by a float64 key [snappy]",polars in-memory,3,563.268,568.572,6800.1,6794.1,611.438,,,,564.972,567.959,6799.9,6824.8,632.46,,,,1.0,1.0,,1.0
"3 alternating rounds, best of 5 each",50000000,"(s4) scan, sort 2 columns by a float64 key [snappy]",polars streaming,3,567.931,569.411,6801.0,6801.0,583.321,,,,562.237,563.033,6814.9,6814.9,577.121,,,,1.01,1.01,,1.0
flagged row re-timed alone: 8 alternating rounds of 100 runs,2000000,(m) sort 3 columns by an int64 key,"MetalEngine all, cold",8,1.807,1.865,1.4,1.5,9.104,Sort#2[Sort>DataFrameScan],True,,1.833,1.851,1.5,1.5,10.15,Sort#2[Sort>DataFrameScan],True,,0.99,1.01,,1.0
flagged row re-timed alone: 8 alternating rounds of 100 runs,2000000,(m) sort 3 columns by an int64 key,"MetalEngine all, warm",8,2.458,2.978,1.4,1.6,6.896,Sort#2[Sort>DataFrameScan],True,,1.967,2.438,1.2,1.4,7.815,Sort#2[Sort>DataFrameScan],True,,1.25,1.22,,0.87
flagged row re-timed alone: 8 alternating rounds of 100 runs,2000000,(m) sort 3 columns by an int64 key,"MetalEngine default, cold",8,1.877,1.942,1.5,1.6,8.605,Sort#2,True,"Sort#2: 2,000,000 input rows is at or above the 1,026,501-row crossover for sort (engine table, Benchmarks/results/polars_engine_crossover_2026-09-26-final.csv)",1.868,1.927,1.5,1.5,10.157,Sort#2,True,"Sort#2: 2,000,000 input rows is at or above the 1,000,000-row crossover for sort (crossover sweep, argsort int64, argsort float64, lexsort (2 int32 keys), Benchmarks/results/router_2026-09-24.json)",1.0,1.01,,0.94
flagged row re-timed alone: 8 alternating rounds of 100 runs,2000000,(m) sort 3 columns by an int64 key,polars in-memory,8,11.7,11.907,140.9,140.5,24.204,,,,11.611,11.929,140.4,139.3,22.221,,,,1.01,1.0,,0.99
flagged row re-timed alone: 8 alternating rounds of 100 runs,2000000,(m) sort 3 columns by an int64 key,polars streaming,8,13.057,13.401,141.6,141.6,21.354,,,,13.053,13.357,146.2,143.2,26.194,,,,1.0,1.0,,1.01
flagged row re-timed alone: 8 alternating rounds of 100 runs,2000000,"(o) sort with a String column, by an int64 key","MetalEngine all, cold",8,9.105,9.454,8.5,8.7,24.483,Sort#2[Sort>DataFrameScan],True,,9.322,9.49,8.7,8.8,28.532,Sort#2[Sort>DataFrameScan],True,,0.98,1.0,,1.01
flagged row re-timed alone: 8 alternating rounds of 100 runs,2000000,"(o) sort with a String column, by an int64 key","MetalEngine all, warm",8,9.079,9.254,8.4,8.4,20.62,Sort#2[Sort>DataFrameScan],True,,9.273,9.361,8.6,8.6,25.888,Sort#2[Sort>DataFrameScan],True,,0.98,0.99,,1.02
flagged row re-timed alone: 8 alternating rounds of 100 runs,2000000,"(o) sort with a String column, by an int64 key","MetalEngine default, cold",8,12.138,12.381,144.0,144.2,24.506,,True,"Sort#2: rule: 2,000,000 input rows is below the 6,301,531-row crossover for sort with a String column (engine table, Benchmarks/results/polars_engine_crossover_2026-09-26-final.csv)",12.42,12.585,148.9,146.7,25.109,,True,"Sort#2: rule: 2,000,000 input rows is below the 5,000,000-row crossover for sort with a String column (engine table, Benchmarks/results/polars_engine_crossover_2026-09-29-sort.csv)",0.98,0.98,,1.02
flagged row re-timed alone: 8 alternating rounds of 100 runs,2000000,"(o) sort with a String column, by an int64 key",polars in-memory,8,11.755,12.559,140.5,143.9,23.537,,,,12.143,12.537,144.2,144.1,21.977,,,,0.97,1.0,,1.0
flagged row re-timed alone: 8 alternating rounds of 100 runs,2000000,"(o) sort with a String column, by an int64 key",polars streaming,8,15.526,15.757,149.6,149.5,33.45,,,,15.386,15.695,153.7,150.7,28.363,,,,1.01,1.0,,1.01
flagged row re-timed alone: 8 alternating rounds of 100 runs,2000000,"(t1) group-by 1 key, 200 groups, sum","MetalEngine all, cold",8,3.313,3.636,2.4,2.8,8.835,GroupBy#1[GroupBy>DataFrameScan],True,,3.269,3.503,2.4,2.7,9.438,GroupBy#1[GroupBy>DataFrameScan],True,,1.01,1.04,,0.96
flagged row re-timed alone: 8 alternating rounds of 100 runs,2000000,"(t1) group-by 1 key, 200 groups, sum","MetalEngine all, warm",8,3.036,3.336,2.1,2.5,7.288,GroupBy#1[GroupBy>DataFrameScan],True,,3.082,3.24,2.2,2.2,8.243,GroupBy#1[GroupBy>DataFrameScan],True,,0.99,1.03,,0.88
flagged row re-timed alone: 8 alternating rounds of 100 runs,2000000,"(t1) group-by 1 key, 200 groups, sum","MetalEngine default, cold",8,1.424,1.526,14.4,14.1,11.495,,True,"GroupBy#1: rule: 2,000,000 input rows is below the 3,987,931-row crossover for group_by:sum at every group count measured (Benchmarks/results/polars_engine_crossover_2026-09-26-final.csv)",1.353,1.494,13.2,14.1,12.209,,True,"GroupBy#1: rule: 2,000,000 input rows is below the 3,987,931-row crossover for group_by:sum at every group count measured (Benchmarks/results/polars_engine_crossover_2026-09-29-sort.csv)",1.05,1.02,,1.0
flagged row re-timed alone: 8 alternating rounds of 100 runs,2000000,"(t1) group-by 1 key, 200 groups, sum",polars in-memory,8,1.226,1.351,14.5,13.6,6.694,,,,1.294,1.317,14.2,14.1,8.593,,,,0.95,1.03,,1.04
flagged row re-timed alone: 8 alternating rounds of 100 runs,2000000,"(t1) group-by 1 key, 200 groups, sum",polars streaming,8,0.97,1.026,9.6,10.2,7.98,,,,1.01,1.056,10.3,10.8,5.96,,,,0.96,0.97,,1.06
flagged row re-timed alone: 8 alternating rounds of 100 runs,2000000,(x3) top 100 by an int64 key,"MetalEngine all, cold",8,2.992,3.143,2.8,3.0,7.223,Sort#3[Sort>Filter>DataFrameScan],True,,3.001,3.138,2.8,3.0,8.343,Sort#3[Sort>Filter>DataFrameScan],True,,1.0,1.0,,1.0
flagged row re-timed alone: 8 alternating rounds of 100 runs,2000000,(x3) top 100 by an int64 key,"MetalEngine all, warm",8,2.778,2.856,2.5,2.6,6.194,Sort#3[Sort>Filter>DataFrameScan],True,,2.817,2.873,2.5,2.6,6.621,Sort#3[Sort>Filter>DataFrameScan],True,,0.99,0.99,,1.0
flagged row re-timed alone: 8 alternating rounds of 100 runs,2000000,(x3) top 100 by an int64 key,"MetalEngine default, cold",8,13.601,13.913,13.7,14.0,28.515,,True,"Sort#3: rule: top_k was not measured ahead of Polars up to 50,000,000 input rows (Benchmarks/results/polars_engine_crossover_2026-09-26-final.csv)",13.72,13.941,13.8,14.1,26.119,,True,"Sort#3: rule: top_k was not measured ahead of Polars up to 50,000,000 input rows (Benchmarks/results/polars_engine_crossover_2026-09-29-sort.csv)",0.99,1.0,,1.01
flagged row re-timed alone: 8 alternating rounds of 100 runs,2000000,(x3) top 100 by an int64 key,polars in-memory,8,13.383,13.866,13.5,13.9,30.474,,,,13.601,13.901,13.7,14.0,30.389,,,,0.98,1.0,,1.01
flagged row re-timed alone: 8 alternating rounds of 100 runs,2000000,(x3) top 100 by an int64 key,polars streaming,8,1.582,1.607,10.7,11.1,6.392,,,,1.575,1.606,11.1,11.1,4.436,,,,1.0,1.0,,1.0
flagged row re-timed alone: 8 alternating rounds of 100 runs,50000000,(b) filter + group-by 200 keys + sort desc + limit 10,"MetalEngine all, cold",8,12.556,12.844,5.7,5.9,31.699,Sort#4[Sort>Filter>GroupBy>Filter>DataFrameScan],True,,12.618,12.676,5.7,5.7,29.32,Sort#4[Sort>Filter>GroupBy>Filter>DataFrameScan],True,,1.0,1.01,,0.97
flagged row re-timed alone: 8 alternating rounds of 100 runs,50000000,(b) filter + group-by 200 keys + sort desc + limit 10,"MetalEngine all, warm",8,10.51,10.765,3.5,3.8,23.745,Sort#4[Sort>Filter>GroupBy>Filter>DataFrameScan],True,,10.447,10.607,3.5,3.6,21.12,Sort#4[Sort>Filter>GroupBy>Filter>DataFrameScan],True,,1.01,1.01,,0.95
flagged row re-timed alone: 8 alternating rounds of 100 runs,50000000,(b) filter + group-by 200 keys + sort desc + limit 10,"MetalEngine default, cold",8,29.903,30.168,175.5,177.6,50.105,,True,"Sort#4: rule: top_k was not measured ahead of Polars up to 50,000,000 input rows (Benchmarks/results/polars_engine_crossover_2026-09-26-final.csv) | Filter#5: rule: estimated 191 groups over (region), a Chao1 estimate from a 512-row sample, 189 to 196: below the measured band for group_by:count at 50,000,000 input rows (taken at 3,163 to 3,162,277 groups; no count in the estimate's range is; Benchmarks/results/polars_engine_crossover_2026-09-26-final.csv) | GroupBy#7: rule: estimated 191 groups over (region), a Chao1 estimate from a 512-row sample, 189 to 196: below the measured band for group_by:count at 50,000,000 input rows (taken at 3,163 to 3,162,277 groups; no count in the estimate's range is; Benchmarks/results/polars_engine_crossover_2026-09-26-final.csv) | Filter#1: rule: rowwise was not measured ahead of Polars up to 50,000,000 input rows (Benchmarks/results/polars_engine_crossover_2026-09-26-final.csv)",29.895,30.224,175.2,176.1,46.299,,True,"Sort#4: rule: top_k was not measured ahead of Polars up to 50,000,000 input rows (Benchmarks/results/polars_engine_crossover_2026-09-29-sort.csv) | Filter#5: rule: estimated 191 groups over (region), a Chao1 estimate from a 512-row sample, 189 to 196: below the measured band for group_by:count at 50,000,000 input rows (taken at 3,163 to 3,162,277 groups; no count in the estimate's range is; Benchmarks/results/polars_engine_crossover_2026-09-29-sort.csv) | GroupBy#7: rule: estimated 191 groups over (region), a Chao1 estimate from a 512-row sample, 189 to 196: below the measured band for group_by:count at 50,000,000 input rows (taken at 3,163 to 3,162,277 groups; no count in the estimate's range is; Benchmarks/results/polars_engine_crossover_2026-09-29-sort.csv) | Filter#1: rule: rowwise was not measured ahead of Polars up to 50,000,000 input rows (Benchmarks/results/polars_engine_crossover_2026-09-29-sort.csv)",1.0,1.0,,0.99
flagged row re-timed alone: 8 alternating rounds of 100 runs,50000000,(b) filter + group-by 200 keys + sort desc + limit 10,polars in-memory,8,29.287,29.561,173.2,175.4,45.583,,,,29.293,29.675,174.5,175.2,46.734,,,,1.0,1.0,,1.0
flagged row re-timed alone: 8 alternating rounds of 100 runs,50000000,(b) filter + group-by 200 keys + sort desc + limit 10,polars streaming,8,10.786,11.015,161.0,162.1,24.997,,,,10.911,11.008,160.8,162.5,21.214,,,,0.99,1.0,,1.0
flagged row re-timed alone: 8 alternating rounds of 100 runs,50000000,"(i) group-by 1 key, 100 000 groups, sum","MetalEngine all, cold",8,14.301,14.367,5.8,5.8,37.796,GroupBy#1[GroupBy>DataFrameScan],True,,14.365,14.419,5.8,5.9,36.116,GroupBy#1[GroupBy>DataFrameScan],True,,1.0,1.0,,1.02
flagged row re-timed alone: 8 alternating rounds of 100 runs,50000000,"(i) group-by 1 key, 100 000 groups, sum","MetalEngine all, warm",8,11.108,11.179,2.7,2.7,26.601,GroupBy#1[GroupBy>DataFrameScan],True,,11.036,11.113,2.6,2.6,26.316,GroupBy#1[GroupBy>DataFrameScan],True,,1.01,1.01,,0.96
flagged row re-timed alone: 8 alternating rounds of 100 runs,50000000,"(i) group-by 1 key, 100 000 groups, sum","MetalEngine default, cold",8,14.506,14.624,6.0,6.1,33.636,GroupBy#1,True,"GroupBy#1: 50,000,000 input rows is at or above the 5,252,956-row crossover for group_by:sum at an estimated 102,981 groups over (k1), a Chao1 estimate from a 2,048-row sample, 67,758 to 198,392 (engine table, the 100,000-group bucket, Benchmarks/results/polars_engine_crossover_2026-09-26-final.csv)",14.536,14.626,6.0,6.0,40.541,GroupBy#1,True,"GroupBy#1: 50,000,000 input rows is at or above the 5,252,956-row crossover for group_by:sum at an estimated 102,981 groups over (k1), a Chao1 estimate from a 2,048-row sample, 67,758 to 198,392 (engine table, the 100,000-group bucket, Benchmarks/results/polars_engine_crossover_2026-09-29-sort.csv)",1.0,1.0,,0.98
flagged row re-timed alone: 8 alternating rounds of 100 runs,50000000,"(i) group-by 1 key, 100 000 groups, sum",polars in-memory,8,87.834,89.091,1337.5,1338.3,107.292,,,,87.933,88.998,1338.2,1340.3,112.082,,,,1.0,1.0,,1.0
flagged row re-timed alone: 8 alternating rounds of 100 runs,50000000,"(i) group-by 1 key, 100 000 groups, sum",polars streaming,8,46.232,49.052,641.2,679.7,63.541,,,,45.901,49.215,636.6,694.2,68.703,,,,1.01,1.0,,1.02
flagged row re-timed alone: 8 alternating rounds of 100 runs,2000000,"(s4) scan, sort 2 columns by a float64 key [none]","MetalEngine all, cold",8,3.478,3.776,2.9,3.1,13.71,Sort#2[Sort>Scan],True,,3.506,3.542,2.9,3.0,14.373,Sort#2[Sort>Scan],True,,0.99,1.07,,0.97
flagged row re-timed alone: 8 alternating rounds of 100 runs,2000000,"(s4) scan, sort 2 columns by a float64 key [none]","MetalEngine all, warm",8,3.796,4.322,2.3,2.4,13.448,Sort#2[Sort>Scan],True,,4.014,4.498,2.4,2.6,11.906,Sort#2[Sort>Scan],True,,0.95,0.96,,1.08
flagged row re-timed alone: 8 alternating rounds of 100 runs,2000000,"(s4) scan, sort 2 columns by a float64 key [none]","MetalEngine default, cold",8,3.523,3.712,2.9,3.0,14.193,Sort#2,True,"Sort#2: 2,000,000 input rows is at or above the 1,500,000-row crossover for sort over a Parquet file (engine table, Benchmarks/results/polars_engine_crossover_2026-09-26-final.csv)",3.601,3.839,3.0,3.1,14.62,Sort#2,True,"Sort#2: 2,000,000 input rows is at or above the 1,500,000-row crossover for sort over a Parquet file (engine table, Benchmarks/results/polars_engine_crossover_2026-09-29-sort.csv)",0.98,0.97,,1.03
flagged row re-timed alone: 8 alternating rounds of 100 runs,2000000,"(s4) scan, sort 2 columns by a float64 key [none]",polars in-memory,8,18.013,18.212,206.1,204.4,34.188,,,,17.916,18.297,202.0,204.3,32.873,,,,1.01,1.0,,1.0
flagged row re-timed alone: 8 alternating rounds of 100 runs,2000000,"(s4) scan, sort 2 columns by a float64 key [none]",polars streaming,8,18.121,18.308,206.2,204.8,34.588,,,,18.271,18.48,204.2,204.4,35.188,,,,0.99,0.99,,1.0
flagged row re-timed alone: 8 alternating rounds of 100 runs,2000000,"(s4) scan, sort 2 columns by a float64 key [snappy]","MetalEngine all, cold",8,4.907,5.089,16.8,17.5,19.965,Sort#2[Sort>Scan],True,,4.898,5.13,12.9,17.4,17.358,Sort#2[Sort>Scan],True,,1.0,0.99,,0.99
flagged row re-timed alone: 8 alternating rounds of 100 runs,2000000,"(s4) scan, sort 2 columns by a float64 key [snappy]","MetalEngine all, warm",8,4.663,5.28,11.2,12.7,17.596,Sort#2[Sort>Scan],True,,4.808,5.473,10.7,13.1,18.391,Sort#2[Sort>Scan],True,,0.97,0.96,,1.03
flagged row re-timed alone: 8 alternating rounds of 100 runs,2000000,"(s4) scan, sort 2 columns by a float64 key [snappy]","MetalEngine default, cold",8,5.047,5.073,16.8,17.4,20.444,Sort#2,True,"Sort#2: 2,000,000 input rows is at or above the 1,500,000-row crossover for sort over a Parquet file (engine table, Benchmarks/results/polars_engine_crossover_2026-09-26-final.csv)",5.086,5.265,17.9,17.8,22.663,Sort#2,True,"Sort#2: 2,000,000 input rows is at or above the 1,500,000-row crossover for sort over a Parquet file (engine table, Benchmarks/results/polars_engine_crossover_2026-09-29-sort.csv)",0.99,0.96,,1.02
flagged row re-timed alone: 8 alternating rounds of 100 runs,2000000,"(s4) scan, sort 2 columns by a float64 key [snappy]",polars in-memory,8,21.663,22.025,210.1,211.0,35.719,,,,21.804,22.249,210.1,211.3,39.517,,,,0.99,0.99,,1.0
flagged row re-timed alone: 8 alternating rounds of 100 runs,2000000,"(s4) scan, sort 2 columns by a float64 key [snappy]",polars streaming,8,22.002,22.345,211.1,211.9,37.579,,,,22.134,22.325,214.0,213.1,40.398,,,,0.99,1.0,,1.01
