# ArrowMetal 0.2.0 on Apple M4 Max, polars 1.44.1 (16 threads), pyarrow 25.0.1, best of 7
rows,case,engine,wall_ms,cpu_ms,taken,fallbacks,equal_to_polars,vs_fastest_polars,vs_polars_in_memory,shape,input_rows,rule,row_groups_read_skipped
2000000,(a) filtered sum + count,polars in-memory,0.613,1.2,,,,,,,,,
2000000,(a) filtered sum + count,polars streaming,0.289,1.4,,,,,,,,,
2000000,(a) filtered sum + count,"MetalEngine all, cold",1.502,1.5,Select#3[Select>SimpleProjection>Filter>DataFrameScan],,True,0.19,0.41,aggregate:count+aggregate:sum|numeric|memory,2000000,,
2000000,(a) filtered sum + count,"MetalEngine all, warm",0.809,0.8,Select#3[Select>SimpleProjection>Filter>DataFrameScan],,True,0.36,0.76,aggregate:count+aggregate:sum|numeric|memory,2000000,,
2000000,(a) filtered sum + count,"MetalEngine default, cold",0.796,1.5,,,True,0.36,0.77,,,"Select#3: rule: aggregate:count was not measured ahead of Polars up to 50,000,000 input rows (Benchmarks/results/polars_engine_crossover_2026-09-26.csv) | SimpleProjection#6: rule: rowwise was not measured ahead of Polars up to 50,000,000 input rows (Benchmarks/results/polars_engine_crossover_2026-09-26.csv) | Filter#2: rule: rowwise was not measured ahead of Polars up to 50,000,000 input rows (Benchmarks/results/polars_engine_crossover_2026-09-26.csv)",
2000000,(b) filter + group-by 200 keys + sort desc + limit 10,polars in-memory,4.162,40.6,,,,,,,,,
2000000,(b) filter + group-by 200 keys + sort desc + limit 10,polars streaming,1.616,13.3,,,,,,,,,
2000000,(b) filter + group-by 200 keys + sort desc + limit 10,"MetalEngine all, cold",4.863,4.1,Sort#4[Sort>Filter>GroupBy>Filter>DataFrameScan],,True,0.33,0.86,group_by:count+group_by:sum+top_k|numeric|memory,2000000,,
2000000,(b) filter + group-by 200 keys + sort desc + limit 10,"MetalEngine all, warm",4.506,3.7,Sort#4[Sort>Filter>GroupBy>Filter>DataFrameScan],,True,0.36,0.92,group_by:count+group_by:sum+top_k|numeric|memory,2000000,,
2000000,(b) filter + group-by 200 keys + sort desc + limit 10,"MetalEngine default, cold",4.337,40.2,,,True,0.37,0.96,,,"Sort#4: rule: group_by:count was not measured ahead of Polars up to 50,000,000 input rows (Benchmarks/results/polars_engine_crossover_2026-09-26.csv) | Filter#5: rule: group_by:count was not measured ahead of Polars up to 50,000,000 input rows (Benchmarks/results/polars_engine_crossover_2026-09-26.csv) | GroupBy#7: rule: group_by:count was not measured ahead of Polars up to 50,000,000 input rows (Benchmarks/results/polars_engine_crossover_2026-09-26.csv) | Filter#1: rule: rowwise was not measured ahead of Polars up to 50,000,000 input rows (Benchmarks/results/polars_engine_crossover_2026-09-26.csv)",
2000000,"(c) group-by (region, sub) mean + max",polars in-memory,7.812,75.8,,,,,,,,,
2000000,"(c) group-by (region, sub) mean + max",polars streaming,5.833,66.2,,,,,,,,,
2000000,"(c) group-by (region, sub) mean + max","MetalEngine all, cold",5.110,4.3,GroupBy#1[GroupBy>DataFrameScan],,True,1.14,1.53,group_by_multi:mean+group_by_multi:minmax|numeric|memory,2000000,,
2000000,"(c) group-by (region, sub) mean + max","MetalEngine all, warm",4.438,3.5,GroupBy#1[GroupBy>DataFrameScan],,True,1.31,1.76,group_by_multi:mean+group_by_multi:minmax|numeric|memory,2000000,,
2000000,"(c) group-by (region, sub) mean + max","MetalEngine default, cold",8.240,76.5,,,True,0.71,0.95,,,"GroupBy#1: rule: group_by_multi:mean was not measured ahead of Polars up to 50,000,000 input rows (Benchmarks/results/polars_engine_crossover_2026-09-26.csv)",
2000000,(d) projection chain then filter,polars in-memory,6.314,6.4,,,,,,,,,
2000000,(d) projection chain then filter,polars streaming,0.751,6.7,,,,,,,,,
2000000,(d) projection chain then filter,"MetalEngine all, cold",6.003,1.7,Filter#2[Filter>Select>HStack>DataFrameScan],,True,0.13,1.05,rowwise|numeric|memory,2000000,,
2000000,(d) projection chain then filter,"MetalEngine all, warm",3.822,0.9,Filter#2[Filter>Select>HStack>DataFrameScan],,True,0.20,1.65,rowwise|numeric|memory,2000000,,
2000000,(d) projection chain then filter,"MetalEngine default, cold",6.498,6.5,,,True,0.12,0.97,,,"Filter#2: rule: rowwise was not measured ahead of Polars up to 50,000,000 input rows (Benchmarks/results/polars_engine_crossover_2026-09-26.csv) | Select#3: rule: rowwise was not measured ahead of Polars up to 50,000,000 input rows (Benchmarks/results/polars_engine_crossover_2026-09-26.csv) | HStack#6: rule: rowwise was not measured ahead of Polars up to 50,000,000 input rows (Benchmarks/results/polars_engine_crossover_2026-09-26.csv)",
2000000,(e) inner join then sum,polars in-memory,8.177,63.2,,,,,,,,,
2000000,(e) inner join then sum,polars streaming,5.141,55.5,,,,,,,,,
2000000,(e) inner join then sum,"MetalEngine all, cold",5.025,1.9,Select#3[Select>SimpleProjection>Join>DataFrameScan>DataFrameScan],,True,1.02,1.63,aggregate:sum+join:inner|numeric|memory,3000000,,
2000000,(e) inner join then sum,"MetalEngine all, warm",4.276,1.2,Select#3[Select>SimpleProjection>Join>DataFrameScan>DataFrameScan],,True,1.20,1.91,aggregate:sum+join:inner|numeric|memory,3000000,,
2000000,(e) inner join then sum,"MetalEngine default, cold",3.966,3.8,SimpleProjection#5,,True,1.30,2.06,,,"SimpleProjection#5: 3,000,000 input rows is at or above the 1,250,000-row crossover for join:inner (engine table, Benchmarks/results/polars_engine_crossover_2026-09-26.csv) | Select#3: rule: aggregate:sum was not measured ahead of Polars up to 50,000,000 input rows (Benchmarks/results/polars_engine_crossover_2026-09-26.csv)",
2000000,(f) semi join,polars in-memory,1.117,11.5,,,,,,,,,
2000000,(f) semi join,polars streaming,0.756,6.2,,,,,,,,,
2000000,(f) semi join,"MetalEngine all, cold",3.063,1.8,Join#2[Join>DataFrameScan>DataFrameScan],,True,0.25,0.36,join:semi|numeric|memory,2001000,,
2000000,(f) semi join,"MetalEngine all, warm",2.582,1.3,Join#2[Join>DataFrameScan>DataFrameScan],,True,0.29,0.43,join:semi|numeric|memory,2001000,,
2000000,(f) semi join,"MetalEngine default, cold",1.159,11.1,,,True,0.65,0.96,,,"Join#2: rule: join:semi was not measured ahead of Polars up to 51,000,000 input rows (Benchmarks/results/polars_engine_crossover_2026-09-26.csv)",
2000000,(g) row_number over partitions,polars in-memory,15.513,109.7,,,,,,,,,
2000000,(g) row_number over partitions,polars streaming,77.092,173.8,,,,,,,,,
2000000,(g) row_number over partitions,"MetalEngine all, cold",16.494,110.1,,HStack#1: expression Window has no ArrowMetal translation,True,0.94,0.94,,,,
2000000,(g) row_number over partitions,"MetalEngine all, warm",16.082,111.0,,HStack#1: expression Window has no ArrowMetal translation,True,0.96,0.96,,,,
2000000,(g) row_number over partitions,"MetalEngine default, cold",16.783,112.9,,,True,0.92,0.92,,,,
2000000,(h) as-of join,polars in-memory,6.908,10.3,,,,,,,,,
2000000,(h) as-of join,polars streaming,1.287,10.0,,,,,,,,,
2000000,(h) as-of join,"MetalEngine all, cold",6.946,9.7,,"Join#2: AsOf join (inner, left, semi and anti are taken)",True,0.19,0.99,,,,
2000000,(h) as-of join,"MetalEngine all, warm",6.995,9.9,,"Join#2: AsOf join (inner, left, semi and anti are taken)",True,0.18,0.99,,,,
2000000,(h) as-of join,"MetalEngine default, cold",7.076,10.1,,,True,0.18,0.98,,,,
2000000,"(i) group-by 1 key, 100 000 groups, sum",polars in-memory,6.396,63.1,,,,,,,,,
2000000,"(i) group-by 1 key, 100 000 groups, sum",polars streaming,3.280,32.8,,,,,,,,,
2000000,"(i) group-by 1 key, 100 000 groups, sum","MetalEngine all, cold",4.063,3.1,GroupBy#1[GroupBy>DataFrameScan],,True,0.81,1.57,group_by:sum|numeric|memory,2000000,,
2000000,"(i) group-by 1 key, 100 000 groups, sum","MetalEngine all, warm",3.535,2.6,GroupBy#1[GroupBy>DataFrameScan],,True,0.93,1.81,group_by:sum|numeric|memory,2000000,,
2000000,"(i) group-by 1 key, 100 000 groups, sum","MetalEngine default, cold",6.532,62.0,,,True,0.50,0.98,,,"GroupBy#1: rule: group_by:sum was not measured ahead of Polars up to 50,000,000 input rows (Benchmarks/results/polars_engine_crossover_2026-09-26.csv)",
2000000,"(j) group-by (k1, k2), sum + count",polars in-memory,16.639,172.5,,,,,,,,,
2000000,"(j) group-by (k1, k2), sum + count",polars streaming,8.211,82.2,,,,,,,,,
2000000,"(j) group-by (k1, k2), sum + count","MetalEngine all, cold",23.700,14.1,GroupBy#1[GroupBy>DataFrameScan],,True,0.35,0.70,group_by_multi:count+group_by_multi:sum|numeric|memory,2000000,,
2000000,"(j) group-by (k1, k2), sum + count","MetalEngine all, warm",20.906,13.2,GroupBy#1[GroupBy>DataFrameScan],,True,0.39,0.80,group_by_multi:count+group_by_multi:sum|numeric|memory,2000000,,
2000000,"(j) group-by (k1, k2), sum + count","MetalEngine default, cold",15.313,174.5,,,True,0.54,1.09,,,"GroupBy#1: rule: group_by_multi:count was not measured ahead of Polars up to 50,000,000 input rows (Benchmarks/results/polars_engine_crossover_2026-09-26.csv)",
2000000,"(k) group-by (String, int32), sum",polars in-memory,16.151,179.7,,,,,,,,,
2000000,"(k) group-by (String, int32), sum",polars streaming,8.748,91.1,,,,,,,,,
2000000,"(k) group-by (String, int32), sum","MetalEngine all, cold",21.846,18.8,GroupBy#1[GroupBy>DataFrameScan],,True,0.40,0.74,group_by_multi:sum|string|memory,2000000,,
2000000,"(k) group-by (String, int32), sum","MetalEngine all, warm",21.698,18.5,GroupBy#1[GroupBy>DataFrameScan],,True,0.40,0.74,group_by_multi:sum|string|memory,2000000,,
2000000,"(k) group-by (String, int32), sum","MetalEngine default, cold",18.090,181.3,,,True,0.48,0.89,,,"GroupBy#1: rule: group_by_multi:sum with a String column was not measured ahead of Polars up to 50,000,000 input rows (Benchmarks/results/polars_engine_crossover_2026-09-26.csv)",
2000000,"(l) group-by (region, sub), Float64 sum + mean",polars in-memory,9.235,84.5,,,,,,,,,
2000000,"(l) group-by (region, sub), Float64 sum + mean",polars streaming,5.885,65.3,,,,,,,,,
2000000,"(l) group-by (region, sub), Float64 sum + mean","MetalEngine all, cold",8.667,4.9,GroupBy#2[GroupBy>HStack>DataFrameScan],,True,0.68,1.07,group_by_multi:mean+group_by_multi:sum|numeric|memory,2000000,,
2000000,"(l) group-by (region, sub), Float64 sum + mean","MetalEngine all, warm",8.044,4.3,GroupBy#2[GroupBy>HStack>DataFrameScan],,True,0.73,1.15,group_by_multi:mean+group_by_multi:sum|numeric|memory,2000000,,
2000000,"(l) group-by (region, sub), Float64 sum + mean","MetalEngine default, cold",9.448,89.3,,,True,0.62,0.98,,,"GroupBy#2: rule: group_by_multi:mean was not measured ahead of Polars up to 50,000,000 input rows (Benchmarks/results/polars_engine_crossover_2026-09-26.csv) | HStack#1: rule: rowwise was not measured ahead of Polars up to 50,000,000 input rows (Benchmarks/results/polars_engine_crossover_2026-09-26.csv)",
2000000,(m) sort 3 columns by an int64 key,polars in-memory,13.239,139.9,,,,,,,,,
2000000,(m) sort 3 columns by an int64 key,polars streaming,15.078,141.6,,,,,,,,,
2000000,(m) sort 3 columns by an int64 key,"MetalEngine all, cold",5.398,2.3,Sort#2[Sort>DataFrameScan],,True,2.45,2.45,sort|numeric|memory,2000000,,
2000000,(m) sort 3 columns by an int64 key,"MetalEngine all, warm",1.997,1.2,Sort#2[Sort>DataFrameScan],,True,6.63,6.63,sort|numeric|memory,2000000,,
2000000,(m) sort 3 columns by an int64 key,"MetalEngine default, cold",3.060,2.3,Sort#2,,True,4.33,4.33,,,"Sort#2: 2,000,000 input rows is at or above the 1,000,000-row crossover for sort (crossover sweep, argsort int64, argsort float64, lexsort (2 int32 keys), Benchmarks/results/router_2026-09-24.json)",
2000000,"(n) top 100 by Float64, descending",polars in-memory,14.851,15.0,,,,,,,,,
2000000,"(n) top 100 by Float64, descending",polars streaming,1.741,14.4,,,,,,,,,
2000000,"(n) top 100 by Float64, descending","MetalEngine all, cold",4.814,2.7,Sort#3[Sort>Filter>DataFrameScan],,True,0.36,3.08,top_k|numeric|memory,2000000,,
2000000,"(n) top 100 by Float64, descending","MetalEngine all, warm",3.958,1.8,Sort#3[Sort>Filter>DataFrameScan],,True,0.44,3.75,top_k|numeric|memory,2000000,,
2000000,"(n) top 100 by Float64, descending","MetalEngine default, cold",16.307,16.4,,,True,0.11,0.91,,,"Sort#3: rule: top_k was not measured ahead of Polars up to 50,000,000 input rows (Benchmarks/results/polars_engine_crossover_2026-09-26.csv)",
2000000,"(o) sort with a String column, by an int64 key",polars in-memory,13.660,143.8,,,,,,,,,
2000000,"(o) sort with a String column, by an int64 key",polars streaming,17.336,147.9,,,,,,,,,
2000000,"(o) sort with a String column, by an int64 key","MetalEngine all, cold",20.965,16.8,Sort#2[Sort>DataFrameScan],,True,0.65,0.65,sort|string|memory,2000000,,
2000000,"(o) sort with a String column, by an int64 key","MetalEngine all, warm",20.419,16.3,Sort#2[Sort>DataFrameScan],,True,0.67,0.67,sort|string|memory,2000000,,
2000000,"(o) sort with a String column, by an int64 key","MetalEngine default, cold",14.595,154.0,,,True,0.94,0.94,,,"Sort#2: rule: sort with a String column was not measured ahead of Polars up to 50,000,000 input rows (Benchmarks/results/polars_engine_crossover_2026-09-26.csv)",
2000000,"(p) filter, then sort by (int32 asc, nullable Float64 desc)",polars in-memory,23.764,249.4,,,,,,,,,
2000000,"(p) filter, then sort by (int32 asc, nullable Float64 desc)",polars streaming,24.988,261.5,,,,,,,,,
2000000,"(p) filter, then sort by (int32 asc, nullable Float64 desc)","MetalEngine all, cold",25.439,21.9,Sort#3[Sort>HStack>Filter>DataFrameScan],,True,0.93,0.93,sort_helper_keys|string|memory,2000000,,
2000000,"(p) filter, then sort by (int32 asc, nullable Float64 desc)","MetalEngine all, warm",30.065,20.4,Sort#3[Sort>HStack>Filter>DataFrameScan],,True,0.79,0.79,sort_helper_keys|string|memory,2000000,,
2000000,"(p) filter, then sort by (int32 asc, nullable Float64 desc)","MetalEngine default, cold",24.139,232.5,,,True,0.98,0.98,,,"Sort#3: rule: 2,000,000 input rows is below the 4,458,670-row crossover for sort_helper_keys with a String column (engine table, Benchmarks/results/polars_engine_crossover_2026-09-26.csv) | HStack#2: rule: rowwise with a String column was not measured ahead of Polars up to 50,000,000 input rows (Benchmarks/results/polars_engine_crossover_2026-09-26.csv) | Filter#0: rule: rowwise with a String column was not measured ahead of Polars up to 50,000,000 input rows (Benchmarks/results/polars_engine_crossover_2026-09-26.csv)",
2000000,"(q) filter, then sort by (int32 asc, int64 desc)",polars in-memory,15.227,139.0,,,,,,,,,
2000000,"(q) filter, then sort by (int32 asc, int64 desc)",polars streaming,15.543,154.4,,,,,,,,,
2000000,"(q) filter, then sort by (int32 asc, int64 desc)","MetalEngine all, cold",8.644,3.8,Sort#3[Sort>Filter>DataFrameScan],,True,1.76,1.76,sort|numeric|memory,2000000,,
2000000,"(q) filter, then sort by (int32 asc, int64 desc)","MetalEngine all, warm",6.628,2.5,Sort#3[Sort>Filter>DataFrameScan],,True,2.30,2.30,sort|numeric|memory,2000000,,
2000000,"(q) filter, then sort by (int32 asc, int64 desc)","MetalEngine default, cold",7.293,3.9,Sort#3,,True,2.09,2.09,,,"Sort#3: 2,000,000 input rows is at or above the 1,000,000-row crossover for sort (crossover sweep, argsort int64, argsort float64, lexsort (2 int32 keys), Benchmarks/results/router_2026-09-24.json)",
2000000,"(r) unique over (region, sub), keep first",polars in-memory,5.739,57.6,,,,,,,,,
2000000,"(r) unique over (region, sub), keep first",polars streaming,7.760,85.1,,,,,,,,,
2000000,"(r) unique over (region, sub), keep first","MetalEngine all, cold",3.685,3.8,Distinct#1[Distinct>DataFrameScan],,True,1.56,1.56,distinct|numeric|memory,2000000,,
2000000,"(r) unique over (region, sub), keep first","MetalEngine all, warm",2.827,2.7,Distinct#1[Distinct>DataFrameScan],,True,2.03,2.03,distinct|numeric|memory,2000000,,
2000000,"(r) unique over (region, sub), keep first","MetalEngine default, cold",5.927,56.3,,,True,0.97,0.97,,,"Distinct#1: rule: 2,000,000 input rows is below the 3,399,993-row crossover for distinct (engine table, Benchmarks/results/polars_engine_crossover_2026-09-26.csv)",
2000000,(a2) filtered min + max,polars in-memory,0.668,3.3,,,,,,,,,
2000000,(a2) filtered min + max,polars streaming,0.258,1.4,,,,,,,,,
2000000,(a2) filtered min + max,"MetalEngine all, cold",2.355,1.7,Select#3[Select>SimpleProjection>Filter>DataFrameScan],,True,0.11,0.28,aggregate:minmax|numeric|memory,2000000,,
2000000,(a2) filtered min + max,"MetalEngine all, warm",1.650,1.0,Select#3[Select>SimpleProjection>Filter>DataFrameScan],,True,0.16,0.40,aggregate:minmax|numeric|memory,2000000,,
2000000,(a2) filtered min + max,"MetalEngine default, cold",0.880,4.0,,,True,0.29,0.76,,,"Select#3: rule: aggregate:minmax was not measured ahead of Polars up to 50,000,000 input rows (Benchmarks/results/polars_engine_crossover_2026-09-26.csv) | SimpleProjection#6: rule: rowwise was not measured ahead of Polars up to 50,000,000 input rows (Benchmarks/results/polars_engine_crossover_2026-09-26.csv) | Filter#2: rule: rowwise was not measured ahead of Polars up to 50,000,000 input rows (Benchmarks/results/polars_engine_crossover_2026-09-26.csv)",
2000000,(a3) filtered mean,polars in-memory,0.550,1.2,,,,,,,,,
2000000,(a3) filtered mean,polars streaming,0.256,1.2,,,,,,,,,
2000000,(a3) filtered mean,"MetalEngine all, cold",3.595,1.6,Select#3[Select>SimpleProjection>Filter>DataFrameScan],,True,0.07,0.15,aggregate:mean|numeric|memory,2000000,,
2000000,(a3) filtered mean,"MetalEngine all, warm",2.873,0.9,Select#3[Select>SimpleProjection>Filter>DataFrameScan],,True,0.09,0.19,aggregate:mean|numeric|memory,2000000,,
2000000,(a3) filtered mean,"MetalEngine default, cold",0.826,1.7,,,True,0.31,0.67,,,"Select#3: rule: aggregate:mean was not measured ahead of Polars up to 50,000,000 input rows (Benchmarks/results/polars_engine_crossover_2026-09-26.csv) | SimpleProjection#6: rule: rowwise was not measured ahead of Polars up to 50,000,000 input rows (Benchmarks/results/polars_engine_crossover_2026-09-26.csv) | Filter#2: rule: rowwise was not measured ahead of Polars up to 50,000,000 input rows (Benchmarks/results/polars_engine_crossover_2026-09-26.csv)",
2000000,(a4) filtered count,polars in-memory,0.464,1.3,,,,,,,,,
2000000,(a4) filtered count,polars streaming,0.139,0.8,,,,,,,,,
2000000,(a4) filtered count,"MetalEngine all, cold",0.989,1.2,Select#3[Select>DataFrameScan],,True,0.14,0.47,aggregate:sum|numeric|memory,2000000,,
2000000,(a4) filtered count,"MetalEngine all, warm",0.492,0.6,Select#3[Select>DataFrameScan],,True,0.28,0.94,aggregate:sum|numeric|memory,2000000,,
2000000,(a4) filtered count,"MetalEngine default, cold",0.635,2.0,,,True,0.22,0.73,,,"Select#3: rule: aggregate:sum was not measured ahead of Polars up to 50,000,000 input rows (Benchmarks/results/polars_engine_crossover_2026-09-26.csv)",
2000000,"(t1) group-by 1 key, 200 groups, sum",polars in-memory,1.297,15.5,,,,,,,,,
2000000,"(t1) group-by 1 key, 200 groups, sum",polars streaming,1.118,10.3,,,,,,,,,
2000000,"(t1) group-by 1 key, 200 groups, sum","MetalEngine all, cold",3.917,2.8,GroupBy#1[GroupBy>DataFrameScan],,True,0.29,0.33,group_by:sum|numeric|memory,2000000,,
2000000,"(t1) group-by 1 key, 200 groups, sum","MetalEngine all, warm",3.389,2.2,GroupBy#1[GroupBy>DataFrameScan],,True,0.33,0.38,group_by:sum|numeric|memory,2000000,,
2000000,"(t1) group-by 1 key, 200 groups, sum","MetalEngine default, cold",1.775,14.2,,,True,0.63,0.73,,,"GroupBy#1: rule: group_by:sum was not measured ahead of Polars up to 50,000,000 input rows (Benchmarks/results/polars_engine_crossover_2026-09-26.csv)",
2000000,"(t2) group-by 1 key, 200 groups, count",polars in-memory,1.206,13.2,,,,,,,,,
2000000,"(t2) group-by 1 key, 200 groups, count",polars streaming,1.077,10.0,,,,,,,,,
2000000,"(t2) group-by 1 key, 200 groups, count","MetalEngine all, cold",3.126,2.4,GroupBy#1[GroupBy>DataFrameScan],,True,0.34,0.39,group_by:count|numeric|memory,2000000,,
2000000,"(t2) group-by 1 key, 200 groups, count","MetalEngine all, warm",2.982,2.2,GroupBy#1[GroupBy>DataFrameScan],,True,0.36,0.40,group_by:count|numeric|memory,2000000,,
2000000,"(t2) group-by 1 key, 200 groups, count","MetalEngine default, cold",1.519,13.4,,,True,0.71,0.79,,,"GroupBy#1: rule: group_by:count was not measured ahead of Polars up to 50,000,000 input rows (Benchmarks/results/polars_engine_crossover_2026-09-26.csv)",
2000000,"(t3) group-by 1 key, 200 groups, mean",polars in-memory,1.355,15.7,,,,,,,,,
2000000,"(t3) group-by 1 key, 200 groups, mean",polars streaming,1.142,11.2,,,,,,,,,
2000000,"(t3) group-by 1 key, 200 groups, mean","MetalEngine all, cold",7.083,3.2,GroupBy#1[GroupBy>DataFrameScan],,True,0.16,0.19,group_by:mean|numeric|memory,2000000,,
2000000,"(t3) group-by 1 key, 200 groups, mean","MetalEngine all, warm",5.573,2.6,GroupBy#1[GroupBy>DataFrameScan],,True,0.20,0.24,group_by:mean|numeric|memory,2000000,,
2000000,"(t3) group-by 1 key, 200 groups, mean","MetalEngine default, cold",1.551,15.1,,,True,0.74,0.87,,,"GroupBy#1: rule: group_by:mean was not measured ahead of Polars up to 50,000,000 input rows (Benchmarks/results/polars_engine_crossover_2026-09-26.csv)",
2000000,"(t4) group-by 1 key, 200 groups, min + max",polars in-memory,1.678,15.1,,,,,,,,,
2000000,"(t4) group-by 1 key, 200 groups, min + max",polars streaming,1.336,13.7,,,,,,,,,
2000000,"(t4) group-by 1 key, 200 groups, min + max","MetalEngine all, cold",3.795,3.1,GroupBy#1[GroupBy>DataFrameScan],,True,0.35,0.44,group_by:minmax|numeric|memory,2000000,,
2000000,"(t4) group-by 1 key, 200 groups, min + max","MetalEngine all, warm",3.190,2.4,GroupBy#1[GroupBy>DataFrameScan],,True,0.42,0.53,group_by:minmax|numeric|memory,2000000,,
2000000,"(t4) group-by 1 key, 200 groups, min + max","MetalEngine default, cold",1.794,14.6,,,True,0.74,0.94,,,"GroupBy#1: rule: group_by:minmax was not measured ahead of Polars up to 50,000,000 input rows (Benchmarks/results/polars_engine_crossover_2026-09-26.csv)",
2000000,"(t5) group-by 1 key, 100 000 groups, count",polars in-memory,5.265,52.4,,,,,,,,,
2000000,"(t5) group-by 1 key, 100 000 groups, count",polars streaming,2.892,26.9,,,,,,,,,
2000000,"(t5) group-by 1 key, 100 000 groups, count","MetalEngine all, cold",2.969,2.5,GroupBy#1[GroupBy>DataFrameScan],,True,0.97,1.77,group_by:count|numeric|memory,2000000,,
2000000,"(t5) group-by 1 key, 100 000 groups, count","MetalEngine all, warm",2.814,2.3,GroupBy#1[GroupBy>DataFrameScan],,True,1.03,1.87,group_by:count|numeric|memory,2000000,,
2000000,"(t5) group-by 1 key, 100 000 groups, count","MetalEngine default, cold",5.655,52.3,,,True,0.51,0.93,,,"GroupBy#1: rule: group_by:count was not measured ahead of Polars up to 50,000,000 input rows (Benchmarks/results/polars_engine_crossover_2026-09-26.csv)",
2000000,"(t6) group-by 1 key, 100 000 groups, mean",polars in-memory,6.645,62.5,,,,,,,,,
2000000,"(t6) group-by 1 key, 100 000 groups, mean",polars streaming,3.307,33.0,,,,,,,,,
2000000,"(t6) group-by 1 key, 100 000 groups, mean","MetalEngine all, cold",8.912,3.5,GroupBy#1[GroupBy>DataFrameScan],,True,0.37,0.75,group_by:mean|numeric|memory,2000000,,
2000000,"(t6) group-by 1 key, 100 000 groups, mean","MetalEngine all, warm",7.240,2.8,GroupBy#1[GroupBy>DataFrameScan],,True,0.46,0.92,group_by:mean|numeric|memory,2000000,,
2000000,"(t6) group-by 1 key, 100 000 groups, mean","MetalEngine default, cold",6.224,65.4,,,True,0.53,1.07,,,"GroupBy#1: rule: group_by:mean was not measured ahead of Polars up to 50,000,000 input rows (Benchmarks/results/polars_engine_crossover_2026-09-26.csv)",
2000000,"(t7) group-by 1 key, 100 000 groups, min + max",polars in-memory,6.242,65.1,,,,,,,,,
2000000,"(t7) group-by 1 key, 100 000 groups, min + max",polars streaming,3.749,35.1,,,,,,,,,
2000000,"(t7) group-by 1 key, 100 000 groups, min + max","MetalEngine all, cold",6.485,3.2,GroupBy#1[GroupBy>DataFrameScan],,True,0.58,0.96,group_by:minmax|numeric|memory,2000000,,
2000000,"(t7) group-by 1 key, 100 000 groups, min + max","MetalEngine all, warm",5.932,2.6,GroupBy#1[GroupBy>DataFrameScan],,True,0.63,1.05,group_by:minmax|numeric|memory,2000000,,
2000000,"(t7) group-by 1 key, 100 000 groups, min + max","MetalEngine default, cold",6.650,67.6,,,True,0.56,0.94,,,"GroupBy#1: rule: group_by:minmax was not measured ahead of Polars up to 50,000,000 input rows (Benchmarks/results/polars_engine_crossover_2026-09-26.csv)",
2000000,"(v1) group-by (region, sub), sum",polars in-memory,6.001,69.8,,,,,,,,,
2000000,"(v1) group-by (region, sub), sum",polars streaming,5.146,57.8,,,,,,,,,
2000000,"(v1) group-by (region, sub), sum","MetalEngine all, cold",4.142,3.6,GroupBy#1[GroupBy>DataFrameScan],,True,1.24,1.45,group_by_multi:sum|numeric|memory,2000000,,
2000000,"(v1) group-by (region, sub), sum","MetalEngine all, warm",3.457,2.8,GroupBy#1[GroupBy>DataFrameScan],,True,1.49,1.74,group_by_multi:sum|numeric|memory,2000000,,
2000000,"(v1) group-by (region, sub), sum","MetalEngine default, cold",7.080,66.7,,,True,0.73,0.85,,,"GroupBy#1: rule: group_by_multi:sum was not measured ahead of Polars up to 50,000,000 input rows (Benchmarks/results/polars_engine_crossover_2026-09-26.csv)",
2000000,"(v2) group-by (region, sub), count",polars in-memory,6.011,53.6,,,,,,,,,
2000000,"(v2) group-by (region, sub), count",polars streaming,5.104,56.2,,,,,,,,,
2000000,"(v2) group-by (region, sub), count","MetalEngine all, cold",3.255,3.2,GroupBy#1[GroupBy>DataFrameScan],,True,1.57,1.85,group_by_multi:count|numeric|memory,2000000,,
2000000,"(v2) group-by (region, sub), count","MetalEngine all, warm",2.953,2.8,GroupBy#1[GroupBy>DataFrameScan],,True,1.73,2.04,group_by_multi:count|numeric|memory,2000000,,
2000000,"(v2) group-by (region, sub), count","MetalEngine default, cold",6.598,59.9,,,True,0.77,0.91,,,"GroupBy#1: rule: group_by_multi:count was not measured ahead of Polars up to 50,000,000 input rows (Benchmarks/results/polars_engine_crossover_2026-09-26.csv)",
2000000,"(v3) group-by (k1, k2), mean",polars in-memory,17.378,194.0,,,,,,,,,
2000000,"(v3) group-by (k1, k2), mean",polars streaming,8.216,81.9,,,,,,,,,
2000000,"(v3) group-by (k1, k2), mean","MetalEngine all, cold",42.119,9.3,GroupBy#1[GroupBy>DataFrameScan],,True,0.20,0.41,group_by_multi:mean|numeric|memory,2000000,,
2000000,"(v3) group-by (k1, k2), mean","MetalEngine all, warm",41.445,8.5,GroupBy#1[GroupBy>DataFrameScan],,True,0.20,0.42,group_by_multi:mean|numeric|memory,2000000,,
2000000,"(v3) group-by (k1, k2), mean","MetalEngine default, cold",17.437,187.0,,,True,0.47,1.00,,,"GroupBy#1: rule: group_by_multi:mean was not measured ahead of Polars up to 50,000,000 input rows (Benchmarks/results/polars_engine_crossover_2026-09-26.csv)",
2000000,"(v4) group-by (k1, k2), min + max",polars in-memory,18.549,203.4,,,,,,,,,
2000000,"(v4) group-by (k1, k2), min + max",polars streaming,8.752,86.7,,,,,,,,,
2000000,"(v4) group-by (k1, k2), min + max","MetalEngine all, cold",13.661,9.4,GroupBy#1[GroupBy>DataFrameScan],,True,0.64,1.36,group_by_multi:minmax|numeric|memory,2000000,,
2000000,"(v4) group-by (k1, k2), min + max","MetalEngine all, warm",13.319,8.4,GroupBy#1[GroupBy>DataFrameScan],,True,0.66,1.39,group_by_multi:minmax|numeric|memory,2000000,,
2000000,"(v4) group-by (k1, k2), min + max","MetalEngine default, cold",19.567,200.1,,,True,0.45,0.95,,,"GroupBy#1: rule: group_by_multi:minmax was not measured ahead of Polars up to 50,000,000 input rows (Benchmarks/results/polars_engine_crossover_2026-09-26.csv)",
2000000,"(w1) inner join, 1M-row build side",polars in-memory,7.418,54.0,,,,,,,,,
2000000,"(w1) inner join, 1M-row build side",polars streaming,5.245,57.2,,,,,,,,,
2000000,"(w1) inner join, 1M-row build side","MetalEngine all, cold",4.357,1.8,Join#2[Join>DataFrameScan>DataFrameScan],,True,1.20,1.70,join:inner|numeric|memory,3000000,,
2000000,"(w1) inner join, 1M-row build side","MetalEngine all, warm",3.593,1.1,Join#2[Join>DataFrameScan>DataFrameScan],,True,1.46,2.06,join:inner|numeric|memory,3000000,,
2000000,"(w1) inner join, 1M-row build side","MetalEngine default, cold",3.998,2.0,Join#2,,True,1.31,1.86,,,"Join#2: 3,000,000 input rows is at or above the 1,250,000-row crossover for join:inner (engine table, Benchmarks/results/polars_engine_crossover_2026-09-26.csv)",
2000000,"(w2) left join, 1M-row build side",polars in-memory,10.527,79.5,,,,,,,,,
2000000,"(w2) left join, 1M-row build side",polars streaming,6.249,66.6,,,,,,,,,
2000000,"(w2) left join, 1M-row build side","MetalEngine all, cold",5.292,2.3,Join#2[Join>DataFrameScan>DataFrameScan],,True,1.18,1.99,join:left|numeric|memory,3000000,,
2000000,"(w2) left join, 1M-row build side","MetalEngine all, warm",3.931,1.4,Join#2[Join>DataFrameScan>DataFrameScan],,True,1.59,2.68,join:left|numeric|memory,3000000,,
2000000,"(w2) left join, 1M-row build side","MetalEngine default, cold",3.969,2.4,Join#2,,True,1.57,2.65,,,"Join#2: 3,000,000 input rows is at or above the 1,250,000-row crossover for join:left (engine table, Benchmarks/results/polars_engine_crossover_2026-09-26.csv)",
2000000,"(w3) semi join, 1M-row build side",polars in-memory,7.887,72.6,,,,,,,,,
2000000,"(w3) semi join, 1M-row build side",polars streaming,4.016,42.2,,,,,,,,,
2000000,"(w3) semi join, 1M-row build side","MetalEngine all, cold",4.917,2.5,Join#2[Join>DataFrameScan>DataFrameScan],,True,0.82,1.60,join:semi|numeric|memory,3000000,,
2000000,"(w3) semi join, 1M-row build side","MetalEngine all, warm",4.057,1.6,Join#2[Join>DataFrameScan>DataFrameScan],,True,0.99,1.94,join:semi|numeric|memory,3000000,,
2000000,"(w3) semi join, 1M-row build side","MetalEngine default, cold",8.159,73.0,,,True,0.49,0.97,,,"Join#2: rule: join:semi was not measured ahead of Polars up to 51,000,000 input rows (Benchmarks/results/polars_engine_crossover_2026-09-26.csv)",
2000000,"(w4) anti join, 1M-row build side",polars in-memory,7.798,71.8,,,,,,,,,
2000000,"(w4) anti join, 1M-row build side",polars streaming,4.127,40.7,,,,,,,,,
2000000,"(w4) anti join, 1M-row build side","MetalEngine all, cold",4.889,2.4,Join#2[Join>DataFrameScan>DataFrameScan],,True,0.84,1.59,join:anti|numeric|memory,3000000,,
2000000,"(w4) anti join, 1M-row build side","MetalEngine all, warm",4.140,1.7,Join#2[Join>DataFrameScan>DataFrameScan],,True,1.00,1.88,join:anti|numeric|memory,3000000,,
2000000,"(w4) anti join, 1M-row build side","MetalEngine default, cold",7.949,74.6,,,True,0.52,0.98,,,"Join#2: rule: 3,000,000 input rows is below the 7,451,256-row crossover for join:anti (engine table, Benchmarks/results/polars_engine_crossover_2026-09-26.csv)",
2000000,"(x1) unique over (k1, k2), keep first",polars in-memory,18.031,143.7,,,,,,,,,
2000000,"(x1) unique over (k1, k2), keep first",polars streaming,10.908,98.8,,,,,,,,,
2000000,"(x1) unique over (k1, k2), keep first","MetalEngine all, cold",16.220,10.0,Distinct#2[Distinct>DataFrameScan],,True,0.67,1.11,distinct|numeric|memory,2000000,,
2000000,"(x1) unique over (k1, k2), keep first","MetalEngine all, warm",14.795,9.0,Distinct#2[Distinct>DataFrameScan],,True,0.74,1.22,distinct|numeric|memory,2000000,,
2000000,"(x1) unique over (k1, k2), keep first","MetalEngine default, cold",18.843,150.9,,,True,0.58,0.96,,,"Distinct#2: rule: 2,000,000 input rows is below the 3,399,993-row crossover for distinct (engine table, Benchmarks/results/polars_engine_crossover_2026-09-26.csv)",
2000000,"(x2) sort by a nullable Float64 key, descending",polars in-memory,19.941,198.7,,,,,,,,,
2000000,"(x2) sort by a nullable Float64 key, descending",polars streaming,20.478,202.4,,,,,,,,,
2000000,"(x2) sort by a nullable Float64 key, descending","MetalEngine all, cold",7.822,4.9,Sort#2[Sort>Select>DataFrameScan],,True,2.55,2.55,sort_helper_keys|numeric|memory,2000000,,
2000000,"(x2) sort by a nullable Float64 key, descending","MetalEngine all, warm",7.189,3.9,Sort#2[Sort>Select>DataFrameScan],,True,2.77,2.77,sort_helper_keys|numeric|memory,2000000,,
2000000,"(x2) sort by a nullable Float64 key, descending","MetalEngine default, cold",8.550,5.1,Sort#2,,True,2.33,2.33,,,"Sort#2: 2,000,000 input rows is at or above the 1,000,000-row crossover for sort_helper_keys (crossover sweep, argsort int64, argsort float64, lexsort (2 int32 keys), Benchmarks/results/router_2026-09-24.json)",
2000000,(x3) top 100 by an int64 key,polars in-memory,15.160,15.6,,,,,,,,,
2000000,(x3) top 100 by an int64 key,polars streaming,1.681,12.9,,,,,,,,,
2000000,(x3) top 100 by an int64 key,"MetalEngine all, cold",3.833,3.6,Sort#3[Sort>Filter>DataFrameScan],,True,0.44,3.96,top_k|numeric|memory,2000000,,
2000000,(x3) top 100 by an int64 key,"MetalEngine all, warm",2.989,2.7,Sort#3[Sort>Filter>DataFrameScan],,True,0.56,5.07,top_k|numeric|memory,2000000,,
2000000,(x3) top 100 by an int64 key,"MetalEngine default, cold",15.876,16.1,,,True,0.11,0.95,,,"Sort#3: rule: top_k was not measured ahead of Polars up to 50,000,000 input rows (Benchmarks/results/polars_engine_crossover_2026-09-26.csv)",
2000000,"(y1) group-by a String key (1000 values), sum",polars in-memory,6.301,56.7,,,,,,,,,
2000000,"(y1) group-by a String key (1000 values), sum",polars streaming,1.814,19.8,,,,,,,,,
2000000,"(y1) group-by a String key (1000 values), sum","MetalEngine all, cold",15.040,13.3,GroupBy#1[GroupBy>DataFrameScan],,True,0.12,0.42,group_by:sum|string|memory,2000000,,
2000000,"(y1) group-by a String key (1000 values), sum","MetalEngine all, warm",14.250,12.4,GroupBy#1[GroupBy>DataFrameScan],,True,0.13,0.44,group_by:sum|string|memory,2000000,,
2000000,"(y1) group-by a String key (1000 values), sum","MetalEngine default, cold",6.184,54.4,,,True,0.29,1.02,,,"GroupBy#1: rule: group_by:sum with a String column was not measured ahead of Polars up to 50,000,000 input rows (Benchmarks/results/polars_engine_crossover_2026-09-26.csv)",
2000000,(y2) filter by a String equality,polars in-memory,0.915,1.0,,,,,,,,,
2000000,(y2) filter by a String equality,polars streaming,0.268,1.7,,,,,,,,,
2000000,(y2) filter by a String equality,"MetalEngine all, cold",9.651,9.4,Filter#2[Filter>DataFrameScan],,True,0.03,0.09,rowwise|string|memory,2000000,,
2000000,(y2) filter by a String equality,"MetalEngine all, warm",9.232,9.1,Filter#2[Filter>DataFrameScan],,True,0.03,0.10,rowwise|string|memory,2000000,,
2000000,(y2) filter by a String equality,"MetalEngine default, cold",1.065,1.2,,,True,0.25,0.86,,,"Filter#2: rule: rowwise with a String column was not measured ahead of Polars up to 50,000,000 input rows (Benchmarks/results/polars_engine_crossover_2026-09-26.csv)",
2000000,"(y3) filter by a String prefix, then sum",polars in-memory,7.610,8.1,,,,,,,,,
2000000,"(y3) filter by a String prefix, then sum",polars streaming,0.876,8.6,,,,,,,,,
2000000,"(y3) filter by a String prefix, then sum","MetalEngine all, cold",9.678,9.5,Select#2[Select>SimpleProjection>Filter>DataFrameScan],,True,0.09,0.79,aggregate:sum|string|memory,2000000,,
2000000,"(y3) filter by a String prefix, then sum","MetalEngine all, warm",9.156,8.7,Select#2[Select>SimpleProjection>Filter>DataFrameScan],,True,0.10,0.83,aggregate:sum|string|memory,2000000,,
2000000,"(y3) filter by a String prefix, then sum","MetalEngine default, cold",7.885,8.2,,,True,0.11,0.97,,,"Select#2: rule: aggregate:sum with a String column was not measured ahead of Polars up to 50,000,000 input rows (Benchmarks/results/polars_engine_crossover_2026-09-26.csv) | SimpleProjection#5: rule: rowwise with a String column was not measured ahead of Polars up to 50,000,000 input rows (Benchmarks/results/polars_engine_crossover_2026-09-26.csv) | Filter#1: rule: rowwise with a String column was not measured ahead of Polars up to 50,000,000 input rows (Benchmarks/results/polars_engine_crossover_2026-09-26.csv)",
2000000,(y4) inner join on a String key,polars in-memory,4.785,42.7,,,,,,,,,
2000000,(y4) inner join on a String key,polars streaming,3.072,30.2,,,,,,,,,
2000000,(y4) inner join on a String key,"MetalEngine all, cold",20.376,18.8,Join#3[Join>DataFrameScan>DataFrameScan],,True,0.15,0.23,join:inner|string|memory,2000500,,
2000000,(y4) inner join on a String key,"MetalEngine all, warm",20.200,18.4,Join#3[Join>DataFrameScan>DataFrameScan],,True,0.15,0.24,join:inner|string|memory,2000500,,
2000000,(y4) inner join on a String key,"MetalEngine default, cold",4.895,41.3,,,True,0.63,0.98,,,"Join#3: rule: join:inner with a String column was not measured ahead of Polars up to 50,000,500 input rows (Benchmarks/results/polars_engine_crossover_2026-09-26.csv)",
2000000,"(y5) unique over (String, int32), keep first",polars in-memory,17.641,152.1,,,,,,,,,
2000000,"(y5) unique over (String, int32), keep first",polars streaming,11.863,119.6,,,,,,,,,
2000000,"(y5) unique over (String, int32), keep first","MetalEngine all, cold",21.552,18.6,Distinct#2[Distinct>DataFrameScan],,True,0.55,0.82,distinct|string|memory,2000000,,
2000000,"(y5) unique over (String, int32), keep first","MetalEngine all, warm",20.695,17.5,Distinct#2[Distinct>DataFrameScan],,True,0.57,0.85,distinct|string|memory,2000000,,
2000000,"(y5) unique over (String, int32), keep first","MetalEngine default, cold",17.882,153.7,,,True,0.66,0.99,,,"Distinct#2: rule: distinct with a String column was not measured ahead of Polars up to 50,000,000 input rows (Benchmarks/results/polars_engine_crossover_2026-09-26.csv)",
2000000,(y6) top 100 by an int64 key with a String column,polars in-memory,15.510,15.7,,,,,,,,,
2000000,(y6) top 100 by an int64 key with a String column,polars streaming,1.496,12.4,,,,,,,,,
2000000,(y6) top 100 by an int64 key with a String column,"MetalEngine all, cold",12.021,11.5,Sort#3[Sort>Filter>DataFrameScan],,True,0.12,1.29,top_k|string|memory,2000000,,
2000000,(y6) top 100 by an int64 key with a String column,"MetalEngine all, warm",11.498,11.2,Sort#3[Sort>Filter>DataFrameScan],,True,0.13,1.35,top_k|string|memory,2000000,,
2000000,(y6) top 100 by an int64 key with a String column,"MetalEngine default, cold",15.910,16.2,,,True,0.09,0.97,,,"Sort#3: rule: top_k with a String column was not measured ahead of Polars up to 50,000,000 input rows (Benchmarks/results/polars_engine_crossover_2026-09-26.csv)",
50000000,(a) filtered sum + count,polars in-memory,15.940,25.7,,,,,,,,,
50000000,(a) filtered sum + count,polars streaming,3.161,32.4,,,,,,,,,
50000000,(a) filtered sum + count,"MetalEngine all, cold",22.755,17.5,Select#3[Select>SimpleProjection>Filter>DataFrameScan],,True,0.14,0.70,aggregate:count+aggregate:sum|numeric|memory,50000000,,
50000000,(a) filtered sum + count,"MetalEngine all, warm",3.804,0.9,Select#3[Select>SimpleProjection>Filter>DataFrameScan],,True,0.83,4.19,aggregate:count+aggregate:sum|numeric|memory,50000000,,
50000000,(a) filtered sum + count,"MetalEngine default, cold",16.337,26.2,,,True,0.19,0.98,,,"Select#3: rule: aggregate:count was not measured ahead of Polars up to 50,000,000 input rows (Benchmarks/results/polars_engine_crossover_2026-09-26.csv) | SimpleProjection#6: rule: rowwise was not measured ahead of Polars up to 50,000,000 input rows (Benchmarks/results/polars_engine_crossover_2026-09-26.csv) | Filter#2: rule: rowwise was not measured ahead of Polars up to 50,000,000 input rows (Benchmarks/results/polars_engine_crossover_2026-09-26.csv)",
50000000,(b) filter + group-by 200 keys + sort desc + limit 10,polars in-memory,31.798,175.3,,,,,,,,,
50000000,(b) filter + group-by 200 keys + sort desc + limit 10,polars streaming,14.177,159.2,,,,,,,,,
50000000,(b) filter + group-by 200 keys + sort desc + limit 10,"MetalEngine all, cold",21.136,12.4,Sort#4[Sort>Filter>GroupBy>Filter>DataFrameScan],,True,0.67,1.50,group_by:count+group_by:sum+top_k|numeric|memory,50000000,,
50000000,(b) filter + group-by 200 keys + sort desc + limit 10,"MetalEngine all, warm",12.235,3.9,Sort#4[Sort>Filter>GroupBy>Filter>DataFrameScan],,True,1.16,2.60,group_by:count+group_by:sum+top_k|numeric|memory,50000000,,
50000000,(b) filter + group-by 200 keys + sort desc + limit 10,"MetalEngine default, cold",33.337,164.5,,,True,0.43,0.95,,,"Sort#4: rule: group_by:count was not measured ahead of Polars up to 50,000,000 input rows (Benchmarks/results/polars_engine_crossover_2026-09-26.csv) | Filter#5: rule: group_by:count was not measured ahead of Polars up to 50,000,000 input rows (Benchmarks/results/polars_engine_crossover_2026-09-26.csv) | GroupBy#7: rule: group_by:count was not measured ahead of Polars up to 50,000,000 input rows (Benchmarks/results/polars_engine_crossover_2026-09-26.csv) | Filter#1: rule: rowwise was not measured ahead of Polars up to 50,000,000 input rows (Benchmarks/results/polars_engine_crossover_2026-09-26.csv)",
50000000,"(c) group-by (region, sub) mean + max",polars in-memory,219.495,2511.7,,,,,,,,,
50000000,"(c) group-by (region, sub) mean + max",polars streaming,137.933,1645.7,,,,,,,,,
50000000,"(c) group-by (region, sub) mean + max","MetalEngine all, cold",217.202,2419.7,,"GroupBy#1: a per-group Float64 sum or mean over 50,000,000 rows (ArrowMetal's group-by answers these wrongly from 16,777,216 groups)",True,0.64,1.01,,,,
50000000,"(c) group-by (region, sub) mean + max","MetalEngine all, warm",219.011,2716.0,,"GroupBy#1: a per-group Float64 sum or mean over 50,000,000 rows (ArrowMetal's group-by answers these wrongly from 16,777,216 groups)",True,0.63,1.00,,,,
50000000,"(c) group-by (region, sub) mean + max","MetalEngine default, cold",219.833,2733.3,,,True,0.63,1.00,,,,
50000000,(d) projection chain then filter,polars in-memory,161.845,161.9,,,,,,,,,
50000000,(d) projection chain then filter,polars streaming,14.277,158.0,,,,,,,,,
50000000,(d) projection chain then filter,"MetalEngine all, cold",49.617,17.7,Filter#2[Filter>Select>HStack>DataFrameScan],,True,0.29,3.26,rowwise|numeric|memory,50000000,,
50000000,(d) projection chain then filter,"MetalEngine all, warm",32.674,1.2,Filter#2[Filter>Select>HStack>DataFrameScan],,True,0.44,4.95,rowwise|numeric|memory,50000000,,
50000000,(d) projection chain then filter,"MetalEngine default, cold",166.773,166.7,,,True,0.09,0.97,,,"Filter#2: rule: rowwise was not measured ahead of Polars up to 50,000,000 input rows (Benchmarks/results/polars_engine_crossover_2026-09-26.csv) | Select#3: rule: rowwise was not measured ahead of Polars up to 50,000,000 input rows (Benchmarks/results/polars_engine_crossover_2026-09-26.csv) | HStack#6: rule: rowwise was not measured ahead of Polars up to 50,000,000 input rows (Benchmarks/results/polars_engine_crossover_2026-09-26.csv)",
50000000,(e) inner join then sum,polars in-memory,23.599,203.9,,,,,,,,,
50000000,(e) inner join then sum,polars streaming,19.881,238.6,,,,,,,,,
50000000,(e) inner join then sum,"MetalEngine all, cold",9.960,4.2,Select#3[Select>SimpleProjection>Join>DataFrameScan>DataFrameScan],,True,2.00,2.37,aggregate:sum+join:inner|numeric|memory,11000000,,
50000000,(e) inner join then sum,"MetalEngine all, warm",6.708,1.4,Select#3[Select>SimpleProjection>Join>DataFrameScan>DataFrameScan],,True,2.96,3.52,aggregate:sum+join:inner|numeric|memory,11000000,,
50000000,(e) inner join then sum,"MetalEngine default, cold",9.446,7.6,SimpleProjection#5,,True,2.10,2.50,,,"SimpleProjection#5: 11,000,000 input rows is at or above the 1,250,000-row crossover for join:inner (engine table, Benchmarks/results/polars_engine_crossover_2026-09-26.csv) | Select#3: rule: aggregate:sum was not measured ahead of Polars up to 50,000,000 input rows (Benchmarks/results/polars_engine_crossover_2026-09-26.csv)",
50000000,(f) semi join,polars in-memory,3.675,30.8,,,,,,,,,
50000000,(f) semi join,polars streaming,3.040,28.1,,,,,,,,,
50000000,(f) semi join,"MetalEngine all, cold",5.824,3.9,Join#2[Join>DataFrameScan>DataFrameScan],,True,0.52,0.63,join:semi|numeric|memory,10001000,,
50000000,(f) semi join,"MetalEngine all, warm",3.432,1.3,Join#2[Join>DataFrameScan>DataFrameScan],,True,0.89,1.07,join:semi|numeric|memory,10001000,,
50000000,(f) semi join,"MetalEngine default, cold",3.596,34.1,,,True,0.85,1.02,,,"Join#2: rule: join:semi was not measured ahead of Polars up to 51,000,000 input rows (Benchmarks/results/polars_engine_crossover_2026-09-26.csv)",
50000000,(g) row_number over partitions,polars in-memory,101.808,624.4,,,,,,,,,
50000000,(g) row_number over partitions,polars streaming,346.249,2087.1,,,,,,,,,
50000000,(g) row_number over partitions,"MetalEngine all, cold",102.296,618.6,,HStack#1: expression Window has no ArrowMetal translation,True,1.00,1.00,,,,
50000000,(g) row_number over partitions,"MetalEngine all, warm",97.858,613.0,,HStack#1: expression Window has no ArrowMetal translation,True,1.04,1.04,,,,
50000000,(g) row_number over partitions,"MetalEngine default, cold",100.551,618.4,,,True,1.01,1.01,,,,
50000000,(h) as-of join,polars in-memory,157.159,157.3,,,,,,,,,
50000000,(h) as-of join,polars streaming,10.555,135.8,,,,,,,,,
50000000,(h) as-of join,"MetalEngine all, cold",159.092,159.2,,"Join#2: AsOf join (inner, left, semi and anti are taken)",True,0.07,0.99,,,,
50000000,(h) as-of join,"MetalEngine all, warm",158.958,159.0,,"Join#2: AsOf join (inner, left, semi and anti are taken)",True,0.07,0.99,,,,
50000000,(h) as-of join,"MetalEngine default, cold",157.533,157.6,,,True,0.07,1.00,,,,
50000000,"(i) group-by 1 key, 100 000 groups, sum",polars in-memory,110.223,1430.4,,,,,,,,,
50000000,"(i) group-by 1 key, 100 000 groups, sum",polars streaming,64.890,717.2,,,,,,,,,
50000000,"(i) group-by 1 key, 100 000 groups, sum","MetalEngine all, cold",28.203,15.6,GroupBy#1[GroupBy>DataFrameScan],,True,2.30,3.91,group_by:sum|numeric|memory,50000000,,
50000000,"(i) group-by 1 key, 100 000 groups, sum","MetalEngine all, warm",12.650,2.8,GroupBy#1[GroupBy>DataFrameScan],,True,5.13,8.71,group_by:sum|numeric|memory,50000000,,
50000000,"(i) group-by 1 key, 100 000 groups, sum","MetalEngine default, cold",111.450,1360.5,,,True,0.58,0.99,,,"GroupBy#1: rule: group_by:sum was not measured ahead of Polars up to 50,000,000 input rows (Benchmarks/results/polars_engine_crossover_2026-09-26.csv)",
50000000,"(j) group-by (k1, k2), sum + count",polars in-memory,722.350,7856.2,,,,,,,,,
50000000,"(j) group-by (k1, k2), sum + count",polars streaming,465.483,6169.0,,,,,,,,,
50000000,"(j) group-by (k1, k2), sum + count","MetalEngine all, cold",462.159,129.4,GroupBy#1[GroupBy>DataFrameScan],,True,1.01,1.56,group_by_multi:count+group_by_multi:sum|numeric|memory,50000000,,
50000000,"(j) group-by (k1, k2), sum + count","MetalEngine all, warm",451.668,114.3,GroupBy#1[GroupBy>DataFrameScan],,True,1.03,1.60,group_by_multi:count+group_by_multi:sum|numeric|memory,50000000,,
50000000,"(j) group-by (k1, k2), sum + count","MetalEngine default, cold",734.288,8332.8,,,True,0.63,0.98,,,"GroupBy#1: rule: group_by_multi:count was not measured ahead of Polars up to 50,000,000 input rows (Benchmarks/results/polars_engine_crossover_2026-09-26.csv)",
50000000,"(k) group-by (String, int32), sum",polars in-memory,434.682,5567.8,,,,,,,,,
50000000,"(k) group-by (String, int32), sum",polars streaming,215.628,2719.3,,,,,,,,,
50000000,"(k) group-by (String, int32), sum","MetalEngine all, cold",272.807,231.2,GroupBy#1[GroupBy>DataFrameScan],,True,0.79,1.59,group_by_multi:sum|string|memory,50000000,,
50000000,"(k) group-by (String, int32), sum","MetalEngine all, warm",253.521,220.6,GroupBy#1[GroupBy>DataFrameScan],,True,0.85,1.71,group_by_multi:sum|string|memory,50000000,,
50000000,"(k) group-by (String, int32), sum","MetalEngine default, cold",443.330,5272.3,,,True,0.49,0.98,,,"GroupBy#1: rule: group_by_multi:sum with a String column was not measured ahead of Polars up to 50,000,000 input rows (Benchmarks/results/polars_engine_crossover_2026-09-26.csv)",
50000000,"(l) group-by (region, sub), Float64 sum + mean",polars in-memory,253.177,2774.0,,,,,,,,,
50000000,"(l) group-by (region, sub), Float64 sum + mean",polars streaming,141.134,1987.8,,,,,,,,,
50000000,"(l) group-by (region, sub), Float64 sum + mean","MetalEngine all, cold",227.015,2691.9,HStack#1[HStack>DataFrameScan],"GroupBy#2: a per-group Float64 sum or mean over 50,000,000 rows (ArrowMetal's group-by answers these wrongly from 16,777,216 groups)",True,0.62,1.12,rowwise|numeric|memory,50000000,,
50000000,"(l) group-by (region, sub), Float64 sum + mean","MetalEngine all, warm",216.646,2752.6,HStack#1[HStack>DataFrameScan],"GroupBy#2: a per-group Float64 sum or mean over 50,000,000 rows (ArrowMetal's group-by answers these wrongly from 16,777,216 groups)",True,0.65,1.17,rowwise|numeric|memory,50000000,,
50000000,"(l) group-by (region, sub), Float64 sum + mean","MetalEngine default, cold",244.809,2810.9,,,True,0.58,1.03,,,"HStack#1: rule: rowwise was not measured ahead of Polars up to 50,000,000 input rows (Benchmarks/results/polars_engine_crossover_2026-09-26.csv)",
50000000,(m) sort 3 columns by an int64 key,polars in-memory,437.699,4991.1,,,,,,,,,
50000000,(m) sort 3 columns by an int64 key,polars streaming,526.149,5478.7,,,,,,,,,
50000000,(m) sort 3 columns by an int64 key,"MetalEngine all, cold",86.335,34.9,Sort#2[Sort>DataFrameScan],,True,5.07,5.07,sort|numeric|memory,50000000,,
50000000,(m) sort 3 columns by an int64 key,"MetalEngine all, warm",58.329,6.5,Sort#2[Sort>DataFrameScan],,True,7.50,7.50,sort|numeric|memory,50000000,,
50000000,(m) sort 3 columns by an int64 key,"MetalEngine default, cold",79.574,27.7,Sort#2,,True,5.50,5.50,,,"Sort#2: 50,000,000 input rows is at or above the 1,000,000-row crossover for sort (crossover sweep, argsort int64, argsort float64, lexsort (2 int32 keys), Benchmarks/results/router_2026-09-24.json)",
50000000,"(n) top 100 by Float64, descending",polars in-memory,429.196,429.4,,,,,,,,,
50000000,"(n) top 100 by Float64, descending",polars streaming,18.474,186.8,,,,,,,,,
50000000,"(n) top 100 by Float64, descending","MetalEngine all, cold",101.256,18.8,Sort#3[Sort>Filter>DataFrameScan],,True,0.18,4.24,top_k|numeric|memory,50000000,,
50000000,"(n) top 100 by Float64, descending","MetalEngine all, warm",85.178,2.2,Sort#3[Sort>Filter>DataFrameScan],,True,0.22,5.04,top_k|numeric|memory,50000000,,
50000000,"(n) top 100 by Float64, descending","MetalEngine default, cold",414.604,414.4,,,True,0.04,1.04,,,"Sort#3: rule: top_k was not measured ahead of Polars up to 50,000,000 input rows (Benchmarks/results/polars_engine_crossover_2026-09-26.csv)",
50000000,"(o) sort with a String column, by an int64 key",polars in-memory,409.941,4651.1,,,,,,,,,
50000000,"(o) sort with a String column, by an int64 key",polars streaming,509.025,4799.7,,,,,,,,,
50000000,"(o) sort with a String column, by an int64 key","MetalEngine all, cold",448.399,376.3,Sort#2[Sort>DataFrameScan],,True,0.91,0.91,sort|string|memory,50000000,,
50000000,"(o) sort with a String column, by an int64 key","MetalEngine all, warm",434.663,364.1,Sort#2[Sort>DataFrameScan],,True,0.94,0.94,sort|string|memory,50000000,,
50000000,"(o) sort with a String column, by an int64 key","MetalEngine default, cold",425.864,4639.5,,,True,0.96,0.96,,,"Sort#2: rule: sort with a String column was not measured ahead of Polars up to 50,000,000 input rows (Benchmarks/results/polars_engine_crossover_2026-09-26.csv)",
50000000,"(p) filter, then sort by (int32 asc, nullable Float64 desc)",polars in-memory,1080.808,11855.0,,,,,,,,,
50000000,"(p) filter, then sort by (int32 asc, nullable Float64 desc)",polars streaming,1147.577,12442.4,,,,,,,,,
50000000,"(p) filter, then sort by (int32 asc, nullable Float64 desc)","MetalEngine all, cold",596.393,399.5,Sort#3[Sort>HStack>Filter>DataFrameScan],,True,1.81,1.81,sort_helper_keys|string|memory,50000000,,
50000000,"(p) filter, then sort by (int32 asc, nullable Float64 desc)","MetalEngine all, warm",558.033,360.3,Sort#3[Sort>HStack>Filter>DataFrameScan],,True,1.94,1.94,sort_helper_keys|string|memory,50000000,,
50000000,"(p) filter, then sort by (int32 asc, nullable Float64 desc)","MetalEngine default, cold",582.990,386.4,Sort#3,,True,1.85,1.85,,,"Sort#3: 50,000,000 input rows is at or above the 4,458,670-row crossover for sort_helper_keys with a String column (engine table, Benchmarks/results/polars_engine_crossover_2026-09-26.csv)",
50000000,"(q) filter, then sort by (int32 asc, int64 desc)",polars in-memory,778.479,8771.8,,,,,,,,,
50000000,"(q) filter, then sort by (int32 asc, int64 desc)",polars streaming,971.853,10480.4,,,,,,,,,
50000000,"(q) filter, then sort by (int32 asc, int64 desc)","MetalEngine all, cold",121.622,40.5,Sort#3[Sort>Filter>DataFrameScan],,True,6.40,6.40,sort|numeric|memory,50000000,,
50000000,"(q) filter, then sort by (int32 asc, int64 desc)","MetalEngine all, warm",96.029,13.6,Sort#3[Sort>Filter>DataFrameScan],,True,8.11,8.11,sort|numeric|memory,50000000,,
50000000,"(q) filter, then sort by (int32 asc, int64 desc)","MetalEngine default, cold",186.922,50.9,Sort#3,,True,4.16,4.16,,,"Sort#3: 50,000,000 input rows is at or above the 1,000,000-row crossover for sort (crossover sweep, argsort int64, argsort float64, lexsort (2 int32 keys), Benchmarks/results/router_2026-09-24.json)",
50000000,"(r) unique over (region, sub), keep first",polars in-memory,275.538,3274.6,,,,,,,,,
50000000,"(r) unique over (region, sub), keep first",polars streaming,307.790,4062.1,,,,,,,,,
50000000,"(r) unique over (region, sub), keep first","MetalEngine all, cold",41.249,31.6,Distinct#1[Distinct>DataFrameScan],,True,6.68,6.68,distinct|numeric|memory,50000000,,
50000000,"(r) unique over (region, sub), keep first","MetalEngine all, warm",8.997,3.1,Distinct#1[Distinct>DataFrameScan],,True,30.63,30.63,distinct|numeric|memory,50000000,,
50000000,"(r) unique over (region, sub), keep first","MetalEngine default, cold",32.920,27.1,Distinct#1,,True,8.37,8.37,,,"Distinct#1: 50,000,000 input rows is at or above the 3,399,993-row crossover for distinct (engine table, Benchmarks/results/polars_engine_crossover_2026-09-26.csv)",
50000000,(a2) filtered min + max,polars in-memory,17.061,29.1,,,,,,,,,
50000000,(a2) filtered min + max,polars streaming,3.746,38.4,,,,,,,,,
50000000,(a2) filtered min + max,"MetalEngine all, cold",24.433,17.8,Select#3[Select>SimpleProjection>Filter>DataFrameScan],,True,0.15,0.70,aggregate:minmax|numeric|memory,50000000,,
50000000,(a2) filtered min + max,"MetalEngine all, warm",5.552,1.3,Select#3[Select>SimpleProjection>Filter>DataFrameScan],,True,0.67,3.07,aggregate:minmax|numeric|memory,50000000,,
50000000,(a2) filtered min + max,"MetalEngine default, cold",16.772,28.1,,,True,0.22,1.02,,,"Select#3: rule: aggregate:minmax was not measured ahead of Polars up to 50,000,000 input rows (Benchmarks/results/polars_engine_crossover_2026-09-26.csv) | SimpleProjection#6: rule: rowwise was not measured ahead of Polars up to 50,000,000 input rows (Benchmarks/results/polars_engine_crossover_2026-09-26.csv) | Filter#2: rule: rowwise was not measured ahead of Polars up to 50,000,000 input rows (Benchmarks/results/polars_engine_crossover_2026-09-26.csv)",
50000000,(a3) filtered mean,polars in-memory,16.373,26.5,,,,,,,,,
50000000,(a3) filtered mean,polars streaming,3.659,34.1,,,,,,,,,
50000000,(a3) filtered mean,"MetalEngine all, cold",27.223,17.2,Select#3[Select>SimpleProjection>Filter>DataFrameScan],,True,0.13,0.60,aggregate:mean|numeric|memory,50000000,,
50000000,(a3) filtered mean,"MetalEngine all, warm",11.029,1.0,Select#3[Select>SimpleProjection>Filter>DataFrameScan],,True,0.33,1.48,aggregate:mean|numeric|memory,50000000,,
50000000,(a3) filtered mean,"MetalEngine default, cold",17.747,28.1,,,True,0.21,0.92,,,"Select#3: rule: aggregate:mean was not measured ahead of Polars up to 50,000,000 input rows (Benchmarks/results/polars_engine_crossover_2026-09-26.csv) | SimpleProjection#6: rule: rowwise was not measured ahead of Polars up to 50,000,000 input rows (Benchmarks/results/polars_engine_crossover_2026-09-26.csv) | Filter#2: rule: rowwise was not measured ahead of Polars up to 50,000,000 input rows (Benchmarks/results/polars_engine_crossover_2026-09-26.csv)",
50000000,(a4) filtered count,polars in-memory,9.500,11.1,,,,,,,,,
50000000,(a4) filtered count,polars streaming,2.364,23.8,,,,,,,,,
50000000,(a4) filtered count,"MetalEngine all, cold",13.861,12.7,Select#3[Select>DataFrameScan],,True,0.17,0.69,aggregate:sum|numeric|memory,50000000,,
50000000,(a4) filtered count,"MetalEngine all, warm",1.790,0.8,Select#3[Select>DataFrameScan],,True,1.32,5.31,aggregate:sum|numeric|memory,50000000,,
50000000,(a4) filtered count,"MetalEngine default, cold",10.019,11.8,,,True,0.24,0.95,,,"Select#3: rule: aggregate:sum was not measured ahead of Polars up to 50,000,000 input rows (Benchmarks/results/polars_engine_crossover_2026-09-26.csv)",
50000000,"(t1) group-by 1 key, 200 groups, sum",polars in-memory,13.802,146.1,,,,,,,,,
50000000,"(t1) group-by 1 key, 200 groups, sum",polars streaming,14.300,161.2,,,,,,,,,
50000000,"(t1) group-by 1 key, 200 groups, sum","MetalEngine all, cold",29.939,22.0,GroupBy#1[GroupBy>DataFrameScan],,True,0.46,0.46,group_by:sum|numeric|memory,50000000,,
50000000,"(t1) group-by 1 key, 200 groups, sum","MetalEngine all, warm",9.382,3.0,GroupBy#1[GroupBy>DataFrameScan],,True,1.47,1.47,group_by:sum|numeric|memory,50000000,,
50000000,"(t1) group-by 1 key, 200 groups, sum","MetalEngine default, cold",20.027,229.3,,,True,0.69,0.69,,,"GroupBy#1: rule: group_by:sum was not measured ahead of Polars up to 50,000,000 input rows (Benchmarks/results/polars_engine_crossover_2026-09-26.csv)",
50000000,"(t2) group-by 1 key, 200 groups, count",polars in-memory,19.925,259.9,,,,,,,,,
50000000,"(t2) group-by 1 key, 200 groups, count",polars streaming,20.787,260.9,,,,,,,,,
50000000,"(t2) group-by 1 key, 200 groups, count","MetalEngine all, cold",18.329,12.3,GroupBy#1[GroupBy>DataFrameScan],,True,1.09,1.09,group_by:count|numeric|memory,50000000,,
50000000,"(t2) group-by 1 key, 200 groups, count","MetalEngine all, warm",8.930,3.1,GroupBy#1[GroupBy>DataFrameScan],,True,2.23,2.23,group_by:count|numeric|memory,50000000,,
50000000,"(t2) group-by 1 key, 200 groups, count","MetalEngine default, cold",18.764,262.9,,,True,1.06,1.06,,,"GroupBy#1: rule: group_by:count was not measured ahead of Polars up to 50,000,000 input rows (Benchmarks/results/polars_engine_crossover_2026-09-26.csv)",
50000000,"(t3) group-by 1 key, 200 groups, mean",polars in-memory,25.982,325.3,,,,,,,,,
50000000,"(t3) group-by 1 key, 200 groups, mean",polars streaming,26.069,320.7,,,,,,,,,
50000000,"(t3) group-by 1 key, 200 groups, mean","MetalEngine all, cold",27.272,321.2,,"GroupBy#1: a per-group Float64 sum or mean over 50,000,000 rows (ArrowMetal's group-by answers these wrongly from 16,777,216 groups)",True,0.95,0.95,,,,
50000000,"(t3) group-by 1 key, 200 groups, mean","MetalEngine all, warm",26.172,324.9,,"GroupBy#1: a per-group Float64 sum or mean over 50,000,000 rows (ArrowMetal's group-by answers these wrongly from 16,777,216 groups)",True,0.99,0.99,,,,
50000000,"(t3) group-by 1 key, 200 groups, mean","MetalEngine default, cold",26.610,324.9,,,True,0.98,0.98,,,,
50000000,"(t4) group-by 1 key, 200 groups, min + max",polars in-memory,30.570,430.2,,,,,,,,,
50000000,"(t4) group-by 1 key, 200 groups, min + max",polars streaming,30.212,426.4,,,,,,,,,
50000000,"(t4) group-by 1 key, 200 groups, min + max","MetalEngine all, cold",35.325,22.5,GroupBy#1[GroupBy>DataFrameScan],,True,0.86,0.87,group_by:minmax|numeric|memory,50000000,,
50000000,"(t4) group-by 1 key, 200 groups, min + max","MetalEngine all, warm",11.864,3.0,GroupBy#1[GroupBy>DataFrameScan],,True,2.55,2.58,group_by:minmax|numeric|memory,50000000,,
50000000,"(t4) group-by 1 key, 200 groups, min + max","MetalEngine default, cold",20.636,291.0,,,True,1.46,1.48,,,"GroupBy#1: rule: group_by:minmax was not measured ahead of Polars up to 50,000,000 input rows (Benchmarks/results/polars_engine_crossover_2026-09-26.csv)",
50000000,"(t5) group-by 1 key, 100 000 groups, count",polars in-memory,129.812,1576.9,,,,,,,,,
50000000,"(t5) group-by 1 key, 100 000 groups, count",polars streaming,74.214,949.7,,,,,,,,,
50000000,"(t5) group-by 1 key, 100 000 groups, count","MetalEngine all, cold",17.417,10.0,GroupBy#1[GroupBy>DataFrameScan],,True,4.26,7.45,group_by:count|numeric|memory,50000000,,
50000000,"(t5) group-by 1 key, 100 000 groups, count","MetalEngine all, warm",10.056,2.9,GroupBy#1[GroupBy>DataFrameScan],,True,7.38,12.91,group_by:count|numeric|memory,50000000,,
50000000,"(t5) group-by 1 key, 100 000 groups, count","MetalEngine default, cold",111.760,1346.3,,,True,0.66,1.16,,,"GroupBy#1: rule: group_by:count was not measured ahead of Polars up to 50,000,000 input rows (Benchmarks/results/polars_engine_crossover_2026-09-26.csv)",
50000000,"(t6) group-by 1 key, 100 000 groups, mean",polars in-memory,169.787,2142.3,,,,,,,,,
50000000,"(t6) group-by 1 key, 100 000 groups, mean",polars streaming,99.774,1274.4,,,,,,,,,
50000000,"(t6) group-by 1 key, 100 000 groups, mean","MetalEngine all, cold",171.662,2257.6,,"GroupBy#1: a per-group Float64 sum or mean over 50,000,000 rows (ArrowMetal's group-by answers these wrongly from 16,777,216 groups)",True,0.58,0.99,,,,
50000000,"(t6) group-by 1 key, 100 000 groups, mean","MetalEngine all, warm",163.512,2149.2,,"GroupBy#1: a per-group Float64 sum or mean over 50,000,000 rows (ArrowMetal's group-by answers these wrongly from 16,777,216 groups)",True,0.61,1.04,,,,
50000000,"(t6) group-by 1 key, 100 000 groups, mean","MetalEngine default, cold",175.505,2269.8,,,True,0.57,0.97,,,,
50000000,"(t7) group-by 1 key, 100 000 groups, min + max",polars in-memory,189.382,2371.4,,,,,,,,,
50000000,"(t7) group-by 1 key, 100 000 groups, min + max",polars streaming,111.422,1471.4,,,,,,,,,
50000000,"(t7) group-by 1 key, 100 000 groups, min + max","MetalEngine all, cold",46.553,23.7,GroupBy#1[GroupBy>DataFrameScan],,True,2.39,4.07,group_by:minmax|numeric|memory,50000000,,
50000000,"(t7) group-by 1 key, 100 000 groups, min + max","MetalEngine all, warm",26.302,3.4,GroupBy#1[GroupBy>DataFrameScan],,True,4.24,7.20,group_by:minmax|numeric|memory,50000000,,
50000000,"(t7) group-by 1 key, 100 000 groups, min + max","MetalEngine default, cold",163.824,2077.0,,,True,0.68,1.16,,,"GroupBy#1: rule: group_by:minmax was not measured ahead of Polars up to 50,000,000 input rows (Benchmarks/results/polars_engine_crossover_2026-09-26.csv)",
50000000,"(v1) group-by (region, sub), sum",polars in-memory,309.433,3544.0,,,,,,,,,
50000000,"(v1) group-by (region, sub), sum",polars streaming,219.313,2700.4,,,,,,,,,
50000000,"(v1) group-by (region, sub), sum","MetalEngine all, cold",43.497,29.4,GroupBy#1[GroupBy>DataFrameScan],,True,5.04,7.11,group_by_multi:sum|numeric|memory,50000000,,
50000000,"(v1) group-by (region, sub), sum","MetalEngine all, warm",13.563,4.1,GroupBy#1[GroupBy>DataFrameScan],,True,16.17,22.81,group_by_multi:sum|numeric|memory,50000000,,
50000000,"(v1) group-by (region, sub), sum","MetalEngine default, cold",262.132,3005.4,,,True,0.84,1.18,,,"GroupBy#1: rule: group_by_multi:sum was not measured ahead of Polars up to 50,000,000 input rows (Benchmarks/results/polars_engine_crossover_2026-09-26.csv)",
50000000,"(v2) group-by (region, sub), count",polars in-memory,267.665,2865.6,,,,,,,,,
50000000,"(v2) group-by (region, sub), count",polars streaming,213.348,2392.1,,,,,,,,,
50000000,"(v2) group-by (region, sub), count","MetalEngine all, cold",25.988,19.0,GroupBy#1[GroupBy>DataFrameScan],,True,8.21,10.30,group_by_multi:count|numeric|memory,50000000,,
50000000,"(v2) group-by (region, sub), count","MetalEngine all, warm",10.475,3.8,GroupBy#1[GroupBy>DataFrameScan],,True,20.37,25.55,group_by_multi:count|numeric|memory,50000000,,
50000000,"(v2) group-by (region, sub), count","MetalEngine default, cold",221.180,2300.9,,,True,0.96,1.21,,,"GroupBy#1: rule: group_by_multi:count was not measured ahead of Polars up to 50,000,000 input rows (Benchmarks/results/polars_engine_crossover_2026-09-26.csv)",
50000000,"(v3) group-by (k1, k2), mean",polars in-memory,951.953,11672.7,,,,,,,,,
50000000,"(v3) group-by (k1, k2), mean",polars streaming,547.537,7338.2,,,,,,,,,
50000000,"(v3) group-by (k1, k2), mean","MetalEngine all, cold",932.551,11745.2,,"GroupBy#1: a per-group Float64 sum or mean over 50,000,000 rows (ArrowMetal's group-by answers these wrongly from 16,777,216 groups)",True,0.59,1.02,,,,
50000000,"(v3) group-by (k1, k2), mean","MetalEngine all, warm",955.840,11760.7,,"GroupBy#1: a per-group Float64 sum or mean over 50,000,000 rows (ArrowMetal's group-by answers these wrongly from 16,777,216 groups)",True,0.57,1.00,,,,
50000000,"(v3) group-by (k1, k2), mean","MetalEngine default, cold",923.566,11518.6,,,True,0.59,1.03,,,,
50000000,"(v4) group-by (k1, k2), min + max",polars in-memory,1057.242,13079.7,,,,,,,,,
50000000,"(v4) group-by (k1, k2), min + max",polars streaming,585.223,7596.3,,,,,,,,,
50000000,"(v4) group-by (k1, k2), min + max","MetalEngine all, cold",592.714,92.3,GroupBy#1[GroupBy>DataFrameScan],,True,0.99,1.78,group_by_multi:minmax|numeric|memory,50000000,,
50000000,"(v4) group-by (k1, k2), min + max","MetalEngine all, warm",694.356,42.5,GroupBy#1[GroupBy>DataFrameScan],,True,0.84,1.52,group_by_multi:minmax|numeric|memory,50000000,,
50000000,"(v4) group-by (k1, k2), min + max","MetalEngine default, cold",967.490,12434.4,,,True,0.60,1.09,,,"GroupBy#1: rule: group_by_multi:minmax was not measured ahead of Polars up to 50,000,000 input rows (Benchmarks/results/polars_engine_crossover_2026-09-26.csv)",
50000000,"(w1) inner join, 1M-row build side",polars in-memory,96.845,920.5,,,,,,,,,
50000000,"(w1) inner join, 1M-row build side",polars streaming,106.268,1404.8,,,,,,,,,
50000000,"(w1) inner join, 1M-row build side","MetalEngine all, cold",41.883,19.7,Join#2[Join>DataFrameScan>DataFrameScan],,True,2.31,2.31,join:inner|numeric|memory,51000000,,
50000000,"(w1) inner join, 1M-row build side","MetalEngine all, warm",23.327,1.1,Join#2[Join>DataFrameScan>DataFrameScan],,True,4.15,4.15,join:inner|numeric|memory,51000000,,
50000000,"(w1) inner join, 1M-row build side","MetalEngine default, cold",38.252,16.0,Join#2,,True,2.53,2.53,,,"Join#2: 51,000,000 input rows is at or above the 1,250,000-row crossover for join:inner (engine table, Benchmarks/results/polars_engine_crossover_2026-09-26.csv)",
50000000,"(w2) left join, 1M-row build side",polars in-memory,268.877,1338.2,,,,,,,,,
50000000,"(w2) left join, 1M-row build side",polars streaming,105.454,1512.0,,,,,,,,,
50000000,"(w2) left join, 1M-row build side","MetalEngine all, cold",45.216,18.0,Join#2[Join>DataFrameScan>DataFrameScan],,True,2.33,5.95,join:left|numeric|memory,51000000,,
50000000,"(w2) left join, 1M-row build side","MetalEngine all, warm",29.493,2.1,Join#2[Join>DataFrameScan>DataFrameScan],,True,3.58,9.12,join:left|numeric|memory,51000000,,
50000000,"(w2) left join, 1M-row build side","MetalEngine default, cold",43.152,15.8,Join#2,,True,2.44,6.23,,,"Join#2: 51,000,000 input rows is at or above the 1,250,000-row crossover for join:left (engine table, Benchmarks/results/polars_engine_crossover_2026-09-26.csv)",
50000000,"(w3) semi join, 1M-row build side",polars in-memory,93.875,1048.9,,,,,,,,,
50000000,"(w3) semi join, 1M-row build side",polars streaming,92.789,1351.7,,,,,,,,,
50000000,"(w3) semi join, 1M-row build side","MetalEngine all, cold",42.126,18.8,Join#2[Join>DataFrameScan>DataFrameScan],,True,2.20,2.23,join:semi|numeric|memory,51000000,,
50000000,"(w3) semi join, 1M-row build side","MetalEngine all, warm",25.952,2.7,Join#2[Join>DataFrameScan>DataFrameScan],,True,3.58,3.62,join:semi|numeric|memory,51000000,,
50000000,"(w3) semi join, 1M-row build side","MetalEngine default, cold",92.761,1067.5,,,True,1.00,1.01,,,"Join#2: rule: join:semi was not measured ahead of Polars up to 51,000,000 input rows (Benchmarks/results/polars_engine_crossover_2026-09-26.csv)",
50000000,"(w4) anti join, 1M-row build side",polars in-memory,80.807,931.2,,,,,,,,,
50000000,"(w4) anti join, 1M-row build side",polars streaming,93.098,1309.5,,,,,,,,,
50000000,"(w4) anti join, 1M-row build side","MetalEngine all, cold",42.458,19.0,Join#2[Join>DataFrameScan>DataFrameScan],,True,1.90,1.90,join:anti|numeric|memory,51000000,,
50000000,"(w4) anti join, 1M-row build side","MetalEngine all, warm",26.171,2.7,Join#2[Join>DataFrameScan>DataFrameScan],,True,3.09,3.09,join:anti|numeric|memory,51000000,,
50000000,"(w4) anti join, 1M-row build side","MetalEngine default, cold",39.677,16.2,Join#2,,True,2.04,2.04,,,"Join#2: 51,000,000 input rows is at or above the 7,451,256-row crossover for join:anti (engine table, Benchmarks/results/polars_engine_crossover_2026-09-26.csv)",
50000000,"(x1) unique over (k1, k2), keep first",polars in-memory,893.088,8066.1,,,,,,,,,
50000000,"(x1) unique over (k1, k2), keep first",polars streaming,606.945,8287.1,,,,,,,,,
50000000,"(x1) unique over (k1, k2), keep first","MetalEngine all, cold",286.061,53.7,Distinct#2[Distinct>DataFrameScan],,True,2.12,3.12,distinct|numeric|memory,50000000,,
50000000,"(x1) unique over (k1, k2), keep first","MetalEngine all, warm",299.009,34.0,Distinct#2[Distinct>DataFrameScan],,True,2.03,2.99,distinct|numeric|memory,50000000,,
50000000,"(x1) unique over (k1, k2), keep first","MetalEngine default, cold",305.788,51.2,Distinct#2,,True,1.98,2.92,,,"Distinct#2: 50,000,000 input rows is at or above the 3,399,993-row crossover for distinct (engine table, Benchmarks/results/polars_engine_crossover_2026-09-26.csv)",
50000000,"(x2) sort by a nullable Float64 key, descending",polars in-memory,621.416,6969.5,,,,,,,,,
50000000,"(x2) sort by a nullable Float64 key, descending",polars streaming,656.964,6869.3,,,,,,,,,
50000000,"(x2) sort by a nullable Float64 key, descending","MetalEngine all, cold",161.930,28.4,Sort#2[Sort>Select>DataFrameScan],,True,3.84,3.84,sort_helper_keys|numeric|memory,50000000,,
50000000,"(x2) sort by a nullable Float64 key, descending","MetalEngine all, warm",148.223,7.6,Sort#2[Sort>Select>DataFrameScan],,True,4.19,4.19,sort_helper_keys|numeric|memory,50000000,,
50000000,"(x2) sort by a nullable Float64 key, descending","MetalEngine default, cold",211.110,33.0,Sort#2,,True,2.94,2.94,,,"Sort#2: 50,000,000 input rows is at or above the 1,000,000-row crossover for sort_helper_keys (crossover sweep, argsort int64, argsort float64, lexsort (2 int32 keys), Benchmarks/results/router_2026-09-24.json)",
50000000,(x3) top 100 by an int64 key,polars in-memory,435.998,436.0,,,,,,,,,
50000000,(x3) top 100 by an int64 key,polars streaming,17.640,191.9,,,,,,,,,
50000000,(x3) top 100 by an int64 key,"MetalEngine all, cold",24.810,19.5,Sort#3[Sort>Filter>DataFrameScan],,True,0.71,17.57,top_k|numeric|memory,50000000,,
50000000,(x3) top 100 by an int64 key,"MetalEngine all, warm",8.603,3.1,Sort#3[Sort>Filter>DataFrameScan],,True,2.05,50.68,top_k|numeric|memory,50000000,,
50000000,(x3) top 100 by an int64 key,"MetalEngine default, cold",441.904,442.0,,,True,0.04,0.99,,,"Sort#3: rule: top_k was not measured ahead of Polars up to 50,000,000 input rows (Benchmarks/results/polars_engine_crossover_2026-09-26.csv)",
50000000,"(y1) group-by a String key (1000 values), sum",polars in-memory,165.296,1835.8,,,,,,,,,
50000000,"(y1) group-by a String key (1000 values), sum",polars streaming,28.440,373.1,,,,,,,,,
50000000,"(y1) group-by a String key (1000 values), sum","MetalEngine all, cold",244.461,219.1,GroupBy#1[GroupBy>DataFrameScan],,True,0.12,0.68,group_by:sum|string|memory,50000000,,
50000000,"(y1) group-by a String key (1000 values), sum","MetalEngine all, warm",242.432,217.0,GroupBy#1[GroupBy>DataFrameScan],,True,0.12,0.68,group_by:sum|string|memory,50000000,,
50000000,"(y1) group-by a String key (1000 values), sum","MetalEngine default, cold",170.200,2010.6,,,True,0.17,0.97,,,"GroupBy#1: rule: group_by:sum with a String column was not measured ahead of Polars up to 50,000,000 input rows (Benchmarks/results/polars_engine_crossover_2026-09-26.csv)",
50000000,(y2) filter by a String equality,polars in-memory,23.223,25.3,,,,,,,,,
50000000,(y2) filter by a String equality,polars streaming,3.338,41.7,,,,,,,,,
50000000,(y2) filter by a String equality,"MetalEngine all, cold",232.268,223.1,Filter#2[Filter>DataFrameScan],,True,0.01,0.10,rowwise|string|memory,50000000,,
50000000,(y2) filter by a String equality,"MetalEngine all, warm",216.779,207.9,Filter#2[Filter>DataFrameScan],,True,0.02,0.11,rowwise|string|memory,50000000,,
50000000,(y2) filter by a String equality,"MetalEngine default, cold",23.392,25.3,,,True,0.14,0.99,,,"Filter#2: rule: rowwise with a String column was not measured ahead of Polars up to 50,000,000 input rows (Benchmarks/results/polars_engine_crossover_2026-09-26.csv)",
50000000,"(y3) filter by a String prefix, then sum",polars in-memory,190.204,196.1,,,,,,,,,
50000000,"(y3) filter by a String prefix, then sum",polars streaming,17.074,205.2,,,,,,,,,
50000000,"(y3) filter by a String prefix, then sum","MetalEngine all, cold",237.983,227.7,Select#2[Select>SimpleProjection>Filter>DataFrameScan],,True,0.07,0.80,aggregate:sum|string|memory,50000000,,
50000000,"(y3) filter by a String prefix, then sum","MetalEngine all, warm",224.269,213.1,Select#2[Select>SimpleProjection>Filter>DataFrameScan],,True,0.08,0.85,aggregate:sum|string|memory,50000000,,
50000000,"(y3) filter by a String prefix, then sum","MetalEngine default, cold",189.539,196.1,,,True,0.09,1.00,,,"Select#2: rule: aggregate:sum with a String column was not measured ahead of Polars up to 50,000,000 input rows (Benchmarks/results/polars_engine_crossover_2026-09-26.csv) | SimpleProjection#5: rule: rowwise with a String column was not measured ahead of Polars up to 50,000,000 input rows (Benchmarks/results/polars_engine_crossover_2026-09-26.csv) | Filter#1: rule: rowwise with a String column was not measured ahead of Polars up to 50,000,000 input rows (Benchmarks/results/polars_engine_crossover_2026-09-26.csv)",
50000000,(y4) inner join on a String key,polars in-memory,130.547,1171.3,,,,,,,,,
50000000,(y4) inner join on a String key,polars streaming,64.368,850.1,,,,,,,,,
50000000,(y4) inner join on a String key,"MetalEngine all, cold",371.382,331.8,Join#3[Join>DataFrameScan>DataFrameScan],,True,0.17,0.35,join:inner|string|memory,50000500,,
50000000,(y4) inner join on a String key,"MetalEngine all, warm",357.440,315.6,Join#3[Join>DataFrameScan>DataFrameScan],,True,0.18,0.37,join:inner|string|memory,50000500,,
50000000,(y4) inner join on a String key,"MetalEngine default, cold",135.803,1177.0,,,True,0.47,0.96,,,"Join#3: rule: join:inner with a String column was not measured ahead of Polars up to 50,000,500 input rows (Benchmarks/results/polars_engine_crossover_2026-09-26.csv)",
50000000,"(y5) unique over (String, int32), keep first",polars in-memory,399.959,4925.6,,,,,,,,,
50000000,"(y5) unique over (String, int32), keep first",polars streaming,270.461,3528.5,,,,,,,,,
50000000,"(y5) unique over (String, int32), keep first","MetalEngine all, cold",256.688,228.0,Distinct#2[Distinct>DataFrameScan],,True,1.05,1.56,distinct|string|memory,50000000,,
50000000,"(y5) unique over (String, int32), keep first","MetalEngine all, warm",246.503,212.5,Distinct#2[Distinct>DataFrameScan],,True,1.10,1.62,distinct|string|memory,50000000,,
50000000,"(y5) unique over (String, int32), keep first","MetalEngine default, cold",406.826,5033.4,,,True,0.66,0.98,,,"Distinct#2: rule: distinct with a String column was not measured ahead of Polars up to 50,000,000 input rows (Benchmarks/results/polars_engine_crossover_2026-09-26.csv)",
50000000,(y6) top 100 by an int64 key with a String column,polars in-memory,437.484,437.6,,,,,,,,,
50000000,(y6) top 100 by an int64 key with a String column,polars streaming,20.318,177.0,,,,,,,,,
50000000,(y6) top 100 by an int64 key with a String column,"MetalEngine all, cold",241.716,224.2,Sort#3[Sort>Filter>DataFrameScan],,True,0.08,1.81,top_k|string|memory,50000000,,
50000000,(y6) top 100 by an int64 key with a String column,"MetalEngine all, warm",232.696,217.7,Sort#3[Sort>Filter>DataFrameScan],,True,0.09,1.88,top_k|string|memory,50000000,,
50000000,(y6) top 100 by an int64 key with a String column,"MetalEngine default, cold",436.280,436.4,,,True,0.05,1.00,,,"Sort#3: rule: top_k with a String column was not measured ahead of Polars up to 50,000,000 input rows (Benchmarks/results/polars_engine_crossover_2026-09-26.csv)",
50000000,"(s1) scan, filter, group-by 1000 keys, sum + count [snappy]",polars in-memory,113.681,1228.1,,,,,,,,,
50000000,"(s1) scan, filter, group-by 1000 keys, sum + count [snappy]",polars streaming,49.942,652.1,,,,,,,,,
50000000,"(s1) scan, filter, group-by 1000 keys, sum + count [snappy]","MetalEngine all, cold",300.138,751.8,SimpleProjection#4[SimpleProjection>Scan],"GroupBy#2: a per-group Float64 sum or mean over 50,000,000 rows (ArrowMetal's group-by answers these wrongly from 16,777,216 groups)",True,0.17,0.38,rowwise|numeric|parquet,50000000,,50/0
50000000,"(s1) scan, filter, group-by 1000 keys, sum + count [snappy]","MetalEngine all, warm",129.414,582.6,SimpleProjection#4[SimpleProjection>Scan],"GroupBy#2: a per-group Float64 sum or mean over 50,000,000 rows (ArrowMetal's group-by answers these wrongly from 16,777,216 groups)",True,0.39,0.88,rowwise|numeric|parquet,50000000,,50/0
50000000,"(s1) scan, filter, group-by 1000 keys, sum + count [snappy]","MetalEngine default, cold",122.291,1240.7,,,True,0.41,0.93,,,SimpleProjection#4: rule: no measurement of rowwise over a Parquet file (Benchmarks/results/polars_engine_crossover_2026-09-26.csv) | Scan#1: rule: no measurement of rowwise over a Parquet file (Benchmarks/results/polars_engine_crossover_2026-09-26.csv),
50000000,"(s2) scan, filter on id (row groups skipped), group-by, sum [snappy]",polars in-memory,26.573,176.8,,,,,,,,,
50000000,"(s2) scan, filter on id (row groups skipped), group-by, sum [snappy]",polars streaming,13.118,76.9,,,,,,,,,
50000000,"(s2) scan, filter on id (row groups skipped), group-by, sum [snappy]","MetalEngine all, cold",57.110,141.0,SimpleProjection#4[SimpleProjection>Scan],"GroupBy#2: a per-group Float64 sum or mean over 50,000,000 rows (ArrowMetal's group-by answers these wrongly from 16,777,216 groups)",True,0.23,0.47,rowwise|numeric|parquet,50000000,,5/45
50000000,"(s2) scan, filter on id (row groups skipped), group-by, sum [snappy]","MetalEngine all, warm",42.164,120.8,SimpleProjection#4[SimpleProjection>Scan],"GroupBy#2: a per-group Float64 sum or mean over 50,000,000 rows (ArrowMetal's group-by answers these wrongly from 16,777,216 groups)",True,0.31,0.63,rowwise|numeric|parquet,50000000,,5/45
50000000,"(s2) scan, filter on id (row groups skipped), group-by, sum [snappy]","MetalEngine default, cold",28.755,186.5,,,True,0.46,0.92,,,SimpleProjection#4: rule: no measurement of rowwise over a Parquet file (Benchmarks/results/polars_engine_crossover_2026-09-26.csv) | Scan#1: rule: no measurement of rowwise over a Parquet file (Benchmarks/results/polars_engine_crossover_2026-09-26.csv),
50000000,"(s3) scan, filter, sum + count [snappy]",polars in-memory,14.610,170.8,,,,,,,,,
50000000,"(s3) scan, filter, sum + count [snappy]",polars streaming,14.583,187.5,,,,,,,,,
50000000,"(s3) scan, filter, sum + count [snappy]","MetalEngine all, cold",189.776,171.9,Select#3[Select>SimpleProjection>Scan],,True,0.08,0.08,aggregate:count+aggregate:sum|numeric|parquet,50000000,,50/0
50000000,"(s3) scan, filter, sum + count [snappy]","MetalEngine all, warm",20.162,8.4,Select#3[Select>SimpleProjection>Scan],,True,0.72,0.72,aggregate:count+aggregate:sum|numeric|parquet,50000000,,50/0
50000000,"(s3) scan, filter, sum + count [snappy]","MetalEngine default, cold",15.333,175.3,,,True,0.95,0.95,,,"Select#3: rule: aggregate:count over a Parquet file was not measured ahead of Polars up to 50,000,000 input rows (Benchmarks/results/polars_engine_crossover_2026-09-26.csv) | SimpleProjection#5: rule: no measurement of rowwise over a Parquet file (Benchmarks/results/polars_engine_crossover_2026-09-26.csv) | Scan#2: rule: no measurement of rowwise over a Parquet file (Benchmarks/results/polars_engine_crossover_2026-09-26.csv)",
50000000,"(s4) scan, sort 2 columns by a float64 key [snappy]",polars in-memory,631.097,6836.9,,,,,,,,,
50000000,"(s4) scan, sort 2 columns by a float64 key [snappy]",polars streaming,678.801,7302.6,,,,,,,,,
50000000,"(s4) scan, sort 2 columns by a float64 key [snappy]","MetalEngine all, cold",307.551,172.7,Sort#2[Sort>Scan],,True,2.05,2.05,sort|numeric|parquet,50000000,,50/0
50000000,"(s4) scan, sort 2 columns by a float64 key [snappy]","MetalEngine all, warm",155.185,9.0,Sort#2[Sort>Scan],,True,4.07,4.07,sort|numeric|parquet,50000000,,50/0
50000000,"(s4) scan, sort 2 columns by a float64 key [snappy]","MetalEngine default, cold",304.408,168.8,Sort#2,,True,2.07,2.07,,,"Sort#2: 50,000,000 input rows is at or above the 2,505,017-row crossover for sort over a Parquet file (engine table, Benchmarks/results/polars_engine_crossover_2026-09-26.csv)",
50000000,"(s1) scan, filter, group-by 1000 keys, sum + count [none]",polars in-memory,101.978,1146.6,,,,,,,,,
50000000,"(s1) scan, filter, group-by 1000 keys, sum + count [none]",polars streaming,39.263,531.9,,,,,,,,,
50000000,"(s1) scan, filter, group-by 1000 keys, sum + count [none]","MetalEngine all, cold",286.827,790.4,SimpleProjection#4[SimpleProjection>Scan],"GroupBy#2: a per-group Float64 sum or mean over 50,000,000 rows (ArrowMetal's group-by answers these wrongly from 16,777,216 groups)",True,0.14,0.36,rowwise|numeric|parquet,50000000,,50/0
50000000,"(s1) scan, filter, group-by 1000 keys, sum + count [none]","MetalEngine all, warm",73.834,562.1,SimpleProjection#4[SimpleProjection>Scan],"GroupBy#2: a per-group Float64 sum or mean over 50,000,000 rows (ArrowMetal's group-by answers these wrongly from 16,777,216 groups)",True,0.53,1.38,rowwise|numeric|parquet,50000000,,50/0
50000000,"(s1) scan, filter, group-by 1000 keys, sum + count [none]","MetalEngine default, cold",133.134,1319.2,,,True,0.29,0.77,,,SimpleProjection#4: rule: no measurement of rowwise over a Parquet file (Benchmarks/results/polars_engine_crossover_2026-09-26.csv) | Scan#1: rule: no measurement of rowwise over a Parquet file (Benchmarks/results/polars_engine_crossover_2026-09-26.csv),
50000000,"(s2) scan, filter on id (row groups skipped), group-by, sum [none]",polars in-memory,25.218,199.0,,,,,,,,,
50000000,"(s2) scan, filter on id (row groups skipped), group-by, sum [none]",polars streaming,7.463,48.5,,,,,,,,,
50000000,"(s2) scan, filter on id (row groups skipped), group-by, sum [none]","MetalEngine all, cold",41.447,158.2,SimpleProjection#4[SimpleProjection>Scan],"GroupBy#2: a per-group Float64 sum or mean over 50,000,000 rows (ArrowMetal's group-by answers these wrongly from 16,777,216 groups)",True,0.18,0.61,rowwise|numeric|parquet,50000000,,5/45
50000000,"(s2) scan, filter on id (row groups skipped), group-by, sum [none]","MetalEngine all, warm",16.067,135.3,SimpleProjection#4[SimpleProjection>Scan],"GroupBy#2: a per-group Float64 sum or mean over 50,000,000 rows (ArrowMetal's group-by answers these wrongly from 16,777,216 groups)",True,0.46,1.57,rowwise|numeric|parquet,50000000,,5/45
50000000,"(s2) scan, filter on id (row groups skipped), group-by, sum [none]","MetalEngine default, cold",27.723,190.3,,,True,0.27,0.91,,,SimpleProjection#4: rule: no measurement of rowwise over a Parquet file (Benchmarks/results/polars_engine_crossover_2026-09-26.csv) | Scan#1: rule: no measurement of rowwise over a Parquet file (Benchmarks/results/polars_engine_crossover_2026-09-26.csv),
50000000,"(s3) scan, filter, sum + count [none]",polars in-memory,17.301,203.8,,,,,,,,,
50000000,"(s3) scan, filter, sum + count [none]",polars streaming,15.416,202.0,,,,,,,,,
50000000,"(s3) scan, filter, sum + count [none]","MetalEngine all, cold",251.128,229.6,Select#3[Select>SimpleProjection>Scan],,True,0.06,0.07,aggregate:count+aggregate:sum|numeric|parquet,50000000,,50/0
50000000,"(s3) scan, filter, sum + count [none]","MetalEngine all, warm",10.748,7.7,Select#3[Select>SimpleProjection>Scan],,True,1.43,1.61,aggregate:count+aggregate:sum|numeric|parquet,50000000,,50/0
50000000,"(s3) scan, filter, sum + count [none]","MetalEngine default, cold",14.908,168.9,,,True,1.03,1.16,,,"Select#3: rule: aggregate:count over a Parquet file was not measured ahead of Polars up to 50,000,000 input rows (Benchmarks/results/polars_engine_crossover_2026-09-26.csv) | SimpleProjection#5: rule: no measurement of rowwise over a Parquet file (Benchmarks/results/polars_engine_crossover_2026-09-26.csv) | Scan#2: rule: no measurement of rowwise over a Parquet file (Benchmarks/results/polars_engine_crossover_2026-09-26.csv)",
50000000,"(s4) scan, sort 2 columns by a float64 key [none]",polars in-memory,847.215,8796.2,,,,,,,,,
50000000,"(s4) scan, sort 2 columns by a float64 key [none]",polars streaming,680.406,6997.5,,,,,,,,,
50000000,"(s4) scan, sort 2 columns by a float64 key [none]","MetalEngine all, cold",274.887,211.3,Sort#2[Sort>Scan],,True,2.48,3.08,sort|numeric|parquet,50000000,,50/0
50000000,"(s4) scan, sort 2 columns by a float64 key [none]","MetalEngine all, warm",70.862,7.9,Sort#2[Sort>Scan],,True,9.60,11.96,sort|numeric|parquet,50000000,,50/0
50000000,"(s4) scan, sort 2 columns by a float64 key [none]","MetalEngine default, cold",278.523,215.6,Sort#2,,True,2.44,3.04,,,"Sort#2: 50,000,000 input rows is at or above the 2,505,017-row crossover for sort over a Parquet file (engine table, Benchmarks/results/polars_engine_crossover_2026-09-26.csv)",
