date,t,d,e,config,config_desc,metric,value,unit,runs,block_load_start,block_load_end,block_t0,block_t1,last_sleep,note
2026-10-03,256,128,32,a,"SessionContext::new() (DataFusion alone)",first_run_ms,89.98,ms,1,3.10,4.03,2026-10-03 19:48:14,2026-10-03 19:48:28,"2026-10-03 13:22:58","the configuration's first run of the shape (untimed in best/median); the process's first GPU query also compiles pipelines"
2026-10-03,256,128,32,a,"SessionContext::new() (DataFusion alone)",first_run_cpu_ms,471.2,ms,1,3.10,4.03,2026-10-03 19:48:14,2026-10-03 19:48:28,"2026-10-03 13:22:58",""
2026-10-03,256,128,32,a,"SessionContext::new() (DataFusion alone)",loss,3.55857760840076662e3,,1,3.10,4.03,2026-10-03 19:48:14,2026-10-03 19:48:28,"2026-10-03 13:22:58","first run"
2026-10-03,256,128,32,a,"SessionContext::new() (DataFusion alone)",loss_rel_diff_vs_a,0.000e0,,1,3.10,4.03,2026-10-03 19:48:14,2026-10-03 19:48:28,"2026-10-03 13:22:58","first run"
2026-10-03,256,128,32,a,"SessionContext::new() (DataFusion alone)",wall_best_ms,48.83,ms,5,3.10,4.03,2026-10-03 19:48:14,2026-10-03 19:48:28,"2026-10-03 13:22:58",""
2026-10-03,256,128,32,a,"SessionContext::new() (DataFusion alone)",wall_median_ms,52.29,ms,5,3.10,4.03,2026-10-03 19:48:14,2026-10-03 19:48:28,"2026-10-03 13:22:58",""
2026-10-03,256,128,32,a,"SessionContext::new() (DataFusion alone)",cpu_ms_of_best_run,479.0,ms,5,3.10,4.03,2026-10-03 19:48:14,2026-10-03 19:48:28,"2026-10-03 13:22:58",""
2026-10-03,256,128,32,a,"SessionContext::new() (DataFusion alone)",cpu_median_ms,473.4,ms,5,3.10,4.03,2026-10-03 19:48:14,2026-10-03 19:48:28,"2026-10-03 13:22:58",""
2026-10-03,256,128,32,a,"SessionContext::new() (DataFusion alone)",wall_runs_ms,"52.29 48.83 53.09 52.00 53.86",ms,5,3.10,4.03,2026-10-03 19:48:14,2026-10-03 19:48:28,"2026-10-03 13:22:58","timed runs in round order"
2026-10-03,256,128,32,a,"SessionContext::new() (DataFusion alone)",warmup_runs,11,runs,5,3.10,4.03,2026-10-03 19:48:14,2026-10-03 19:48:28,"2026-10-03 13:22:58","untimed runs before the timed runs, at least 100 ms per round"
2026-10-03,256,128,32,a,"SessionContext::new() (DataFusion alone)",idle500_first_median_ms,77.53,ms,3,3.10,4.03,2026-10-03 19:48:14,2026-10-03 19:48:28,"2026-10-03 13:22:58","run after 500 ms of sleep"
2026-10-03,256,128,32,a,"SessionContext::new() (DataFusion alone)",idle500_first_max_ms,77.93,ms,3,3.10,4.03,2026-10-03 19:48:14,2026-10-03 19:48:28,"2026-10-03 13:22:58",""
2026-10-03,256,128,32,a,"SessionContext::new() (DataFusion alone)",idle500_cpu_median_ms,617.3,ms,3,3.10,4.03,2026-10-03 19:48:14,2026-10-03 19:48:28,"2026-10-03 13:22:58",""
2026-10-03,256,128,32,a,"SessionContext::new() (DataFusion alone)",loss_rel_diff_vs_a_max_all_runs,1.789e-15,,8,3.10,4.03,2026-10-03 19:48:14,2026-10-03 19:48:28,"2026-10-03 13:22:58","against a's first run"
2026-10-03,256,128,32,b,"session_context(SessionConfig::new(), ArrowMetalRule::new(ArrowMetalConfig::default()))",first_run_ms,52.69,ms,1,3.10,4.03,2026-10-03 19:48:14,2026-10-03 19:48:28,"2026-10-03 13:22:58","the configuration's first run of the shape (untimed in best/median); the process's first GPU query also compiles pipelines"
2026-10-03,256,128,32,b,"session_context(SessionConfig::new(), ArrowMetalRule::new(ArrowMetalConfig::default()))",first_run_cpu_ms,466.8,ms,1,3.10,4.03,2026-10-03 19:48:14,2026-10-03 19:48:28,"2026-10-03 13:22:58",""
2026-10-03,256,128,32,b,"session_context(SessionConfig::new(), ArrowMetalRule::new(ArrowMetalConfig::default()))",loss,3.55857760840076480e3,,1,3.10,4.03,2026-10-03 19:48:14,2026-10-03 19:48:28,"2026-10-03 13:22:58","first run"
2026-10-03,256,128,32,b,"session_context(SessionConfig::new(), ArrowMetalRule::new(ArrowMetalConfig::default()))",loss_rel_diff_vs_a,5.112e-16,,1,3.10,4.03,2026-10-03 19:48:14,2026-10-03 19:48:28,"2026-10-03 13:22:58","first run"
2026-10-03,256,128,32,b,"session_context(SessionConfig::new(), ArrowMetalRule::new(ArrowMetalConfig::default()))",report_taken,0,nodes,1,3.10,4.03,2026-10-03 19:48:14,2026-10-03 19:48:28,"2026-10-03 13:22:58","plan-time nodes replaced, one plan"
2026-10-03,256,128,32,b,"session_context(SessionConfig::new(), ArrowMetalRule::new(ArrowMetalConfig::default()))",report_left,53,nodes,1,3.10,4.03,2026-10-03 19:48:14,2026-10-03 19:48:28,"2026-10-03 13:22:58","plan-time nodes left, one plan"
2026-10-03,256,128,32,b,"session_context(SessionConfig::new(), ArrowMetalRule::new(ArrowMetalConfig::default()))",report_runtime_gpu,0,nodes,1,3.10,4.03,2026-10-03 19:48:14,2026-10-03 19:48:28,"2026-10-03 13:22:58","replaced aggregates that ran on ArrowMetal"
2026-10-03,256,128,32,b,"session_context(SessionConfig::new(), ArrowMetalRule::new(ArrowMetalConfig::default()))",report_runtime_handed_back,0,nodes,1,3.10,4.03,2026-10-03 19:48:14,2026-10-03 19:48:28,"2026-10-03 13:22:58","replaced aggregates handed back to DataFusion"
2026-10-03,256,128,32,b,"session_context(SessionConfig::new(), ArrowMetalRule::new(ArrowMetalConfig::default()))",report_runtime_fallbacks,0,nodes,1,3.10,4.03,2026-10-03 19:48:14,2026-10-03 19:48:28,"2026-10-03 13:22:58",""
2026-10-03,256,128,32,b,"session_context(SessionConfig::new(), ArrowMetalRule::new(ArrowMetalConfig::default()))",wall_best_ms,48.79,ms,5,3.10,4.03,2026-10-03 19:48:14,2026-10-03 19:48:28,"2026-10-03 13:22:58",""
2026-10-03,256,128,32,b,"session_context(SessionConfig::new(), ArrowMetalRule::new(ArrowMetalConfig::default()))",wall_median_ms,50.25,ms,5,3.10,4.03,2026-10-03 19:48:14,2026-10-03 19:48:28,"2026-10-03 13:22:58",""
2026-10-03,256,128,32,b,"session_context(SessionConfig::new(), ArrowMetalRule::new(ArrowMetalConfig::default()))",cpu_ms_of_best_run,468.3,ms,5,3.10,4.03,2026-10-03 19:48:14,2026-10-03 19:48:28,"2026-10-03 13:22:58",""
2026-10-03,256,128,32,b,"session_context(SessionConfig::new(), ArrowMetalRule::new(ArrowMetalConfig::default()))",cpu_median_ms,468.5,ms,5,3.10,4.03,2026-10-03 19:48:14,2026-10-03 19:48:28,"2026-10-03 13:22:58",""
2026-10-03,256,128,32,b,"session_context(SessionConfig::new(), ArrowMetalRule::new(ArrowMetalConfig::default()))",wall_runs_ms,"52.41 48.87 48.79 50.25 53.07",ms,5,3.10,4.03,2026-10-03 19:48:14,2026-10-03 19:48:28,"2026-10-03 13:22:58","timed runs in round order"
2026-10-03,256,128,32,b,"session_context(SessionConfig::new(), ArrowMetalRule::new(ArrowMetalConfig::default()))",warmup_runs,10,runs,5,3.10,4.03,2026-10-03 19:48:14,2026-10-03 19:48:28,"2026-10-03 13:22:58","untimed runs before the timed runs, at least 100 ms per round"
2026-10-03,256,128,32,b,"session_context(SessionConfig::new(), ArrowMetalRule::new(ArrowMetalConfig::default()))",idle500_first_median_ms,76.71,ms,3,3.10,4.03,2026-10-03 19:48:14,2026-10-03 19:48:28,"2026-10-03 13:22:58","run after 500 ms of sleep"
2026-10-03,256,128,32,b,"session_context(SessionConfig::new(), ArrowMetalRule::new(ArrowMetalConfig::default()))",idle500_first_max_ms,77.22,ms,3,3.10,4.03,2026-10-03 19:48:14,2026-10-03 19:48:28,"2026-10-03 13:22:58",""
2026-10-03,256,128,32,b,"session_context(SessionConfig::new(), ArrowMetalRule::new(ArrowMetalConfig::default()))",idle500_cpu_median_ms,618.0,ms,3,3.10,4.03,2026-10-03 19:48:14,2026-10-03 19:48:28,"2026-10-03 13:22:58",""
2026-10-03,256,128,32,b,"session_context(SessionConfig::new(), ArrowMetalRule::new(ArrowMetalConfig::default()))",loss_rel_diff_vs_a_max_all_runs,1.150e-15,,8,3.10,4.03,2026-10-03 19:48:14,2026-10-03 19:48:28,"2026-10-03 13:22:58","against a's first run"
2026-10-03,256,128,32,c,"ArrowMetalConfig::all().with_min_rows(0), AggregateChoice::ArrowMetal, JoinChoice::ArrowMetal",first_run_ms,92.59,ms,1,3.10,4.03,2026-10-03 19:48:14,2026-10-03 19:48:28,"2026-10-03 13:22:58","the configuration's first run of the shape (untimed in best/median); the process's first GPU query also compiles pipelines"
2026-10-03,256,128,32,c,"ArrowMetalConfig::all().with_min_rows(0), AggregateChoice::ArrowMetal, JoinChoice::ArrowMetal",first_run_cpu_ms,478.0,ms,1,3.10,4.03,2026-10-03 19:48:14,2026-10-03 19:48:28,"2026-10-03 13:22:58",""
2026-10-03,256,128,32,c,"ArrowMetalConfig::all().with_min_rows(0), AggregateChoice::ArrowMetal, JoinChoice::ArrowMetal",loss,3.55857760840076389e3,,1,3.10,4.03,2026-10-03 19:48:14,2026-10-03 19:48:28,"2026-10-03 13:22:58","first run"
2026-10-03,256,128,32,c,"ArrowMetalConfig::all().with_min_rows(0), AggregateChoice::ArrowMetal, JoinChoice::ArrowMetal",loss_rel_diff_vs_a,7.667e-16,,1,3.10,4.03,2026-10-03 19:48:14,2026-10-03 19:48:28,"2026-10-03 13:22:58","first run"
2026-10-03,256,128,32,c,"ArrowMetalConfig::all().with_min_rows(0), AggregateChoice::ArrowMetal, JoinChoice::ArrowMetal",report_taken,9,nodes,1,3.10,4.03,2026-10-03 19:48:14,2026-10-03 19:48:28,"2026-10-03 13:22:58","plan-time nodes replaced, one plan"
2026-10-03,256,128,32,c,"ArrowMetalConfig::all().with_min_rows(0), AggregateChoice::ArrowMetal, JoinChoice::ArrowMetal",report_left,44,nodes,1,3.10,4.03,2026-10-03 19:48:14,2026-10-03 19:48:28,"2026-10-03 13:22:58","plan-time nodes left, one plan"
2026-10-03,256,128,32,c,"ArrowMetalConfig::all().with_min_rows(0), AggregateChoice::ArrowMetal, JoinChoice::ArrowMetal",report_runtime_gpu,0,nodes,1,3.10,4.03,2026-10-03 19:48:14,2026-10-03 19:48:28,"2026-10-03 13:22:58","replaced aggregates that ran on ArrowMetal"
2026-10-03,256,128,32,c,"ArrowMetalConfig::all().with_min_rows(0), AggregateChoice::ArrowMetal, JoinChoice::ArrowMetal",report_runtime_handed_back,0,nodes,1,3.10,4.03,2026-10-03 19:48:14,2026-10-03 19:48:28,"2026-10-03 13:22:58","replaced aggregates handed back to DataFusion"
2026-10-03,256,128,32,c,"ArrowMetalConfig::all().with_min_rows(0), AggregateChoice::ArrowMetal, JoinChoice::ArrowMetal",report_runtime_fallbacks,0,nodes,1,3.10,4.03,2026-10-03 19:48:14,2026-10-03 19:48:28,"2026-10-03 13:22:58",""
2026-10-03,256,128,32,c,"ArrowMetalConfig::all().with_min_rows(0), AggregateChoice::ArrowMetal, JoinChoice::ArrowMetal",wall_best_ms,49.43,ms,5,3.10,4.03,2026-10-03 19:48:14,2026-10-03 19:48:28,"2026-10-03 13:22:58",""
2026-10-03,256,128,32,c,"ArrowMetalConfig::all().with_min_rows(0), AggregateChoice::ArrowMetal, JoinChoice::ArrowMetal",wall_median_ms,52.31,ms,5,3.10,4.03,2026-10-03 19:48:14,2026-10-03 19:48:28,"2026-10-03 13:22:58",""
2026-10-03,256,128,32,c,"ArrowMetalConfig::all().with_min_rows(0), AggregateChoice::ArrowMetal, JoinChoice::ArrowMetal",cpu_ms_of_best_run,457.6,ms,5,3.10,4.03,2026-10-03 19:48:14,2026-10-03 19:48:28,"2026-10-03 13:22:58",""
2026-10-03,256,128,32,c,"ArrowMetalConfig::all().with_min_rows(0), AggregateChoice::ArrowMetal, JoinChoice::ArrowMetal",cpu_median_ms,456.0,ms,5,3.10,4.03,2026-10-03 19:48:14,2026-10-03 19:48:28,"2026-10-03 13:22:58",""
2026-10-03,256,128,32,c,"ArrowMetalConfig::all().with_min_rows(0), AggregateChoice::ArrowMetal, JoinChoice::ArrowMetal",wall_runs_ms,"53.11 49.81 52.31 49.43 52.55",ms,5,3.10,4.03,2026-10-03 19:48:14,2026-10-03 19:48:28,"2026-10-03 13:22:58","timed runs in round order"
2026-10-03,256,128,32,c,"ArrowMetalConfig::all().with_min_rows(0), AggregateChoice::ArrowMetal, JoinChoice::ArrowMetal",warmup_runs,10,runs,5,3.10,4.03,2026-10-03 19:48:14,2026-10-03 19:48:28,"2026-10-03 13:22:58","untimed runs before the timed runs, at least 100 ms per round"
2026-10-03,256,128,32,c,"ArrowMetalConfig::all().with_min_rows(0), AggregateChoice::ArrowMetal, JoinChoice::ArrowMetal",idle500_first_median_ms,73.24,ms,3,3.10,4.03,2026-10-03 19:48:14,2026-10-03 19:48:28,"2026-10-03 13:22:58","run after 500 ms of sleep"
2026-10-03,256,128,32,c,"ArrowMetalConfig::all().with_min_rows(0), AggregateChoice::ArrowMetal, JoinChoice::ArrowMetal",idle500_first_max_ms,73.55,ms,3,3.10,4.03,2026-10-03 19:48:14,2026-10-03 19:48:28,"2026-10-03 13:22:58",""
2026-10-03,256,128,32,c,"ArrowMetalConfig::all().with_min_rows(0), AggregateChoice::ArrowMetal, JoinChoice::ArrowMetal",idle500_cpu_median_ms,592.9,ms,3,3.10,4.03,2026-10-03 19:48:14,2026-10-03 19:48:28,"2026-10-03 13:22:58",""
2026-10-03,256,128,32,c,"ArrowMetalConfig::all().with_min_rows(0), AggregateChoice::ArrowMetal, JoinChoice::ArrowMetal",loss_rel_diff_vs_a_max_all_runs,1.533e-15,,8,3.10,4.03,2026-10-03 19:48:14,2026-10-03 19:48:28,"2026-10-03 13:22:58","against a's first run"
2026-10-03,512,256,64,a,"SessionContext::new() (DataFusion alone)",first_run_ms,255.76,ms,1,2.97,4.72,2026-10-03 19:48:54,2026-10-03 19:49:15,"2026-10-03 13:22:58","the configuration's first run of the shape (untimed in best/median); the process's first GPU query also compiles pipelines"
2026-10-03,512,256,64,a,"SessionContext::new() (DataFusion alone)",first_run_cpu_ms,3246.6,ms,1,2.97,4.72,2026-10-03 19:48:54,2026-10-03 19:49:15,"2026-10-03 13:22:58",""
2026-10-03,512,256,64,a,"SessionContext::new() (DataFusion alone)",loss,5.33294889040360722e4,,1,2.97,4.72,2026-10-03 19:48:54,2026-10-03 19:49:15,"2026-10-03 13:22:58","first run"
2026-10-03,512,256,64,a,"SessionContext::new() (DataFusion alone)",loss_rel_diff_vs_a,0.000e0,,1,2.97,4.72,2026-10-03 19:48:54,2026-10-03 19:49:15,"2026-10-03 13:22:58","first run"
2026-10-03,512,256,64,a,"SessionContext::new() (DataFusion alone)",wall_best_ms,252.39,ms,5,2.97,4.72,2026-10-03 19:48:54,2026-10-03 19:49:15,"2026-10-03 13:22:58",""
2026-10-03,512,256,64,a,"SessionContext::new() (DataFusion alone)",wall_median_ms,255.71,ms,5,2.97,4.72,2026-10-03 19:48:54,2026-10-03 19:49:15,"2026-10-03 13:22:58",""
2026-10-03,512,256,64,a,"SessionContext::new() (DataFusion alone)",cpu_ms_of_best_run,3256.0,ms,5,2.97,4.72,2026-10-03 19:48:54,2026-10-03 19:49:15,"2026-10-03 13:22:58",""
2026-10-03,512,256,64,a,"SessionContext::new() (DataFusion alone)",cpu_median_ms,3250.2,ms,5,2.97,4.72,2026-10-03 19:48:54,2026-10-03 19:49:15,"2026-10-03 13:22:58",""
2026-10-03,512,256,64,a,"SessionContext::new() (DataFusion alone)",wall_runs_ms,"256.19 257.75 252.39 253.96 255.71",ms,5,2.97,4.72,2026-10-03 19:48:54,2026-10-03 19:49:15,"2026-10-03 13:22:58","timed runs in round order"
2026-10-03,512,256,64,a,"SessionContext::new() (DataFusion alone)",warmup_runs,5,runs,5,2.97,4.72,2026-10-03 19:48:54,2026-10-03 19:49:15,"2026-10-03 13:22:58","untimed runs before the timed runs, at least 100 ms per round"
2026-10-03,512,256,64,a,"SessionContext::new() (DataFusion alone)",idle500_first_median_ms,283.78,ms,3,2.97,4.72,2026-10-03 19:48:54,2026-10-03 19:49:15,"2026-10-03 13:22:58","run after 500 ms of sleep"
2026-10-03,512,256,64,a,"SessionContext::new() (DataFusion alone)",idle500_first_max_ms,288.96,ms,3,2.97,4.72,2026-10-03 19:48:54,2026-10-03 19:49:15,"2026-10-03 13:22:58",""
2026-10-03,512,256,64,a,"SessionContext::new() (DataFusion alone)",idle500_cpu_median_ms,3416.1,ms,3,2.97,4.72,2026-10-03 19:48:54,2026-10-03 19:49:15,"2026-10-03 13:22:58",""
2026-10-03,512,256,64,a,"SessionContext::new() (DataFusion alone)",loss_rel_diff_vs_a_max_all_runs,6.822e-15,,8,2.97,4.72,2026-10-03 19:48:54,2026-10-03 19:49:15,"2026-10-03 13:22:58","against a's first run"
2026-10-03,512,256,64,b,"session_context(SessionConfig::new(), ArrowMetalRule::new(ArrowMetalConfig::default()))",first_run_ms,257.70,ms,1,2.97,4.72,2026-10-03 19:48:54,2026-10-03 19:49:15,"2026-10-03 13:22:58","the configuration's first run of the shape (untimed in best/median); the process's first GPU query also compiles pipelines"
2026-10-03,512,256,64,b,"session_context(SessionConfig::new(), ArrowMetalRule::new(ArrowMetalConfig::default()))",first_run_cpu_ms,3243.9,ms,1,2.97,4.72,2026-10-03 19:48:54,2026-10-03 19:49:15,"2026-10-03 13:22:58",""
2026-10-03,512,256,64,b,"session_context(SessionConfig::new(), ArrowMetalRule::new(ArrowMetalConfig::default()))",loss,5.33294889040359703e4,,1,2.97,4.72,2026-10-03 19:48:54,2026-10-03 19:49:15,"2026-10-03 13:22:58","first run"
2026-10-03,512,256,64,b,"session_context(SessionConfig::new(), ArrowMetalRule::new(ArrowMetalConfig::default()))",loss_rel_diff_vs_a,1.910e-15,,1,2.97,4.72,2026-10-03 19:48:54,2026-10-03 19:49:15,"2026-10-03 13:22:58","first run"
2026-10-03,512,256,64,b,"session_context(SessionConfig::new(), ArrowMetalRule::new(ArrowMetalConfig::default()))",report_taken,0,nodes,1,2.97,4.72,2026-10-03 19:48:54,2026-10-03 19:49:15,"2026-10-03 13:22:58","plan-time nodes replaced, one plan"
2026-10-03,512,256,64,b,"session_context(SessionConfig::new(), ArrowMetalRule::new(ArrowMetalConfig::default()))",report_left,53,nodes,1,2.97,4.72,2026-10-03 19:48:54,2026-10-03 19:49:15,"2026-10-03 13:22:58","plan-time nodes left, one plan"
2026-10-03,512,256,64,b,"session_context(SessionConfig::new(), ArrowMetalRule::new(ArrowMetalConfig::default()))",report_runtime_gpu,0,nodes,1,2.97,4.72,2026-10-03 19:48:54,2026-10-03 19:49:15,"2026-10-03 13:22:58","replaced aggregates that ran on ArrowMetal"
2026-10-03,512,256,64,b,"session_context(SessionConfig::new(), ArrowMetalRule::new(ArrowMetalConfig::default()))",report_runtime_handed_back,0,nodes,1,2.97,4.72,2026-10-03 19:48:54,2026-10-03 19:49:15,"2026-10-03 13:22:58","replaced aggregates handed back to DataFusion"
2026-10-03,512,256,64,b,"session_context(SessionConfig::new(), ArrowMetalRule::new(ArrowMetalConfig::default()))",report_runtime_fallbacks,0,nodes,1,2.97,4.72,2026-10-03 19:48:54,2026-10-03 19:49:15,"2026-10-03 13:22:58",""
2026-10-03,512,256,64,b,"session_context(SessionConfig::new(), ArrowMetalRule::new(ArrowMetalConfig::default()))",wall_best_ms,248.90,ms,5,2.97,4.72,2026-10-03 19:48:54,2026-10-03 19:49:15,"2026-10-03 13:22:58",""
2026-10-03,512,256,64,b,"session_context(SessionConfig::new(), ArrowMetalRule::new(ArrowMetalConfig::default()))",wall_median_ms,257.40,ms,5,2.97,4.72,2026-10-03 19:48:54,2026-10-03 19:49:15,"2026-10-03 13:22:58",""
2026-10-03,512,256,64,b,"session_context(SessionConfig::new(), ArrowMetalRule::new(ArrowMetalConfig::default()))",cpu_ms_of_best_run,3258.8,ms,5,2.97,4.72,2026-10-03 19:48:54,2026-10-03 19:49:15,"2026-10-03 13:22:58",""
2026-10-03,512,256,64,b,"session_context(SessionConfig::new(), ArrowMetalRule::new(ArrowMetalConfig::default()))",cpu_median_ms,3250.5,ms,5,2.97,4.72,2026-10-03 19:48:54,2026-10-03 19:49:15,"2026-10-03 13:22:58",""
2026-10-03,512,256,64,b,"session_context(SessionConfig::new(), ArrowMetalRule::new(ArrowMetalConfig::default()))",wall_runs_ms,"259.61 259.58 251.82 257.40 248.90",ms,5,2.97,4.72,2026-10-03 19:48:54,2026-10-03 19:49:15,"2026-10-03 13:22:58","timed runs in round order"
2026-10-03,512,256,64,b,"session_context(SessionConfig::new(), ArrowMetalRule::new(ArrowMetalConfig::default()))",warmup_runs,5,runs,5,2.97,4.72,2026-10-03 19:48:54,2026-10-03 19:49:15,"2026-10-03 13:22:58","untimed runs before the timed runs, at least 100 ms per round"
2026-10-03,512,256,64,b,"session_context(SessionConfig::new(), ArrowMetalRule::new(ArrowMetalConfig::default()))",idle500_first_median_ms,281.82,ms,3,2.97,4.72,2026-10-03 19:48:54,2026-10-03 19:49:15,"2026-10-03 13:22:58","run after 500 ms of sleep"
2026-10-03,512,256,64,b,"session_context(SessionConfig::new(), ArrowMetalRule::new(ArrowMetalConfig::default()))",idle500_first_max_ms,287.93,ms,3,2.97,4.72,2026-10-03 19:48:54,2026-10-03 19:49:15,"2026-10-03 13:22:58",""
2026-10-03,512,256,64,b,"session_context(SessionConfig::new(), ArrowMetalRule::new(ArrowMetalConfig::default()))",idle500_cpu_median_ms,3420.9,ms,3,2.97,4.72,2026-10-03 19:48:54,2026-10-03 19:49:15,"2026-10-03 13:22:58",""
2026-10-03,512,256,64,b,"session_context(SessionConfig::new(), ArrowMetalRule::new(ArrowMetalConfig::default()))",loss_rel_diff_vs_a_max_all_runs,1.010e-14,,8,2.97,4.72,2026-10-03 19:48:54,2026-10-03 19:49:15,"2026-10-03 13:22:58","against a's first run"
2026-10-03,512,256,64,c,"ArrowMetalConfig::all().with_min_rows(0), AggregateChoice::ArrowMetal, JoinChoice::ArrowMetal",first_run_ms,277.93,ms,1,2.97,4.72,2026-10-03 19:48:54,2026-10-03 19:49:15,"2026-10-03 13:22:58","the configuration's first run of the shape (untimed in best/median); the process's first GPU query also compiles pipelines"
2026-10-03,512,256,64,c,"ArrowMetalConfig::all().with_min_rows(0), AggregateChoice::ArrowMetal, JoinChoice::ArrowMetal",first_run_cpu_ms,3007.6,ms,1,2.97,4.72,2026-10-03 19:48:54,2026-10-03 19:49:15,"2026-10-03 13:22:58",""
2026-10-03,512,256,64,c,"ArrowMetalConfig::all().with_min_rows(0), AggregateChoice::ArrowMetal, JoinChoice::ArrowMetal",loss,5.33294889040361304e4,,1,2.97,4.72,2026-10-03 19:48:54,2026-10-03 19:49:15,"2026-10-03 13:22:58","first run"
2026-10-03,512,256,64,c,"ArrowMetalConfig::all().with_min_rows(0), AggregateChoice::ArrowMetal, JoinChoice::ArrowMetal",loss_rel_diff_vs_a,1.091e-15,,1,2.97,4.72,2026-10-03 19:48:54,2026-10-03 19:49:15,"2026-10-03 13:22:58","first run"
2026-10-03,512,256,64,c,"ArrowMetalConfig::all().with_min_rows(0), AggregateChoice::ArrowMetal, JoinChoice::ArrowMetal",report_taken,9,nodes,1,2.97,4.72,2026-10-03 19:48:54,2026-10-03 19:49:15,"2026-10-03 13:22:58","plan-time nodes replaced, one plan"
2026-10-03,512,256,64,c,"ArrowMetalConfig::all().with_min_rows(0), AggregateChoice::ArrowMetal, JoinChoice::ArrowMetal",report_left,44,nodes,1,2.97,4.72,2026-10-03 19:48:54,2026-10-03 19:49:15,"2026-10-03 13:22:58","plan-time nodes left, one plan"
2026-10-03,512,256,64,c,"ArrowMetalConfig::all().with_min_rows(0), AggregateChoice::ArrowMetal, JoinChoice::ArrowMetal",report_runtime_gpu,0,nodes,1,2.97,4.72,2026-10-03 19:48:54,2026-10-03 19:49:15,"2026-10-03 13:22:58","replaced aggregates that ran on ArrowMetal"
2026-10-03,512,256,64,c,"ArrowMetalConfig::all().with_min_rows(0), AggregateChoice::ArrowMetal, JoinChoice::ArrowMetal",report_runtime_handed_back,0,nodes,1,2.97,4.72,2026-10-03 19:48:54,2026-10-03 19:49:15,"2026-10-03 13:22:58","replaced aggregates handed back to DataFusion"
2026-10-03,512,256,64,c,"ArrowMetalConfig::all().with_min_rows(0), AggregateChoice::ArrowMetal, JoinChoice::ArrowMetal",report_runtime_fallbacks,0,nodes,1,2.97,4.72,2026-10-03 19:48:54,2026-10-03 19:49:15,"2026-10-03 13:22:58",""
2026-10-03,512,256,64,c,"ArrowMetalConfig::all().with_min_rows(0), AggregateChoice::ArrowMetal, JoinChoice::ArrowMetal",wall_best_ms,252.95,ms,5,2.97,4.72,2026-10-03 19:48:54,2026-10-03 19:49:15,"2026-10-03 13:22:58",""
2026-10-03,512,256,64,c,"ArrowMetalConfig::all().with_min_rows(0), AggregateChoice::ArrowMetal, JoinChoice::ArrowMetal",wall_median_ms,256.32,ms,5,2.97,4.72,2026-10-03 19:48:54,2026-10-03 19:49:15,"2026-10-03 13:22:58",""
2026-10-03,512,256,64,c,"ArrowMetalConfig::all().with_min_rows(0), AggregateChoice::ArrowMetal, JoinChoice::ArrowMetal",cpu_ms_of_best_run,2929.8,ms,5,2.97,4.72,2026-10-03 19:48:54,2026-10-03 19:49:15,"2026-10-03 13:22:58",""
2026-10-03,512,256,64,c,"ArrowMetalConfig::all().with_min_rows(0), AggregateChoice::ArrowMetal, JoinChoice::ArrowMetal",cpu_median_ms,2932.6,ms,5,2.97,4.72,2026-10-03 19:48:54,2026-10-03 19:49:15,"2026-10-03 13:22:58",""
2026-10-03,512,256,64,c,"ArrowMetalConfig::all().with_min_rows(0), AggregateChoice::ArrowMetal, JoinChoice::ArrowMetal",wall_runs_ms,"257.84 255.34 262.72 252.95 256.32",ms,5,2.97,4.72,2026-10-03 19:48:54,2026-10-03 19:49:15,"2026-10-03 13:22:58","timed runs in round order"
2026-10-03,512,256,64,c,"ArrowMetalConfig::all().with_min_rows(0), AggregateChoice::ArrowMetal, JoinChoice::ArrowMetal",warmup_runs,5,runs,5,2.97,4.72,2026-10-03 19:48:54,2026-10-03 19:49:15,"2026-10-03 13:22:58","untimed runs before the timed runs, at least 100 ms per round"
2026-10-03,512,256,64,c,"ArrowMetalConfig::all().with_min_rows(0), AggregateChoice::ArrowMetal, JoinChoice::ArrowMetal",idle500_first_median_ms,292.98,ms,3,2.97,4.72,2026-10-03 19:48:54,2026-10-03 19:49:15,"2026-10-03 13:22:58","run after 500 ms of sleep"
2026-10-03,512,256,64,c,"ArrowMetalConfig::all().with_min_rows(0), AggregateChoice::ArrowMetal, JoinChoice::ArrowMetal",idle500_first_max_ms,296.82,ms,3,2.97,4.72,2026-10-03 19:48:54,2026-10-03 19:49:15,"2026-10-03 13:22:58",""
2026-10-03,512,256,64,c,"ArrowMetalConfig::all().with_min_rows(0), AggregateChoice::ArrowMetal, JoinChoice::ArrowMetal",idle500_cpu_median_ms,3105.7,ms,3,2.97,4.72,2026-10-03 19:48:54,2026-10-03 19:49:15,"2026-10-03 13:22:58",""
2026-10-03,512,256,64,c,"ArrowMetalConfig::all().with_min_rows(0), AggregateChoice::ArrowMetal, JoinChoice::ArrowMetal",loss_rel_diff_vs_a_max_all_runs,1.392e-14,,8,2.97,4.72,2026-10-03 19:48:54,2026-10-03 19:49:15,"2026-10-03 13:22:58","against a's first run"
2026-10-03,1024,512,64,a,"SessionContext::new() (DataFusion alone)",first_run_ms,1054.51,ms,1,3.04,12.07,2026-10-03 19:50:01,2026-10-03 19:51:01,"2026-10-03 13:22:58","the configuration's first run of the shape (untimed in best/median); the process's first GPU query also compiles pipelines"
2026-10-03,1024,512,64,a,"SessionContext::new() (DataFusion alone)",first_run_cpu_ms,15142.5,ms,1,3.04,12.07,2026-10-03 19:50:01,2026-10-03 19:51:01,"2026-10-03 13:22:58",""
2026-10-03,1024,512,64,a,"SessionContext::new() (DataFusion alone)",loss,1.86820476203401806e5,,1,3.04,12.07,2026-10-03 19:50:01,2026-10-03 19:51:01,"2026-10-03 13:22:58","first run"
2026-10-03,1024,512,64,a,"SessionContext::new() (DataFusion alone)",loss_rel_diff_vs_a,0.000e0,,1,3.04,12.07,2026-10-03 19:50:01,2026-10-03 19:51:01,"2026-10-03 13:22:58","first run"
2026-10-03,1024,512,64,a,"SessionContext::new() (DataFusion alone)",wall_best_ms,1067.26,ms,5,3.04,12.07,2026-10-03 19:50:01,2026-10-03 19:51:01,"2026-10-03 13:22:58",""
2026-10-03,1024,512,64,a,"SessionContext::new() (DataFusion alone)",wall_median_ms,1175.74,ms,5,3.04,12.07,2026-10-03 19:50:01,2026-10-03 19:51:01,"2026-10-03 13:22:58",""
2026-10-03,1024,512,64,a,"SessionContext::new() (DataFusion alone)",cpu_ms_of_best_run,15282.9,ms,5,3.04,12.07,2026-10-03 19:50:01,2026-10-03 19:51:01,"2026-10-03 13:22:58",""
2026-10-03,1024,512,64,a,"SessionContext::new() (DataFusion alone)",cpu_median_ms,16937.2,ms,5,3.04,12.07,2026-10-03 19:50:01,2026-10-03 19:51:01,"2026-10-03 13:22:58",""
2026-10-03,1024,512,64,a,"SessionContext::new() (DataFusion alone)",wall_runs_ms,"1067.26 1143.43 1175.74 1210.97 1251.96",ms,5,3.04,12.07,2026-10-03 19:50:01,2026-10-03 19:51:01,"2026-10-03 13:22:58","timed runs in round order"
2026-10-03,1024,512,64,a,"SessionContext::new() (DataFusion alone)",warmup_runs,5,runs,5,3.04,12.07,2026-10-03 19:50:01,2026-10-03 19:51:01,"2026-10-03 13:22:58","untimed runs before the timed runs, at least 100 ms per round"
2026-10-03,1024,512,64,a,"SessionContext::new() (DataFusion alone)",idle500_first_median_ms,1225.16,ms,3,3.04,12.07,2026-10-03 19:50:01,2026-10-03 19:51:01,"2026-10-03 13:22:58","run after 500 ms of sleep"
2026-10-03,1024,512,64,a,"SessionContext::new() (DataFusion alone)",idle500_first_max_ms,1238.15,ms,3,3.04,12.07,2026-10-03 19:50:01,2026-10-03 19:51:01,"2026-10-03 13:22:58",""
2026-10-03,1024,512,64,a,"SessionContext::new() (DataFusion alone)",idle500_cpu_median_ms,17083.9,ms,3,3.04,12.07,2026-10-03 19:50:01,2026-10-03 19:51:01,"2026-10-03 13:22:58",""
2026-10-03,1024,512,64,a,"SessionContext::new() (DataFusion alone)",loss_rel_diff_vs_a_max_all_runs,9.503e-15,,8,3.04,12.07,2026-10-03 19:50:01,2026-10-03 19:51:01,"2026-10-03 13:22:58","against a's first run"
2026-10-03,1024,512,64,b,"session_context(SessionConfig::new(), ArrowMetalRule::new(ArrowMetalConfig::default()))",first_run_ms,1066.72,ms,1,3.04,12.07,2026-10-03 19:50:01,2026-10-03 19:51:01,"2026-10-03 13:22:58","the configuration's first run of the shape (untimed in best/median); the process's first GPU query also compiles pipelines"
2026-10-03,1024,512,64,b,"session_context(SessionConfig::new(), ArrowMetalRule::new(ArrowMetalConfig::default()))",first_run_cpu_ms,15148.4,ms,1,3.04,12.07,2026-10-03 19:50:01,2026-10-03 19:51:01,"2026-10-03 13:22:58",""
2026-10-03,1024,512,64,b,"session_context(SessionConfig::new(), ArrowMetalRule::new(ArrowMetalConfig::default()))",loss,1.86820476203400525e5,,1,3.04,12.07,2026-10-03 19:50:01,2026-10-03 19:51:01,"2026-10-03 13:22:58","first run"
2026-10-03,1024,512,64,b,"session_context(SessionConfig::new(), ArrowMetalRule::new(ArrowMetalConfig::default()))",loss_rel_diff_vs_a,6.855e-15,,1,3.04,12.07,2026-10-03 19:50:01,2026-10-03 19:51:01,"2026-10-03 13:22:58","first run"
2026-10-03,1024,512,64,b,"session_context(SessionConfig::new(), ArrowMetalRule::new(ArrowMetalConfig::default()))",report_taken,0,nodes,1,3.04,12.07,2026-10-03 19:50:01,2026-10-03 19:51:01,"2026-10-03 13:22:58","plan-time nodes replaced, one plan"
2026-10-03,1024,512,64,b,"session_context(SessionConfig::new(), ArrowMetalRule::new(ArrowMetalConfig::default()))",report_left,53,nodes,1,3.04,12.07,2026-10-03 19:50:01,2026-10-03 19:51:01,"2026-10-03 13:22:58","plan-time nodes left, one plan"
2026-10-03,1024,512,64,b,"session_context(SessionConfig::new(), ArrowMetalRule::new(ArrowMetalConfig::default()))",report_runtime_gpu,0,nodes,1,3.04,12.07,2026-10-03 19:50:01,2026-10-03 19:51:01,"2026-10-03 13:22:58","replaced aggregates that ran on ArrowMetal"
2026-10-03,1024,512,64,b,"session_context(SessionConfig::new(), ArrowMetalRule::new(ArrowMetalConfig::default()))",report_runtime_handed_back,0,nodes,1,3.04,12.07,2026-10-03 19:50:01,2026-10-03 19:51:01,"2026-10-03 13:22:58","replaced aggregates handed back to DataFusion"
2026-10-03,1024,512,64,b,"session_context(SessionConfig::new(), ArrowMetalRule::new(ArrowMetalConfig::default()))",report_runtime_fallbacks,0,nodes,1,3.04,12.07,2026-10-03 19:50:01,2026-10-03 19:51:01,"2026-10-03 13:22:58",""
2026-10-03,1024,512,64,b,"session_context(SessionConfig::new(), ArrowMetalRule::new(ArrowMetalConfig::default()))",wall_best_ms,1082.48,ms,5,3.04,12.07,2026-10-03 19:50:01,2026-10-03 19:51:01,"2026-10-03 13:22:58",""
2026-10-03,1024,512,64,b,"session_context(SessionConfig::new(), ArrowMetalRule::new(ArrowMetalConfig::default()))",wall_median_ms,1190.98,ms,5,3.04,12.07,2026-10-03 19:50:01,2026-10-03 19:51:01,"2026-10-03 13:22:58",""
2026-10-03,1024,512,64,b,"session_context(SessionConfig::new(), ArrowMetalRule::new(ArrowMetalConfig::default()))",cpu_ms_of_best_run,15329.9,ms,5,3.04,12.07,2026-10-03 19:50:01,2026-10-03 19:51:01,"2026-10-03 13:22:58",""
2026-10-03,1024,512,64,b,"session_context(SessionConfig::new(), ArrowMetalRule::new(ArrowMetalConfig::default()))",cpu_median_ms,17134.7,ms,5,3.04,12.07,2026-10-03 19:50:01,2026-10-03 19:51:01,"2026-10-03 13:22:58",""
2026-10-03,1024,512,64,b,"session_context(SessionConfig::new(), ArrowMetalRule::new(ArrowMetalConfig::default()))",wall_runs_ms,"1082.48 1116.30 1190.98 1201.31 1225.52",ms,5,3.04,12.07,2026-10-03 19:50:01,2026-10-03 19:51:01,"2026-10-03 13:22:58","timed runs in round order"
2026-10-03,1024,512,64,b,"session_context(SessionConfig::new(), ArrowMetalRule::new(ArrowMetalConfig::default()))",warmup_runs,5,runs,5,3.04,12.07,2026-10-03 19:50:01,2026-10-03 19:51:01,"2026-10-03 13:22:58","untimed runs before the timed runs, at least 100 ms per round"
2026-10-03,1024,512,64,b,"session_context(SessionConfig::new(), ArrowMetalRule::new(ArrowMetalConfig::default()))",idle500_first_median_ms,1206.56,ms,3,3.04,12.07,2026-10-03 19:50:01,2026-10-03 19:51:01,"2026-10-03 13:22:58","run after 500 ms of sleep"
2026-10-03,1024,512,64,b,"session_context(SessionConfig::new(), ArrowMetalRule::new(ArrowMetalConfig::default()))",idle500_first_max_ms,1226.62,ms,3,3.04,12.07,2026-10-03 19:50:01,2026-10-03 19:51:01,"2026-10-03 13:22:58",""
2026-10-03,1024,512,64,b,"session_context(SessionConfig::new(), ArrowMetalRule::new(ArrowMetalConfig::default()))",idle500_cpu_median_ms,17230.9,ms,3,3.04,12.07,2026-10-03 19:50:01,2026-10-03 19:51:01,"2026-10-03 13:22:58",""
2026-10-03,1024,512,64,b,"session_context(SessionConfig::new(), ArrowMetalRule::new(ArrowMetalConfig::default()))",loss_rel_diff_vs_a_max_all_runs,1.028e-14,,8,3.04,12.07,2026-10-03 19:50:01,2026-10-03 19:51:01,"2026-10-03 13:22:58","against a's first run"
2026-10-03,1024,512,64,c,"ArrowMetalConfig::all().with_min_rows(0), AggregateChoice::ArrowMetal, JoinChoice::ArrowMetal",first_run_ms,1105.62,ms,1,3.04,12.07,2026-10-03 19:50:01,2026-10-03 19:51:01,"2026-10-03 13:22:58","the configuration's first run of the shape (untimed in best/median); the process's first GPU query also compiles pipelines"
2026-10-03,1024,512,64,c,"ArrowMetalConfig::all().with_min_rows(0), AggregateChoice::ArrowMetal, JoinChoice::ArrowMetal",first_run_cpu_ms,13990.6,ms,1,3.04,12.07,2026-10-03 19:50:01,2026-10-03 19:51:01,"2026-10-03 13:22:58",""
2026-10-03,1024,512,64,c,"ArrowMetalConfig::all().with_min_rows(0), AggregateChoice::ArrowMetal, JoinChoice::ArrowMetal",loss,1.86820476203402504e5,,1,3.04,12.07,2026-10-03 19:50:01,2026-10-03 19:51:01,"2026-10-03 13:22:58","first run"
2026-10-03,1024,512,64,c,"ArrowMetalConfig::all().with_min_rows(0), AggregateChoice::ArrowMetal, JoinChoice::ArrowMetal",loss_rel_diff_vs_a,3.739e-15,,1,3.04,12.07,2026-10-03 19:50:01,2026-10-03 19:51:01,"2026-10-03 13:22:58","first run"
2026-10-03,1024,512,64,c,"ArrowMetalConfig::all().with_min_rows(0), AggregateChoice::ArrowMetal, JoinChoice::ArrowMetal",report_taken,9,nodes,1,3.04,12.07,2026-10-03 19:50:01,2026-10-03 19:51:01,"2026-10-03 13:22:58","plan-time nodes replaced, one plan"
2026-10-03,1024,512,64,c,"ArrowMetalConfig::all().with_min_rows(0), AggregateChoice::ArrowMetal, JoinChoice::ArrowMetal",report_left,44,nodes,1,3.04,12.07,2026-10-03 19:50:01,2026-10-03 19:51:01,"2026-10-03 13:22:58","plan-time nodes left, one plan"
2026-10-03,1024,512,64,c,"ArrowMetalConfig::all().with_min_rows(0), AggregateChoice::ArrowMetal, JoinChoice::ArrowMetal",report_runtime_gpu,0,nodes,1,3.04,12.07,2026-10-03 19:50:01,2026-10-03 19:51:01,"2026-10-03 13:22:58","replaced aggregates that ran on ArrowMetal"
2026-10-03,1024,512,64,c,"ArrowMetalConfig::all().with_min_rows(0), AggregateChoice::ArrowMetal, JoinChoice::ArrowMetal",report_runtime_handed_back,0,nodes,1,3.04,12.07,2026-10-03 19:50:01,2026-10-03 19:51:01,"2026-10-03 13:22:58","replaced aggregates handed back to DataFusion"
2026-10-03,1024,512,64,c,"ArrowMetalConfig::all().with_min_rows(0), AggregateChoice::ArrowMetal, JoinChoice::ArrowMetal",report_runtime_fallbacks,0,nodes,1,3.04,12.07,2026-10-03 19:50:01,2026-10-03 19:51:01,"2026-10-03 13:22:58",""
2026-10-03,1024,512,64,c,"ArrowMetalConfig::all().with_min_rows(0), AggregateChoice::ArrowMetal, JoinChoice::ArrowMetal",wall_best_ms,1060.19,ms,5,3.04,12.07,2026-10-03 19:50:01,2026-10-03 19:51:01,"2026-10-03 13:22:58",""
2026-10-03,1024,512,64,c,"ArrowMetalConfig::all().with_min_rows(0), AggregateChoice::ArrowMetal, JoinChoice::ArrowMetal",wall_median_ms,1126.93,ms,5,3.04,12.07,2026-10-03 19:50:01,2026-10-03 19:51:01,"2026-10-03 13:22:58",""
2026-10-03,1024,512,64,c,"ArrowMetalConfig::all().with_min_rows(0), AggregateChoice::ArrowMetal, JoinChoice::ArrowMetal",cpu_ms_of_best_run,13685.3,ms,5,3.04,12.07,2026-10-03 19:50:01,2026-10-03 19:51:01,"2026-10-03 13:22:58",""
2026-10-03,1024,512,64,c,"ArrowMetalConfig::all().with_min_rows(0), AggregateChoice::ArrowMetal, JoinChoice::ArrowMetal",cpu_median_ms,14711.7,ms,5,3.04,12.07,2026-10-03 19:50:01,2026-10-03 19:51:01,"2026-10-03 13:22:58",""
2026-10-03,1024,512,64,c,"ArrowMetalConfig::all().with_min_rows(0), AggregateChoice::ArrowMetal, JoinChoice::ArrowMetal",wall_runs_ms,"1060.19 1076.94 1126.93 1184.64 1186.98",ms,5,3.04,12.07,2026-10-03 19:50:01,2026-10-03 19:51:01,"2026-10-03 13:22:58","timed runs in round order"
2026-10-03,1024,512,64,c,"ArrowMetalConfig::all().with_min_rows(0), AggregateChoice::ArrowMetal, JoinChoice::ArrowMetal",warmup_runs,5,runs,5,3.04,12.07,2026-10-03 19:50:01,2026-10-03 19:51:01,"2026-10-03 13:22:58","untimed runs before the timed runs, at least 100 ms per round"
2026-10-03,1024,512,64,c,"ArrowMetalConfig::all().with_min_rows(0), AggregateChoice::ArrowMetal, JoinChoice::ArrowMetal",idle500_first_median_ms,1213.69,ms,3,3.04,12.07,2026-10-03 19:50:01,2026-10-03 19:51:01,"2026-10-03 13:22:58","run after 500 ms of sleep"
2026-10-03,1024,512,64,c,"ArrowMetalConfig::all().with_min_rows(0), AggregateChoice::ArrowMetal, JoinChoice::ArrowMetal",idle500_first_max_ms,1248.71,ms,3,3.04,12.07,2026-10-03 19:50:01,2026-10-03 19:51:01,"2026-10-03 13:22:58",""
2026-10-03,1024,512,64,c,"ArrowMetalConfig::all().with_min_rows(0), AggregateChoice::ArrowMetal, JoinChoice::ArrowMetal",idle500_cpu_median_ms,15381.8,ms,3,3.04,12.07,2026-10-03 19:50:01,2026-10-03 19:51:01,"2026-10-03 13:22:58",""
2026-10-03,1024,512,64,c,"ArrowMetalConfig::all().with_min_rows(0), AggregateChoice::ArrowMetal, JoinChoice::ArrowMetal",loss_rel_diff_vs_a_max_all_runs,7.166e-15,,8,3.04,12.07,2026-10-03 19:50:01,2026-10-03 19:51:01,"2026-10-03 13:22:58","against a's first run"
2026-10-03,2048,512,64,a,"SessionContext::new() (DataFusion alone)",first_run_ms,3917.62,ms,1,3.48,17.37,2026-10-03 19:52:48,2026-10-03 19:56:27,"2026-10-03 13:22:58","the configuration's first run of the shape (untimed in best/median); the process's first GPU query also compiles pipelines"
2026-10-03,2048,512,64,a,"SessionContext::new() (DataFusion alone)",first_run_cpu_ms,58133.7,ms,1,3.48,17.37,2026-10-03 19:52:48,2026-10-03 19:56:27,"2026-10-03 13:22:58",""
2026-10-03,2048,512,64,a,"SessionContext::new() (DataFusion alone)",loss,3.73639002748178085e5,,1,3.48,17.37,2026-10-03 19:52:48,2026-10-03 19:56:27,"2026-10-03 13:22:58","first run"
2026-10-03,2048,512,64,a,"SessionContext::new() (DataFusion alone)",loss_rel_diff_vs_a,0.000e0,,1,3.48,17.37,2026-10-03 19:52:48,2026-10-03 19:56:27,"2026-10-03 13:22:58","first run"
2026-10-03,2048,512,64,a,"SessionContext::new() (DataFusion alone)",wall_best_ms,4086.14,ms,5,3.48,17.37,2026-10-03 19:52:48,2026-10-03 19:56:27,"2026-10-03 13:22:58",""
2026-10-03,2048,512,64,a,"SessionContext::new() (DataFusion alone)",wall_median_ms,4621.95,ms,5,3.48,17.37,2026-10-03 19:52:48,2026-10-03 19:56:27,"2026-10-03 13:22:58",""
2026-10-03,2048,512,64,a,"SessionContext::new() (DataFusion alone)",cpu_ms_of_best_run,60509.8,ms,5,3.48,17.37,2026-10-03 19:52:48,2026-10-03 19:56:27,"2026-10-03 13:22:58",""
2026-10-03,2048,512,64,a,"SessionContext::new() (DataFusion alone)",cpu_median_ms,67384.0,ms,5,3.48,17.37,2026-10-03 19:52:48,2026-10-03 19:56:27,"2026-10-03 13:22:58",""
2026-10-03,2048,512,64,a,"SessionContext::new() (DataFusion alone)",wall_runs_ms,"4086.14 4512.22 4621.95 4645.71 5420.87",ms,5,3.48,17.37,2026-10-03 19:52:48,2026-10-03 19:56:27,"2026-10-03 13:22:58","timed runs in round order"
2026-10-03,2048,512,64,a,"SessionContext::new() (DataFusion alone)",warmup_runs,5,runs,5,3.48,17.37,2026-10-03 19:52:48,2026-10-03 19:56:27,"2026-10-03 13:22:58","untimed runs before the timed runs, at least 100 ms per round"
2026-10-03,2048,512,64,a,"SessionContext::new() (DataFusion alone)",idle500_first_median_ms,6571.78,ms,3,3.48,17.37,2026-10-03 19:52:48,2026-10-03 19:56:27,"2026-10-03 13:22:58","run after 500 ms of sleep"
2026-10-03,2048,512,64,a,"SessionContext::new() (DataFusion alone)",idle500_first_max_ms,7118.95,ms,3,3.48,17.37,2026-10-03 19:52:48,2026-10-03 19:56:27,"2026-10-03 13:22:58",""
2026-10-03,2048,512,64,a,"SessionContext::new() (DataFusion alone)",idle500_cpu_median_ms,95763.3,ms,3,3.48,17.37,2026-10-03 19:52:48,2026-10-03 19:56:27,"2026-10-03 13:22:58",""
2026-10-03,2048,512,64,a,"SessionContext::new() (DataFusion alone)",loss_rel_diff_vs_a_max_all_runs,1.464e-14,,8,3.48,17.37,2026-10-03 19:52:48,2026-10-03 19:56:27,"2026-10-03 13:22:58","against a's first run"
2026-10-03,2048,512,64,b,"session_context(SessionConfig::new(), ArrowMetalRule::new(ArrowMetalConfig::default()))",first_run_ms,3907.66,ms,1,3.48,17.37,2026-10-03 19:52:48,2026-10-03 19:56:27,"2026-10-03 13:22:58","the configuration's first run of the shape (untimed in best/median); the process's first GPU query also compiles pipelines"
2026-10-03,2048,512,64,b,"session_context(SessionConfig::new(), ArrowMetalRule::new(ArrowMetalConfig::default()))",first_run_cpu_ms,57980.3,ms,1,3.48,17.37,2026-10-03 19:52:48,2026-10-03 19:56:27,"2026-10-03 13:22:58",""
2026-10-03,2048,512,64,b,"session_context(SessionConfig::new(), ArrowMetalRule::new(ArrowMetalConfig::default()))",loss,3.73639002748178551e5,,1,3.48,17.37,2026-10-03 19:52:48,2026-10-03 19:56:27,"2026-10-03 13:22:58","first run"
2026-10-03,2048,512,64,b,"session_context(SessionConfig::new(), ArrowMetalRule::new(ArrowMetalConfig::default()))",loss_rel_diff_vs_a,1.246e-15,,1,3.48,17.37,2026-10-03 19:52:48,2026-10-03 19:56:27,"2026-10-03 13:22:58","first run"
2026-10-03,2048,512,64,b,"session_context(SessionConfig::new(), ArrowMetalRule::new(ArrowMetalConfig::default()))",report_taken,0,nodes,1,3.48,17.37,2026-10-03 19:52:48,2026-10-03 19:56:27,"2026-10-03 13:22:58","plan-time nodes replaced, one plan"
2026-10-03,2048,512,64,b,"session_context(SessionConfig::new(), ArrowMetalRule::new(ArrowMetalConfig::default()))",report_left,53,nodes,1,3.48,17.37,2026-10-03 19:52:48,2026-10-03 19:56:27,"2026-10-03 13:22:58","plan-time nodes left, one plan"
2026-10-03,2048,512,64,b,"session_context(SessionConfig::new(), ArrowMetalRule::new(ArrowMetalConfig::default()))",report_runtime_gpu,0,nodes,1,3.48,17.37,2026-10-03 19:52:48,2026-10-03 19:56:27,"2026-10-03 13:22:58","replaced aggregates that ran on ArrowMetal"
2026-10-03,2048,512,64,b,"session_context(SessionConfig::new(), ArrowMetalRule::new(ArrowMetalConfig::default()))",report_runtime_handed_back,0,nodes,1,3.48,17.37,2026-10-03 19:52:48,2026-10-03 19:56:27,"2026-10-03 13:22:58","replaced aggregates handed back to DataFusion"
2026-10-03,2048,512,64,b,"session_context(SessionConfig::new(), ArrowMetalRule::new(ArrowMetalConfig::default()))",report_runtime_fallbacks,0,nodes,1,3.48,17.37,2026-10-03 19:52:48,2026-10-03 19:56:27,"2026-10-03 13:22:58",""
2026-10-03,2048,512,64,b,"session_context(SessionConfig::new(), ArrowMetalRule::new(ArrowMetalConfig::default()))",wall_best_ms,4242.26,ms,5,3.48,17.37,2026-10-03 19:52:48,2026-10-03 19:56:27,"2026-10-03 13:22:58",""
2026-10-03,2048,512,64,b,"session_context(SessionConfig::new(), ArrowMetalRule::new(ArrowMetalConfig::default()))",wall_median_ms,4654.40,ms,5,3.48,17.37,2026-10-03 19:52:48,2026-10-03 19:56:27,"2026-10-03 13:22:58",""
2026-10-03,2048,512,64,b,"session_context(SessionConfig::new(), ArrowMetalRule::new(ArrowMetalConfig::default()))",cpu_ms_of_best_run,62642.1,ms,5,3.48,17.37,2026-10-03 19:52:48,2026-10-03 19:56:27,"2026-10-03 13:22:58",""
2026-10-03,2048,512,64,b,"session_context(SessionConfig::new(), ArrowMetalRule::new(ArrowMetalConfig::default()))",cpu_median_ms,68246.9,ms,5,3.48,17.37,2026-10-03 19:52:48,2026-10-03 19:56:27,"2026-10-03 13:22:58",""
2026-10-03,2048,512,64,b,"session_context(SessionConfig::new(), ArrowMetalRule::new(ArrowMetalConfig::default()))",wall_runs_ms,"4242.26 4360.82 4654.40 4749.57 4911.49",ms,5,3.48,17.37,2026-10-03 19:52:48,2026-10-03 19:56:27,"2026-10-03 13:22:58","timed runs in round order"
2026-10-03,2048,512,64,b,"session_context(SessionConfig::new(), ArrowMetalRule::new(ArrowMetalConfig::default()))",warmup_runs,5,runs,5,3.48,17.37,2026-10-03 19:52:48,2026-10-03 19:56:27,"2026-10-03 13:22:58","untimed runs before the timed runs, at least 100 ms per round"
2026-10-03,2048,512,64,b,"session_context(SessionConfig::new(), ArrowMetalRule::new(ArrowMetalConfig::default()))",idle500_first_median_ms,6078.59,ms,3,3.48,17.37,2026-10-03 19:52:48,2026-10-03 19:56:27,"2026-10-03 13:22:58","run after 500 ms of sleep"
2026-10-03,2048,512,64,b,"session_context(SessionConfig::new(), ArrowMetalRule::new(ArrowMetalConfig::default()))",idle500_first_max_ms,7092.95,ms,3,3.48,17.37,2026-10-03 19:52:48,2026-10-03 19:56:27,"2026-10-03 13:22:58",""
2026-10-03,2048,512,64,b,"session_context(SessionConfig::new(), ArrowMetalRule::new(ArrowMetalConfig::default()))",idle500_cpu_median_ms,88486.5,ms,3,3.48,17.37,2026-10-03 19:52:48,2026-10-03 19:56:27,"2026-10-03 13:22:58",""
2026-10-03,2048,512,64,b,"session_context(SessionConfig::new(), ArrowMetalRule::new(ArrowMetalConfig::default()))",loss_rel_diff_vs_a_max_all_runs,1.402e-14,,8,3.48,17.37,2026-10-03 19:52:48,2026-10-03 19:56:27,"2026-10-03 13:22:58","against a's first run"
2026-10-03,2048,512,64,c,"ArrowMetalConfig::all().with_min_rows(0), AggregateChoice::ArrowMetal, JoinChoice::ArrowMetal",first_run_ms,4221.04,ms,1,3.48,17.37,2026-10-03 19:52:48,2026-10-03 19:56:27,"2026-10-03 13:22:58","the configuration's first run of the shape (untimed in best/median); the process's first GPU query also compiles pipelines"
2026-10-03,2048,512,64,c,"ArrowMetalConfig::all().with_min_rows(0), AggregateChoice::ArrowMetal, JoinChoice::ArrowMetal",first_run_cpu_ms,56637.3,ms,1,3.48,17.37,2026-10-03 19:52:48,2026-10-03 19:56:27,"2026-10-03 13:22:58",""
2026-10-03,2048,512,64,c,"ArrowMetalConfig::all().with_min_rows(0), AggregateChoice::ArrowMetal, JoinChoice::ArrowMetal",loss,3.73639002748179715e5,,1,3.48,17.37,2026-10-03 19:52:48,2026-10-03 19:56:27,"2026-10-03 13:22:58","first run"
2026-10-03,2048,512,64,c,"ArrowMetalConfig::all().with_min_rows(0), AggregateChoice::ArrowMetal, JoinChoice::ArrowMetal",loss_rel_diff_vs_a,4.362e-15,,1,3.48,17.37,2026-10-03 19:52:48,2026-10-03 19:56:27,"2026-10-03 13:22:58","first run"
2026-10-03,2048,512,64,c,"ArrowMetalConfig::all().with_min_rows(0), AggregateChoice::ArrowMetal, JoinChoice::ArrowMetal",report_taken,9,nodes,1,3.48,17.37,2026-10-03 19:52:48,2026-10-03 19:56:27,"2026-10-03 13:22:58","plan-time nodes replaced, one plan"
2026-10-03,2048,512,64,c,"ArrowMetalConfig::all().with_min_rows(0), AggregateChoice::ArrowMetal, JoinChoice::ArrowMetal",report_left,44,nodes,1,3.48,17.37,2026-10-03 19:52:48,2026-10-03 19:56:27,"2026-10-03 13:22:58","plan-time nodes left, one plan"
2026-10-03,2048,512,64,c,"ArrowMetalConfig::all().with_min_rows(0), AggregateChoice::ArrowMetal, JoinChoice::ArrowMetal",report_runtime_gpu,0,nodes,1,3.48,17.37,2026-10-03 19:52:48,2026-10-03 19:56:27,"2026-10-03 13:22:58","replaced aggregates that ran on ArrowMetal"
2026-10-03,2048,512,64,c,"ArrowMetalConfig::all().with_min_rows(0), AggregateChoice::ArrowMetal, JoinChoice::ArrowMetal",report_runtime_handed_back,0,nodes,1,3.48,17.37,2026-10-03 19:52:48,2026-10-03 19:56:27,"2026-10-03 13:22:58","replaced aggregates handed back to DataFusion"
2026-10-03,2048,512,64,c,"ArrowMetalConfig::all().with_min_rows(0), AggregateChoice::ArrowMetal, JoinChoice::ArrowMetal",report_runtime_fallbacks,0,nodes,1,3.48,17.37,2026-10-03 19:52:48,2026-10-03 19:56:27,"2026-10-03 13:22:58",""
2026-10-03,2048,512,64,c,"ArrowMetalConfig::all().with_min_rows(0), AggregateChoice::ArrowMetal, JoinChoice::ArrowMetal",wall_best_ms,4326.88,ms,5,3.48,17.37,2026-10-03 19:52:48,2026-10-03 19:56:27,"2026-10-03 13:22:58",""
2026-10-03,2048,512,64,c,"ArrowMetalConfig::all().with_min_rows(0), AggregateChoice::ArrowMetal, JoinChoice::ArrowMetal",wall_median_ms,4619.84,ms,5,3.48,17.37,2026-10-03 19:52:48,2026-10-03 19:56:27,"2026-10-03 13:22:58",""
2026-10-03,2048,512,64,c,"ArrowMetalConfig::all().with_min_rows(0), AggregateChoice::ArrowMetal, JoinChoice::ArrowMetal",cpu_ms_of_best_run,60124.3,ms,5,3.48,17.37,2026-10-03 19:52:48,2026-10-03 19:56:27,"2026-10-03 13:22:58",""
2026-10-03,2048,512,64,c,"ArrowMetalConfig::all().with_min_rows(0), AggregateChoice::ArrowMetal, JoinChoice::ArrowMetal",cpu_median_ms,62949.1,ms,5,3.48,17.37,2026-10-03 19:52:48,2026-10-03 19:56:27,"2026-10-03 13:22:58",""
2026-10-03,2048,512,64,c,"ArrowMetalConfig::all().with_min_rows(0), AggregateChoice::ArrowMetal, JoinChoice::ArrowMetal",wall_runs_ms,"4326.88 4469.00 4619.84 4795.15 5170.58",ms,5,3.48,17.37,2026-10-03 19:52:48,2026-10-03 19:56:27,"2026-10-03 13:22:58","timed runs in round order"
2026-10-03,2048,512,64,c,"ArrowMetalConfig::all().with_min_rows(0), AggregateChoice::ArrowMetal, JoinChoice::ArrowMetal",warmup_runs,5,runs,5,3.48,17.37,2026-10-03 19:52:48,2026-10-03 19:56:27,"2026-10-03 13:22:58","untimed runs before the timed runs, at least 100 ms per round"
2026-10-03,2048,512,64,c,"ArrowMetalConfig::all().with_min_rows(0), AggregateChoice::ArrowMetal, JoinChoice::ArrowMetal",idle500_first_median_ms,6648.13,ms,3,3.48,17.37,2026-10-03 19:52:48,2026-10-03 19:56:27,"2026-10-03 13:22:58","run after 500 ms of sleep"
2026-10-03,2048,512,64,c,"ArrowMetalConfig::all().with_min_rows(0), AggregateChoice::ArrowMetal, JoinChoice::ArrowMetal",idle500_first_max_ms,7177.12,ms,3,3.48,17.37,2026-10-03 19:52:48,2026-10-03 19:56:27,"2026-10-03 13:22:58",""
2026-10-03,2048,512,64,c,"ArrowMetalConfig::all().with_min_rows(0), AggregateChoice::ArrowMetal, JoinChoice::ArrowMetal",idle500_cpu_median_ms,87306.5,ms,3,3.48,17.37,2026-10-03 19:52:48,2026-10-03 19:56:27,"2026-10-03 13:22:58",""
2026-10-03,2048,512,64,c,"ArrowMetalConfig::all().with_min_rows(0), AggregateChoice::ArrowMetal, JoinChoice::ArrowMetal",loss_rel_diff_vs_a_max_all_runs,9.815e-15,,8,3.48,17.37,2026-10-03 19:52:48,2026-10-03 19:56:27,"2026-10-03 13:22:58","against a's first run"
2026-10-03,256,128,32,a,"SessionContext::new() (DataFusion alone)",rows_q_join,1048576,rows,1,,,,,,"counted with SQL; equals the shape's product"
2026-10-03,256,128,32,a,"SessionContext::new() (DataFusion alone)",rows_q,8192,rows,1,,,,,,"counted with SQL; equals the shape's product"
2026-10-03,256,128,32,a,"SessionContext::new() (DataFusion alone)",rows_s_join,2097152,rows,1,,,,,,"counted with SQL; equals the shape's product"
2026-10-03,256,128,32,a,"SessionContext::new() (DataFusion alone)",rows_s,65536,rows,1,,,,,,"counted with SQL; equals the shape's product"
2026-10-03,256,128,32,a,"SessionContext::new() (DataFusion alone)",rows_o_join,2097152,rows,1,,,,,,"counted with SQL; equals the shape's product"
2026-10-03,256,128,32,a,"SessionContext::new() (DataFusion alone)",rows_o,8192,rows,1,,,,,,"counted with SQL; equals the shape's product"
2026-10-03,512,256,64,a,"SessionContext::new() (DataFusion alone)",rows_q_join,8388608,rows,1,,,,,,"counted with SQL; equals the shape's product"
2026-10-03,512,256,64,a,"SessionContext::new() (DataFusion alone)",rows_q,32768,rows,1,,,,,,"counted with SQL; equals the shape's product"
2026-10-03,512,256,64,a,"SessionContext::new() (DataFusion alone)",rows_s_join,16777216,rows,1,,,,,,"counted with SQL; equals the shape's product"
2026-10-03,512,256,64,a,"SessionContext::new() (DataFusion alone)",rows_s,262144,rows,1,,,,,,"counted with SQL; equals the shape's product"
2026-10-03,512,256,64,a,"SessionContext::new() (DataFusion alone)",rows_o_join,16777216,rows,1,,,,,,"counted with SQL; equals the shape's product"
2026-10-03,512,256,64,a,"SessionContext::new() (DataFusion alone)",rows_o,32768,rows,1,,,,,,"counted with SQL; equals the shape's product"
2026-10-03,1024,512,64,a,"SessionContext::new() (DataFusion alone)",rows_q_join,33554432,rows,1,,,,,,"counted with SQL; equals the shape's product"
2026-10-03,1024,512,64,a,"SessionContext::new() (DataFusion alone)",rows_q,65536,rows,1,,,,,,"counted with SQL; equals the shape's product"
2026-10-03,1024,512,64,a,"SessionContext::new() (DataFusion alone)",rows_s_join,67108864,rows,1,,,,,,"counted with SQL; equals the shape's product"
2026-10-03,1024,512,64,a,"SessionContext::new() (DataFusion alone)",rows_s,1048576,rows,1,,,,,,"counted with SQL; equals the shape's product"
2026-10-03,1024,512,64,a,"SessionContext::new() (DataFusion alone)",rows_o_join,67108864,rows,1,,,,,,"counted with SQL; equals the shape's product"
2026-10-03,1024,512,64,a,"SessionContext::new() (DataFusion alone)",rows_o,65536,rows,1,,,,,,"counted with SQL; equals the shape's product"
2026-10-03,2048,512,64,a,"SessionContext::new() (DataFusion alone)",rows_q_join,67108864,rows,1,,,,,,"counted with SQL; equals the shape's product"
2026-10-03,2048,512,64,a,"SessionContext::new() (DataFusion alone)",rows_q,131072,rows,1,,,,,,"counted with SQL; equals the shape's product"
2026-10-03,2048,512,64,a,"SessionContext::new() (DataFusion alone)",rows_s_join,268435456,rows,1,,,,,,"counted with SQL; equals the shape's product"
2026-10-03,2048,512,64,a,"SessionContext::new() (DataFusion alone)",rows_s,4194304,rows,1,,,,,,"counted with SQL; equals the shape's product"
2026-10-03,2048,512,64,a,"SessionContext::new() (DataFusion alone)",rows_o_join,268435456,rows,1,,,,,,"counted with SQL; equals the shape's product"
2026-10-03,2048,512,64,a,"SessionContext::new() (DataFusion alone)",rows_o,131072,rows,1,,,,,,"counted with SQL; equals the shape's product"
2026-10-03,4096,1024,64,a,"SessionContext::new() (DataFusion alone)",first_run_ms,16548.62,ms,1,3.29,13.61,2026-10-03 20:13:51,2026-10-03 20:30:49,"2026-10-03 13:22:58","the configuration's first run of the shape (untimed in best/median); the process's first GPU query also compiles pipelines"
2026-10-03,4096,1024,64,a,"SessionContext::new() (DataFusion alone)",first_run_cpu_ms,229659.4,ms,1,3.29,13.61,2026-10-03 20:13:51,2026-10-03 20:30:49,"2026-10-03 13:22:58",""
2026-10-03,4096,1024,64,a,"SessionContext::new() (DataFusion alone)",loss,1.31045972649232950e5,,1,3.29,13.61,2026-10-03 20:13:51,2026-10-03 20:30:49,"2026-10-03 13:22:58","first run"
2026-10-03,4096,1024,64,a,"SessionContext::new() (DataFusion alone)",loss_rel_diff_vs_a,0.000e0,,1,3.29,13.61,2026-10-03 20:13:51,2026-10-03 20:30:49,"2026-10-03 13:22:58","first run"
2026-10-03,4096,1024,64,a,"SessionContext::new() (DataFusion alone)",wall_best_ms,18049.96,ms,5,3.29,13.61,2026-10-03 20:13:51,2026-10-03 20:30:49,"2026-10-03 13:22:58",""
2026-10-03,4096,1024,64,a,"SessionContext::new() (DataFusion alone)",wall_median_ms,22959.19,ms,5,3.29,13.61,2026-10-03 20:13:51,2026-10-03 20:30:49,"2026-10-03 13:22:58",""
2026-10-03,4096,1024,64,a,"SessionContext::new() (DataFusion alone)",cpu_ms_of_best_run,245669.9,ms,5,3.29,13.61,2026-10-03 20:13:51,2026-10-03 20:30:49,"2026-10-03 13:22:58",""
2026-10-03,4096,1024,64,a,"SessionContext::new() (DataFusion alone)",cpu_median_ms,323961.9,ms,5,3.29,13.61,2026-10-03 20:13:51,2026-10-03 20:30:49,"2026-10-03 13:22:58",""
2026-10-03,4096,1024,64,a,"SessionContext::new() (DataFusion alone)",wall_runs_ms,"18049.96 22504.92 22959.19 23606.87 24414.22",ms,5,3.29,13.61,2026-10-03 20:13:51,2026-10-03 20:30:49,"2026-10-03 13:22:58","timed runs in round order"
2026-10-03,4096,1024,64,a,"SessionContext::new() (DataFusion alone)",warmup_runs,5,runs,5,3.29,13.61,2026-10-03 20:13:51,2026-10-03 20:30:49,"2026-10-03 13:22:58","untimed runs before the timed runs, at least 100 ms per round"
2026-10-03,4096,1024,64,a,"SessionContext::new() (DataFusion alone)",idle500_first_median_ms,23874.41,ms,3,3.29,13.61,2026-10-03 20:13:51,2026-10-03 20:30:49,"2026-10-03 13:22:58","run after 500 ms of sleep"
2026-10-03,4096,1024,64,a,"SessionContext::new() (DataFusion alone)",idle500_first_max_ms,24319.53,ms,3,3.29,13.61,2026-10-03 20:13:51,2026-10-03 20:30:49,"2026-10-03 13:22:58",""
2026-10-03,4096,1024,64,a,"SessionContext::new() (DataFusion alone)",idle500_cpu_median_ms,323766.0,ms,3,3.29,13.61,2026-10-03 20:13:51,2026-10-03 20:30:49,"2026-10-03 13:22:58",""
2026-10-03,4096,1024,64,a,"SessionContext::new() (DataFusion alone)",loss_rel_diff_vs_a_max_all_runs,7.773e-15,,8,3.29,13.61,2026-10-03 20:13:51,2026-10-03 20:30:49,"2026-10-03 13:22:58","against a's first run"
2026-10-03,4096,1024,64,b,"session_context(SessionConfig::new(), ArrowMetalRule::new(ArrowMetalConfig::default()))",first_run_ms,17959.74,ms,1,3.29,13.61,2026-10-03 20:13:51,2026-10-03 20:30:49,"2026-10-03 13:22:58","the configuration's first run of the shape (untimed in best/median); the process's first GPU query also compiles pipelines"
2026-10-03,4096,1024,64,b,"session_context(SessionConfig::new(), ArrowMetalRule::new(ArrowMetalConfig::default()))",first_run_cpu_ms,234684.0,ms,1,3.29,13.61,2026-10-03 20:13:51,2026-10-03 20:30:49,"2026-10-03 13:22:58",""
2026-10-03,4096,1024,64,b,"session_context(SessionConfig::new(), ArrowMetalRule::new(ArrowMetalConfig::default()))",loss,1.31045972649233110e5,,1,3.29,13.61,2026-10-03 20:13:51,2026-10-03 20:30:49,"2026-10-03 13:22:58","first run"
2026-10-03,4096,1024,64,b,"session_context(SessionConfig::new(), ArrowMetalRule::new(ArrowMetalConfig::default()))",loss_rel_diff_vs_a,1.221e-15,,1,3.29,13.61,2026-10-03 20:13:51,2026-10-03 20:30:49,"2026-10-03 13:22:58","first run"
2026-10-03,4096,1024,64,b,"session_context(SessionConfig::new(), ArrowMetalRule::new(ArrowMetalConfig::default()))",report_taken,0,nodes,1,3.29,13.61,2026-10-03 20:13:51,2026-10-03 20:30:49,"2026-10-03 13:22:58","plan-time nodes replaced, one plan"
2026-10-03,4096,1024,64,b,"session_context(SessionConfig::new(), ArrowMetalRule::new(ArrowMetalConfig::default()))",report_left,53,nodes,1,3.29,13.61,2026-10-03 20:13:51,2026-10-03 20:30:49,"2026-10-03 13:22:58","plan-time nodes left, one plan"
2026-10-03,4096,1024,64,b,"session_context(SessionConfig::new(), ArrowMetalRule::new(ArrowMetalConfig::default()))",report_runtime_gpu,0,nodes,1,3.29,13.61,2026-10-03 20:13:51,2026-10-03 20:30:49,"2026-10-03 13:22:58","replaced aggregates that ran on ArrowMetal"
2026-10-03,4096,1024,64,b,"session_context(SessionConfig::new(), ArrowMetalRule::new(ArrowMetalConfig::default()))",report_runtime_handed_back,0,nodes,1,3.29,13.61,2026-10-03 20:13:51,2026-10-03 20:30:49,"2026-10-03 13:22:58","replaced aggregates handed back to DataFusion"
2026-10-03,4096,1024,64,b,"session_context(SessionConfig::new(), ArrowMetalRule::new(ArrowMetalConfig::default()))",report_runtime_fallbacks,0,nodes,1,3.29,13.61,2026-10-03 20:13:51,2026-10-03 20:30:49,"2026-10-03 13:22:58",""
2026-10-03,4096,1024,64,b,"session_context(SessionConfig::new(), ArrowMetalRule::new(ArrowMetalConfig::default()))",wall_best_ms,18536.87,ms,5,3.29,13.61,2026-10-03 20:13:51,2026-10-03 20:30:49,"2026-10-03 13:22:58",""
2026-10-03,4096,1024,64,b,"session_context(SessionConfig::new(), ArrowMetalRule::new(ArrowMetalConfig::default()))",wall_median_ms,23913.96,ms,5,3.29,13.61,2026-10-03 20:13:51,2026-10-03 20:30:49,"2026-10-03 13:22:58",""
2026-10-03,4096,1024,64,b,"session_context(SessionConfig::new(), ArrowMetalRule::new(ArrowMetalConfig::default()))",cpu_ms_of_best_run,254263.2,ms,5,3.29,13.61,2026-10-03 20:13:51,2026-10-03 20:30:49,"2026-10-03 13:22:58",""
2026-10-03,4096,1024,64,b,"session_context(SessionConfig::new(), ArrowMetalRule::new(ArrowMetalConfig::default()))",cpu_median_ms,329441.7,ms,5,3.29,13.61,2026-10-03 20:13:51,2026-10-03 20:30:49,"2026-10-03 13:22:58",""
2026-10-03,4096,1024,64,b,"session_context(SessionConfig::new(), ArrowMetalRule::new(ArrowMetalConfig::default()))",wall_runs_ms,"18536.87 19599.71 25765.40 23913.96 24352.74",ms,5,3.29,13.61,2026-10-03 20:13:51,2026-10-03 20:30:49,"2026-10-03 13:22:58","timed runs in round order"
2026-10-03,4096,1024,64,b,"session_context(SessionConfig::new(), ArrowMetalRule::new(ArrowMetalConfig::default()))",warmup_runs,5,runs,5,3.29,13.61,2026-10-03 20:13:51,2026-10-03 20:30:49,"2026-10-03 13:22:58","untimed runs before the timed runs, at least 100 ms per round"
2026-10-03,4096,1024,64,b,"session_context(SessionConfig::new(), ArrowMetalRule::new(ArrowMetalConfig::default()))",idle500_first_median_ms,24029.14,ms,3,3.29,13.61,2026-10-03 20:13:51,2026-10-03 20:30:49,"2026-10-03 13:22:58","run after 500 ms of sleep"
2026-10-03,4096,1024,64,b,"session_context(SessionConfig::new(), ArrowMetalRule::new(ArrowMetalConfig::default()))",idle500_first_max_ms,24514.24,ms,3,3.29,13.61,2026-10-03 20:13:51,2026-10-03 20:30:49,"2026-10-03 13:22:58",""
2026-10-03,4096,1024,64,b,"session_context(SessionConfig::new(), ArrowMetalRule::new(ArrowMetalConfig::default()))",idle500_cpu_median_ms,329531.1,ms,3,3.29,13.61,2026-10-03 20:13:51,2026-10-03 20:30:49,"2026-10-03 13:22:58",""
2026-10-03,4096,1024,64,b,"session_context(SessionConfig::new(), ArrowMetalRule::new(ArrowMetalConfig::default()))",loss_rel_diff_vs_a_max_all_runs,4.442e-15,,8,3.29,13.61,2026-10-03 20:13:51,2026-10-03 20:30:49,"2026-10-03 13:22:58","against a's first run"
2026-10-03,4096,1024,64,c,"ArrowMetalConfig::all().with_min_rows(0), AggregateChoice::ArrowMetal, JoinChoice::ArrowMetal",first_run_ms,22030.40,ms,1,3.29,13.61,2026-10-03 20:13:51,2026-10-03 20:30:49,"2026-10-03 13:22:58","the configuration's first run of the shape (untimed in best/median); the process's first GPU query also compiles pipelines"
2026-10-03,4096,1024,64,c,"ArrowMetalConfig::all().with_min_rows(0), AggregateChoice::ArrowMetal, JoinChoice::ArrowMetal",first_run_cpu_ms,229323.0,ms,1,3.29,13.61,2026-10-03 20:13:51,2026-10-03 20:30:49,"2026-10-03 13:22:58",""
2026-10-03,4096,1024,64,c,"ArrowMetalConfig::all().with_min_rows(0), AggregateChoice::ArrowMetal, JoinChoice::ArrowMetal",loss,1.31045972649232615e5,,1,3.29,13.61,2026-10-03 20:13:51,2026-10-03 20:30:49,"2026-10-03 13:22:58","first run"
2026-10-03,4096,1024,64,c,"ArrowMetalConfig::all().with_min_rows(0), AggregateChoice::ArrowMetal, JoinChoice::ArrowMetal",loss_rel_diff_vs_a,2.554e-15,,1,3.29,13.61,2026-10-03 20:13:51,2026-10-03 20:30:49,"2026-10-03 13:22:58","first run"
2026-10-03,4096,1024,64,c,"ArrowMetalConfig::all().with_min_rows(0), AggregateChoice::ArrowMetal, JoinChoice::ArrowMetal",report_taken,9,nodes,1,3.29,13.61,2026-10-03 20:13:51,2026-10-03 20:30:49,"2026-10-03 13:22:58","plan-time nodes replaced, one plan"
2026-10-03,4096,1024,64,c,"ArrowMetalConfig::all().with_min_rows(0), AggregateChoice::ArrowMetal, JoinChoice::ArrowMetal",report_left,44,nodes,1,3.29,13.61,2026-10-03 20:13:51,2026-10-03 20:30:49,"2026-10-03 13:22:58","plan-time nodes left, one plan"
2026-10-03,4096,1024,64,c,"ArrowMetalConfig::all().with_min_rows(0), AggregateChoice::ArrowMetal, JoinChoice::ArrowMetal",report_runtime_gpu,0,nodes,1,3.29,13.61,2026-10-03 20:13:51,2026-10-03 20:30:49,"2026-10-03 13:22:58","replaced aggregates that ran on ArrowMetal"
2026-10-03,4096,1024,64,c,"ArrowMetalConfig::all().with_min_rows(0), AggregateChoice::ArrowMetal, JoinChoice::ArrowMetal",report_runtime_handed_back,0,nodes,1,3.29,13.61,2026-10-03 20:13:51,2026-10-03 20:30:49,"2026-10-03 13:22:58","replaced aggregates handed back to DataFusion"
2026-10-03,4096,1024,64,c,"ArrowMetalConfig::all().with_min_rows(0), AggregateChoice::ArrowMetal, JoinChoice::ArrowMetal",report_runtime_fallbacks,0,nodes,1,3.29,13.61,2026-10-03 20:13:51,2026-10-03 20:30:49,"2026-10-03 13:22:58",""
2026-10-03,4096,1024,64,c,"ArrowMetalConfig::all().with_min_rows(0), AggregateChoice::ArrowMetal, JoinChoice::ArrowMetal",wall_best_ms,24805.81,ms,5,3.29,13.61,2026-10-03 20:13:51,2026-10-03 20:30:49,"2026-10-03 13:22:58",""
2026-10-03,4096,1024,64,c,"ArrowMetalConfig::all().with_min_rows(0), AggregateChoice::ArrowMetal, JoinChoice::ArrowMetal",wall_median_ms,29472.75,ms,5,3.29,13.61,2026-10-03 20:13:51,2026-10-03 20:30:49,"2026-10-03 13:22:58",""
2026-10-03,4096,1024,64,c,"ArrowMetalConfig::all().with_min_rows(0), AggregateChoice::ArrowMetal, JoinChoice::ArrowMetal",cpu_ms_of_best_run,238503.0,ms,5,3.29,13.61,2026-10-03 20:13:51,2026-10-03 20:30:49,"2026-10-03 13:22:58",""
2026-10-03,4096,1024,64,c,"ArrowMetalConfig::all().with_min_rows(0), AggregateChoice::ArrowMetal, JoinChoice::ArrowMetal",cpu_median_ms,286946.1,ms,5,3.29,13.61,2026-10-03 20:13:51,2026-10-03 20:30:49,"2026-10-03 13:22:58",""
2026-10-03,4096,1024,64,c,"ArrowMetalConfig::all().with_min_rows(0), AggregateChoice::ArrowMetal, JoinChoice::ArrowMetal",wall_runs_ms,"24805.81 28498.25 29680.68 29472.75 30177.41",ms,5,3.29,13.61,2026-10-03 20:13:51,2026-10-03 20:30:49,"2026-10-03 13:22:58","timed runs in round order"
2026-10-03,4096,1024,64,c,"ArrowMetalConfig::all().with_min_rows(0), AggregateChoice::ArrowMetal, JoinChoice::ArrowMetal",warmup_runs,5,runs,5,3.29,13.61,2026-10-03 20:13:51,2026-10-03 20:30:49,"2026-10-03 13:22:58","untimed runs before the timed runs, at least 100 ms per round"
2026-10-03,4096,1024,64,c,"ArrowMetalConfig::all().with_min_rows(0), AggregateChoice::ArrowMetal, JoinChoice::ArrowMetal",idle500_first_median_ms,27568.15,ms,3,3.29,13.61,2026-10-03 20:13:51,2026-10-03 20:30:49,"2026-10-03 13:22:58","run after 500 ms of sleep"
2026-10-03,4096,1024,64,c,"ArrowMetalConfig::all().with_min_rows(0), AggregateChoice::ArrowMetal, JoinChoice::ArrowMetal",idle500_first_max_ms,27908.91,ms,3,3.29,13.61,2026-10-03 20:13:51,2026-10-03 20:30:49,"2026-10-03 13:22:58",""
2026-10-03,4096,1024,64,c,"ArrowMetalConfig::all().with_min_rows(0), AggregateChoice::ArrowMetal, JoinChoice::ArrowMetal",idle500_cpu_median_ms,304930.9,ms,3,3.29,13.61,2026-10-03 20:13:51,2026-10-03 20:30:49,"2026-10-03 13:22:58",""
2026-10-03,4096,1024,64,c,"ArrowMetalConfig::all().with_min_rows(0), AggregateChoice::ArrowMetal, JoinChoice::ArrowMetal",loss_rel_diff_vs_a_max_all_runs,1.777e-15,,8,3.29,13.61,2026-10-03 20:13:51,2026-10-03 20:30:49,"2026-10-03 13:22:58","against a's first run"
2026-10-03,4096,1024,64,a,"SessionContext::new() (DataFusion alone)",rows_q_join,268435456,rows,1,,,,,,"counted with SQL; equals the shape's product"
2026-10-03,4096,1024,64,a,"SessionContext::new() (DataFusion alone)",rows_q,262144,rows,1,,,,,,"counted with SQL; equals the shape's product"
2026-10-03,4096,1024,64,a,"SessionContext::new() (DataFusion alone)",rows_s_join,1073741824,rows,1,,,,,,"counted with SQL; equals the shape's product"
2026-10-03,4096,1024,64,a,"SessionContext::new() (DataFusion alone)",rows_s,16777216,rows,1,,,,,,"counted with SQL; equals the shape's product"
2026-10-03,4096,1024,64,a,"SessionContext::new() (DataFusion alone)",rows_o_join,1073741824,rows,1,,,,,,"counted with SQL; equals the shape's product"
2026-10-03,4096,1024,64,a,"SessionContext::new() (DataFusion alone)",rows_o,262144,rows,1,,,,,,"counted with SQL; equals the shape's product"
