size,layout,family,case,label,sql,off_ms,on_ms,ratio,off_cpu_ms,on_cpu_ms,iters_off,iters_on,equal,max_rel_dev,nodes_taken,rule_on,rule_default,runtime_fallbacks,metal_nodes,input_ms,concat_ms,import_ms,kernel_ms,export_ms,input_batches,out_rows,block_load_start,block_load_end,warm_ms,untimed_off,untimed_on,on_first_ms,back_ms,back_cpu_ms,back_first_ms,equal_back,def_ms,def_cpu_ms,def_first_ms,equal_def,def_taken,def_handed_back,def_groups_est,def_probe_ms,def_input_ms,def_kernel_ms,def_choice,off_first_ms,block_t0,block_t1,last_sleep,rounds,off_round_median_ms,def_round_median_ms,back_round_median_ms,on_round_median_ms,method,def_gpu,def_idle_ms,def_idle_max_ms,off_idle_ms,idle_gap_ms,off_idle_max_ms,def_idle_cpu_ms,off_idle_cpu_ms,idle_reps
5000000,b8192,gsweep,minmax_int_2i64_100k,"minmax_int, 2 i64 key(s), 100k groups in the key domain","SELECT kl1, kl2, min(q) AS lo, max(q) AS hi FROM grid GROUP BY kl1, kl2",12.99,,,174.5,,15,,"yes",0.000e0,,,"TAKEN AggregateExec (input rows 5000000 (exact) vs min_rows 250000; minmax_int over 2+ i64 keys (memory input): the measured table takes the 100k bucket(s) at 5M rows; MetalExec decides from a group-count estimate; output kept at one partition (only projections above it))",,0,0.00,0.00,0.00,0.00,0.00,0,100000,2.57,2.35,100,27,,,,,,,6.30,14.0,53.21,"yes",1,0,114647,0.1260,0.14,4.39,"TAKEN AggregateExec (input rows 5000000 (exact) vs min_rows 250000; minmax_int over 2+ i64 keys (memory input): the measured table takes the 100k bucket(s) at 5M rows; MetalExec decides from a group-count estimate; output kept at one partition (only projections above it)) | TAKEN MetalExec Aggregate { keys (ran on ArrowMetal: an estimated 114647 groups (73796 to 233598, Chao1 over a 2048-row sample) at 5000000 rows: minmax_int at the 100k bucket is taken from 5M rows (from the first rows of each partition; a 2048-row sample of the whole input puts it at 90063 to 354992 groups))",15.74,2026-09-29 18:22:14,2026-09-29 18:22:45,2026-09-29 00:37:52,3,13.12,6.60,,,rounds,true,24.15,24.48,20.59,5000,21.17,48.0,266.7,3
10000000,b8192,gsweep,distinct_2i32_200,"distinct, 2 i32 key(s), 200 groups in the key domain","SELECT DISTINCT k1, k2 FROM grid",7.65,,,85.9,,15,,"yes",0.000e0,,,"TAKEN AggregateExec (input rows 10000000 (exact) vs min_rows 250000; distinct over 2+ i32 keys (memory input): the measured table takes the 200, 1M bucket(s) at 10M rows; MetalExec decides from a group-count estimate; output kept at one partition (only projections above it))",,0,0.00,0.00,0.00,0.00,0.00,0,200,2.35,1.75,100,41,,,,,,,4.38,10.3,12.61,"yes",1,0,214,0.0475,0.17,2.71,"TAKEN AggregateExec (input rows 10000000 (exact) vs min_rows 250000; distinct over 2+ i32 keys (memory input): the measured table takes the 200, 1M bucket(s) at 10M rows; MetalExec decides from a group-count estimate; output kept at one partition (only projections above it)) | TAKEN MetalExec Aggregate { keys (ran on ArrowMetal: an estimated 214 groups (208 to 223, Chao1 over a 512-row sample) at 10000000 rows: distinct at the 200 bucket is taken from 10M rows (from the first rows of each partition; a 512-row sample of the whole input puts it at 199 to 210 groups))",9.86,2026-09-29 18:22:49,2026-09-29 18:23:20,2026-09-29 00:37:52,3,7.69,4.63,,,rounds,true,26.77,30.94,19.05,5000,20.53,50.1,149.5,3
10000000,b8192,gsweep,count_2i32_100k,"count, 2 i32 key(s), 100k groups in the key domain","SELECT k1, k2, count(*) AS n FROM grid GROUP BY k1, k2",14.50,,,183.5,,15,,"yes",0.000e0,,,"TAKEN AggregateExec (input rows 10000000 (exact) vs min_rows 250000; count over 2+ i32 keys (memory input): the measured table takes the 100k, 1M bucket(s) at 10M rows; MetalExec decides from a group-count estimate; output kept at one partition (only projections above it))",,0,0.00,0.00,0.00,0.00,0.00,0,100000,1.69,1.81,100,24,,,,,,,5.54,11.3,15.44,"yes",1,0,67988,0.1535,0.18,3.56,"TAKEN AggregateExec (input rows 10000000 (exact) vs min_rows 250000; count over 2+ i32 keys (memory input): the measured table takes the 100k, 1M bucket(s) at 10M rows; MetalExec decides from a group-count estimate; output kept at one partition (only projections above it)) | TAKEN MetalExec Aggregate { keys (ran on ArrowMetal: an estimated 67988 groups (48291 to 110581, Chao1 over a 2048-row sample) at 10000000 rows: count at the 100k bucket is taken from 10M rows (from the first rows of each partition; a 2048-row sample of the whole input puts it at 54523 to 135023 groups))",16.28,2026-09-29 18:23:23,2026-09-29 18:23:54,2026-09-29 00:37:52,3,14.61,5.54,,,rounds,true,26.44,32.45,28.27,5000,29.45,43.0,291.8,3
10000000,part1,gsweep,minmax_int_2i64_100k,"minmax_int, 2 i64 key(s), 100k groups in the key domain","SELECT kl1, kl2, min(q) AS lo, max(q) AS hi FROM grid GROUP BY kl1, kl2",20.86,,,291.4,,15,,"yes",0.000e0,,,"TAKEN AggregateExec (input rows 10000000 (exact) vs min_rows 250000; minmax_int over 2+ i64 keys (memory input): the measured table takes the 100k bucket(s) at 10M rows; MetalExec decides from a group-count estimate; output kept at one partition (only projections above it))",,0,0.00,0.00,0.00,0.00,0.00,0,100000,1.74,1.57,100,18,,,,,,,10.09,25.6,36.18,"yes",1,0,85483,0.1413,0.23,7.22,"TAKEN AggregateExec (input rows 10000000 (exact) vs min_rows 250000; minmax_int over 2+ i64 keys (memory input): the measured table takes the 100k bucket(s) at 10M rows; MetalExec decides from a group-count estimate; output kept at one partition (only projections above it)) | TAKEN MetalExec Aggregate { keys (ran on ArrowMetal: an estimated 85483 groups (58302 to 151410, Chao1 over a 2048-row sample) at 10000000 rows: minmax_int at the 100k bucket is taken from 5M rows (from the first rows of each partition; a 2048-row sample of the whole input puts it at 77259 to 255922 groups))",23.62,2026-09-29 18:23:58,2026-09-29 18:24:29,2026-09-29 00:37:52,3,20.86,10.39,,,rounds,true,41.89,51.74,37.69,5000,38.21,132.2,439.1,3
10000000,part1,gsweep,count_2i32_1M,"count, 2 i32 key(s), 1M groups in the key domain","SELECT k1, k2, count(*) AS n FROM grid GROUP BY k1, k2",17.60,,,259.9,,15,,"yes",0.000e0,,,"TAKEN AggregateExec (input rows 10000000 (exact) vs min_rows 250000; count over 2+ i32 keys (memory input): the measured table takes the 100k, 1M bucket(s) at 10M rows; MetalExec decides from a group-count estimate; output kept at one partition (only projections above it))",,0,0.00,0.00,0.00,0.00,0.00,0,999943,1.60,1.13,100,21,,,,,,,6.29,12.8,19.58,"yes",1,0,1040798,0.1942,0.20,4.52,"TAKEN AggregateExec (input rows 10000000 (exact) vs min_rows 250000; count over 2+ i32 keys (memory input): the measured table takes the 100k, 1M bucket(s) at 10M rows; MetalExec decides from a group-count estimate; output kept at one partition (only projections above it)) | TAKEN MetalExec Aggregate { keys (ran on ArrowMetal: an estimated 1040798 groups (740276 to 1671653, Chao1 over a 8192-row sample) at 10000000 rows: count at the 1M bucket is taken from 10M rows (from the first rows of each partition; a 2048-row sample of the whole input puts it at 222231 to 10000000 groups))",18.11,2026-09-29 18:24:31,2026-09-29 18:25:34,2026-09-29 00:37:52,3,17.85,6.87,,,rounds,true,32.75,33.80,34.80,5000,35.78,45.3,406.0,3
10000000,part1,gsweep,distinct_2i32_1M,"distinct, 2 i32 key(s), 1M groups in the key domain","SELECT DISTINCT k1, k2 FROM grid",14.25,,,209.5,,15,,"yes",0.000e0,,,"TAKEN AggregateExec (input rows 10000000 (exact) vs min_rows 250000; distinct over 2+ i32 keys (memory input): the measured table takes the 200, 1M bucket(s) at 10M rows; MetalExec decides from a group-count estimate; output kept at one partition (only projections above it))",,0,0.00,0.00,0.00,0.00,0.00,0,999943,1.60,1.13,100,24,,,,,,,5.72,10.3,11.02,"yes",1,0,1040798,0.2180,0.19,3.97,"TAKEN AggregateExec (input rows 10000000 (exact) vs min_rows 250000; distinct over 2+ i32 keys (memory input): the measured table takes the 200, 1M bucket(s) at 10M rows; MetalExec decides from a group-count estimate; output kept at one partition (only projections above it)) | TAKEN MetalExec Aggregate { keys (ran on ArrowMetal: an estimated 1040798 groups (740276 to 1671653, Chao1 over a 8192-row sample) at 10000000 rows: distinct at the 1M bucket is taken from 10M rows (from the first rows of each partition; a 2048-row sample of the whole input puts it at 222231 to 10000000 groups))",17.89,2026-09-29 18:24:31,2026-09-29 18:25:34,2026-09-29 00:37:52,3,14.43,5.86,,,rounds,true,21.64,30.00,23.40,5000,34.00,45.3,310.8,3
50000000,b8192,gsweep,distinct_1i32_100k,"distinct, 1 i32 key(s), 100k groups in the key domain","SELECT DISTINCT k FROM grid",23.72,,,319.7,,15,,"yes",0.000e0,,,"TAKEN AggregateExec (input rows 50000000 (exact) vs min_rows 250000; distinct over 1 i32 key (memory input): the measured table takes the 100k, 1M bucket(s) at 50M rows; MetalExec decides from a group-count estimate; output kept at one partition (only projections above it))",,0,0.00,0.00,0.00,0.00,0.00,0,100000,1.12,1.50,100,15,,,,,,,11.62,30.2,38.61,"yes",1,0,108507,0.1996,0.76,7.11,"TAKEN AggregateExec (input rows 50000000 (exact) vs min_rows 250000; distinct over 1 i32 key (memory input): the measured table takes the 100k, 1M bucket(s) at 50M rows; MetalExec decides from a group-count estimate; output kept at one partition (only projections above it)) | TAKEN MetalExec Aggregate { keys (ran on ArrowMetal: an estimated 108507 groups (70643 to 214655, Chao1 over a 2048-row sample) at 50000000 rows: distinct at the 100k bucket is taken from 50M rows (from the first rows of each partition; a 2048-row sample of the whole input puts it at 67758 to 198392 groups))",25.44,2026-09-29 18:25:41,2026-09-29 18:27:18,2026-09-29 00:37:52,3,23.76,12.02,,,rounds,true,45.60,48.39,35.43,5000,40.48,80.3,452.7,3
50000000,b8192,gsweep,distinct_2i32_100k,"distinct, 2 i32 key(s), 100k groups in the key domain","SELECT DISTINCT k1, k2 FROM grid",44.06,,,625.6,,15,,"yes",0.000e0,,,"TAKEN AggregateExec (input rows 50000000 (exact) vs min_rows 250000; distinct over 2+ i32 keys (memory input): the measured table takes the 200, 10k, 100k, 1M bucket(s) at 50M rows; MetalExec decides from a group-count estimate; output kept at one partition (only projections above it))",,0,0.00,0.00,0.00,0.00,0.00,0,100000,1.12,1.50,100,12,,,,,,,15.81,46.3,37.46,"yes",1,0,67988,0.2936,0.81,8.60,"TAKEN AggregateExec (input rows 50000000 (exact) vs min_rows 250000; distinct over 2+ i32 keys (memory input): the measured table takes the 200, 10k, 100k, 1M bucket(s) at 50M rows; MetalExec decides from a group-count estimate; output kept at one partition (only projections above it)) | TAKEN MetalExec Aggregate { keys (ran on ArrowMetal: an estimated 67988 groups (48291 to 110581, Chao1 over a 2048-row sample) at 50000000 rows: distinct at the 100k bucket is taken from 50M rows (from the first rows of each partition; a 2048-row sample of the whole input puts it at 81080 to 282588 groups))",54.16,2026-09-29 18:25:41,2026-09-29 18:27:18,2026-09-29 00:37:52,3,45.99,15.85,,,rounds,true,57.24,62.01,63.65,5000,67.50,113.3,832.8,3
50000000,b8192,gsweep,minmax_int_2i64_100k,"minmax_int, 2 i64 key(s), 100k groups in the key domain","SELECT kl1, kl2, min(q) AS lo, max(q) AS hi FROM grid GROUP BY kl1, kl2",84.58,,,1153.5,,15,,"yes",0.000e0,,,"TAKEN AggregateExec (input rows 50000000 (exact) vs min_rows 250000; minmax_int over 2+ i64 keys (memory input): the measured table takes the 100k bucket(s) at 50M rows; MetalExec decides from a group-count estimate; output kept at one partition (only projections above it))",,0,0.00,0.00,0.00,0.00,0.00,0,100000,1.12,1.50,100,9,,,,,,,41.66,116.2,84.70,"yes",1,0,67988,0.3601,0.98,28.33,"TAKEN AggregateExec (input rows 50000000 (exact) vs min_rows 250000; minmax_int over 2+ i64 keys (memory input): the measured table takes the 100k bucket(s) at 50M rows; MetalExec decides from a group-count estimate; output kept at one partition (only projections above it)) | TAKEN MetalExec Aggregate { keys (ran on ArrowMetal: an estimated 67988 groups (48291 to 110581, Chao1 over a 2048-row sample) at 50000000 rows: minmax_int at the 100k bucket is taken from 5M rows (from the first rows of each partition; a 2048-row sample of the whole input puts it at 81080 to 282588 groups))",89.81,2026-09-29 18:25:41,2026-09-29 18:27:18,2026-09-29 00:37:52,3,84.69,42.07,,,rounds,true,103.02,115.86,94.61,5000,99.78,251.9,1320.7,3
50000000,b8192,gsweep,count_2i32_1M,"count, 2 i32 key(s), 1M groups in the key domain","SELECT k1, k2, count(*) AS n FROM grid GROUP BY k1, k2",73.83,,,1106.1,,15,,"yes",0.000e0,,,"TAKEN AggregateExec (input rows 50000000 (exact) vs min_rows 250000; count over 2+ i32 keys (memory input): the measured table takes the 10k, 100k, 1M bucket(s) at 50M rows; MetalExec decides from a group-count estimate; output kept at one partition (only projections above it))",,0,0.00,0.00,0.00,0.00,0.00,0,1000000,1.46,1.93,100,9,,,,,,,19.11,42.5,40.17,"yes",1,0,924251,0.3976,0.87,11.29,"TAKEN AggregateExec (input rows 50000000 (exact) vs min_rows 250000; count over 2+ i32 keys (memory input): the measured table takes the 10k, 100k, 1M bucket(s) at 50M rows; MetalExec decides from a group-count estimate; output kept at one partition (only projections above it)) | TAKEN MetalExec Aggregate { keys (ran on ArrowMetal: an estimated 924251 groups (669966 to 1431655, Chao1 over a 8192-row sample) at 50000000 rows: count at the 1M bucket is taken from 10M rows (from the first rows of each partition; a 2048-row sample of the whole input puts it at 268759 to 50000000 groups))",75.49,2026-09-29 18:27:22,2026-09-29 18:27:55,2026-09-29 00:37:52,3,74.12,19.28,,,rounds,true,63.79,68.46,94.87,5000,96.33,106.6,1297.5,3
50000000,part1,gsweep,count_2i32_10k,"count, 2 i32 key(s), 10k groups in the key domain","SELECT k1, k2, count(*) AS n FROM grid GROUP BY k1, k2",34.85,,,473.4,,15,,"yes",0.000e0,,,"TAKEN AggregateExec (input rows 50000000 (exact) vs min_rows 250000; count over 2+ i32 keys (memory input): the measured table takes the 10k, 100k, 1M bucket(s) at 50M rows; MetalExec decides from a group-count estimate; output kept at one partition (only projections above it))",,0,0.00,0.00,0.00,0.00,0.00,0,10000,1.85,1.59,100,12,,,,,,,15.63,51.0,39.34,"yes",1,0,8290,0.2023,1.09,9.35,"TAKEN AggregateExec (input rows 50000000 (exact) vs min_rows 250000; count over 2+ i32 keys (memory input): the measured table takes the 10k, 100k, 1M bucket(s) at 50M rows; MetalExec decides from a group-count estimate; output kept at one partition (only projections above it)) | TAKEN MetalExec Aggregate { keys (ran on ArrowMetal: an estimated 8290 groups (5272 to 18434, Chao1 over a 512-row sample) at 50000000 rows: count at the 10k bucket is taken from 50M rows (from the first rows of each partition; a 2048-row sample of the whole input puts it at 8599 to 11161 groups))",38.14,2026-09-29 18:28:02,2026-09-29 18:28:34,2026-09-29 00:37:52,3,34.94,15.70,,,rounds,true,52.61,53.07,56.79,5000,57.51,92.4,715.3,3
50000000,part1,gsweep,distinct_1i32_1M,"distinct, 1 i32 key(s), 1M groups in the key domain","SELECT DISTINCT k FROM grid",34.70,,,527.8,,15,,"yes",0.000e0,,,"TAKEN AggregateExec (input rows 50000000 (exact) vs min_rows 250000; distinct over 1 i32 key (memory input): the measured table takes the 100k, 1M bucket(s) at 50M rows; MetalExec decides from a group-count estimate; output kept at one partition (only projections above it))",,0,0.00,0.00,0.00,0.00,0.00,0,1000000,1.54,2.17,100,12,,,,,,,12.39,35.3,30.43,"yes",1,0,1390443,0.1988,1.08,8.40,"TAKEN AggregateExec (input rows 50000000 (exact) vs min_rows 250000; distinct over 1 i32 key (memory input): the measured table takes the 100k, 1M bucket(s) at 50M rows; MetalExec decides from a group-count estimate; output kept at one partition (only projections above it)) | TAKEN MetalExec Aggregate { keys (ran on ArrowMetal: an estimated 1390443 groups (940258 to 2482345, Chao1 over a 8192-row sample) at 50000000 rows: distinct at the 1M bucket is taken from 50M rows (from the first rows of each partition; a 2048-row sample of the whole input puts it at 268759 to 50000000 groups))",36.61,2026-09-29 18:28:39,2026-09-29 18:29:11,2026-09-29 00:37:52,3,35.04,12.41,,,rounds,true,40.34,46.56,48.78,5000,54.17,72.4,671.5,3
5000000,b8192,gsweep,minmax_int_2i64_100k,"minmax_int, 2 i64 key(s), 100k groups in the key domain","SELECT kl1, kl2, min(q) AS lo, max(q) AS hi FROM grid GROUP BY kl1, kl2",13.16,,,174.1,,15,,"yes",0.000e0,,,"TAKEN AggregateExec (input rows 5000000 (exact) vs min_rows 250000; minmax_int over 2+ i64 keys (memory input): the measured table takes the 100k bucket(s) at 5M rows; MetalExec decides from a group-count estimate; output kept at one partition (only projections above it))",,0,0.00,0.00,0.00,0.00,0.00,0,100000,2.08,1.99,100,26,,,,,,,6.64,14.6,55.64,"yes",1,0,114647,0.1422,0.15,4.64,"TAKEN AggregateExec (input rows 5000000 (exact) vs min_rows 250000; minmax_int over 2+ i64 keys (memory input): the measured table takes the 100k bucket(s) at 5M rows; MetalExec decides from a group-count estimate; output kept at one partition (only projections above it)) | TAKEN MetalExec Aggregate { keys (ran on ArrowMetal: an estimated 114647 groups (73796 to 233598, Chao1 over a 2048-row sample) at 5000000 rows: minmax_int at the 100k bucket is taken from 5M rows (from the first rows of each partition; a 2048-row sample of the whole input puts it at 90063 to 354992 groups))",14.91,2026-09-29 18:29:18,2026-09-29 18:29:23,2026-09-29 00:37:52,3,13.28,6.69,,,rounds,true,27.92,30.78,28.78,500,30.51,36.8,306.8,3
10000000,b8192,gsweep,distinct_2i32_200,"distinct, 2 i32 key(s), 200 groups in the key domain","SELECT DISTINCT k1, k2 FROM grid",7.95,,,85.5,,15,,"yes",0.000e0,,,"TAKEN AggregateExec (input rows 10000000 (exact) vs min_rows 250000; distinct over 2+ i32 keys (memory input): the measured table takes the 200, 1M bucket(s) at 10M rows; MetalExec decides from a group-count estimate; output kept at one partition (only projections above it))",,0,0.00,0.00,0.00,0.00,0.00,0,200,1.91,2.00,100,38,,,,,,,4.65,9.3,13.84,"yes",1,0,214,0.0481,0.17,2.83,"TAKEN AggregateExec (input rows 10000000 (exact) vs min_rows 250000; distinct over 2+ i32 keys (memory input): the measured table takes the 200, 1M bucket(s) at 10M rows; MetalExec decides from a group-count estimate; output kept at one partition (only projections above it)) | TAKEN MetalExec Aggregate { keys (ran on ArrowMetal: an estimated 214 groups (208 to 223, Chao1 over a 512-row sample) at 10000000 rows: distinct at the 200 bucket is taken from 10M rows (from the first rows of each partition; a 512-row sample of the whole input puts it at 199 to 210 groups))",10.40,2026-09-29 18:29:26,2026-09-29 18:29:30,2026-09-29 00:37:52,3,7.99,4.95,,,rounds,true,19.80,20.83,22.14,500,23.01,32.4,167.2,3
10000000,b8192,gsweep,count_2i32_100k,"count, 2 i32 key(s), 100k groups in the key domain","SELECT k1, k2, count(*) AS n FROM grid GROUP BY k1, k2",15.10,,,181.2,,15,,"yes",0.000e0,,,"TAKEN AggregateExec (input rows 10000000 (exact) vs min_rows 250000; count over 2+ i32 keys (memory input): the measured table takes the 100k, 1M bucket(s) at 10M rows; MetalExec decides from a group-count estimate; output kept at one partition (only projections above it))",,0,0.00,0.00,0.00,0.00,0.00,0,100000,2.00,1.84,100,24,,,,,,,5.18,10.6,14.41,"yes",1,0,67988,0.1455,0.18,3.07,"TAKEN AggregateExec (input rows 10000000 (exact) vs min_rows 250000; count over 2+ i32 keys (memory input): the measured table takes the 100k, 1M bucket(s) at 10M rows; MetalExec decides from a group-count estimate; output kept at one partition (only projections above it)) | TAKEN MetalExec Aggregate { keys (ran on ArrowMetal: an estimated 67988 groups (48291 to 110581, Chao1 over a 2048-row sample) at 10000000 rows: count at the 100k bucket is taken from 10M rows (from the first rows of each partition; a 2048-row sample of the whole input puts it at 54523 to 135023 groups))",16.97,2026-09-29 18:29:33,2026-09-29 18:29:37,2026-09-29 00:37:52,3,15.39,5.36,,,rounds,true,19.99,27.39,33.36,500,34.90,26.8,323.1,3
10000000,part1,gsweep,minmax_int_2i64_100k,"minmax_int, 2 i64 key(s), 100k groups in the key domain","SELECT kl1, kl2, min(q) AS lo, max(q) AS hi FROM grid GROUP BY kl1, kl2",20.84,,,293.9,,15,,"yes",0.000e0,,,"TAKEN AggregateExec (input rows 10000000 (exact) vs min_rows 250000; minmax_int over 2+ i64 keys (memory input): the measured table takes the 100k bucket(s) at 10M rows; MetalExec decides from a group-count estimate; output kept at one partition (only projections above it))",,0,0.00,0.00,0.00,0.00,0.00,0,100000,1.77,1.71,100,18,,,,,,,10.18,22.9,38.44,"yes",1,0,85483,0.1309,0.24,7.05,"TAKEN AggregateExec (input rows 10000000 (exact) vs min_rows 250000; minmax_int over 2+ i64 keys (memory input): the measured table takes the 100k bucket(s) at 10M rows; MetalExec decides from a group-count estimate; output kept at one partition (only projections above it)) | TAKEN MetalExec Aggregate { keys (ran on ArrowMetal: an estimated 85483 groups (58302 to 151410, Chao1 over a 2048-row sample) at 10000000 rows: minmax_int at the 100k bucket is taken from 5M rows (from the first rows of each partition; a 2048-row sample of the whole input puts it at 77259 to 255922 groups))",21.09,2026-09-29 18:29:41,2026-09-29 18:29:46,2026-09-29 00:37:52,3,20.87,10.84,,,rounds,true,32.22,36.80,40.09,500,40.13,52.5,424.4,3
10000000,part1,gsweep,count_2i32_1M,"count, 2 i32 key(s), 1M groups in the key domain","SELECT k1, k2, count(*) AS n FROM grid GROUP BY k1, k2",17.48,,,257.9,,15,,"yes",0.000e0,,,"TAKEN AggregateExec (input rows 10000000 (exact) vs min_rows 250000; count over 2+ i32 keys (memory input): the measured table takes the 100k, 1M bucket(s) at 10M rows; MetalExec decides from a group-count estimate; output kept at one partition (only projections above it))",,0,0.00,0.00,0.00,0.00,0.00,0,999943,1.71,2.19,100,21,,,,,,,6.57,13.0,19.35,"yes",1,0,1040798,0.1988,0.21,4.67,"TAKEN AggregateExec (input rows 10000000 (exact) vs min_rows 250000; count over 2+ i32 keys (memory input): the measured table takes the 100k, 1M bucket(s) at 10M rows; MetalExec decides from a group-count estimate; output kept at one partition (only projections above it)) | TAKEN MetalExec Aggregate { keys (ran on ArrowMetal: an estimated 1040798 groups (740276 to 1671653, Chao1 over a 8192-row sample) at 10000000 rows: count at the 1M bucket is taken from 10M rows (from the first rows of each partition; a 2048-row sample of the whole input puts it at 222231 to 10000000 groups))",19.39,2026-09-29 18:29:48,2026-09-29 18:29:57,2026-09-29 00:37:52,3,17.63,6.97,,,rounds,true,24.07,29.89,24.72,500,32.14,35.0,336.0,3
10000000,part1,gsweep,distinct_2i32_1M,"distinct, 2 i32 key(s), 1M groups in the key domain","SELECT DISTINCT k1, k2 FROM grid",14.04,,,210.5,,15,,"yes",0.000e0,,,"TAKEN AggregateExec (input rows 10000000 (exact) vs min_rows 250000; distinct over 2+ i32 keys (memory input): the measured table takes the 200, 1M bucket(s) at 10M rows; MetalExec decides from a group-count estimate; output kept at one partition (only projections above it))",,0,0.00,0.00,0.00,0.00,0.00,0,999943,1.71,2.19,100,24,,,,,,,5.29,12.4,11.19,"yes",1,0,1040798,0.1792,0.19,3.66,"TAKEN AggregateExec (input rows 10000000 (exact) vs min_rows 250000; distinct over 2+ i32 keys (memory input): the measured table takes the 200, 1M bucket(s) at 10M rows; MetalExec decides from a group-count estimate; output kept at one partition (only projections above it)) | TAKEN MetalExec Aggregate { keys (ran on ArrowMetal: an estimated 1040798 groups (740276 to 1671653, Chao1 over a 8192-row sample) at 10000000 rows: distinct at the 1M bucket is taken from 10M rows (from the first rows of each partition; a 2048-row sample of the whole input puts it at 222231 to 10000000 groups))",19.97,2026-09-29 18:29:48,2026-09-29 18:29:57,2026-09-29 00:37:52,3,14.08,5.54,,,rounds,true,18.64,19.62,22.88,500,25.23,29.8,286.4,3
50000000,b8192,gsweep,distinct_1i32_100k,"distinct, 1 i32 key(s), 100k groups in the key domain","SELECT DISTINCT k FROM grid",24.02,,,332.0,,15,,"yes",0.000e0,,,"TAKEN AggregateExec (input rows 50000000 (exact) vs min_rows 250000; distinct over 1 i32 key (memory input): the measured table takes the 100k, 1M bucket(s) at 50M rows; MetalExec decides from a group-count estimate; output kept at one partition (only projections above it))",,0,0.00,0.00,0.00,0.00,0.00,0,100000,2.09,3.60,100,15,,,,,,,11.94,29.3,44.88,"yes",1,0,108507,0.2154,0.87,7.17,"TAKEN AggregateExec (input rows 50000000 (exact) vs min_rows 250000; distinct over 1 i32 key (memory input): the measured table takes the 100k, 1M bucket(s) at 50M rows; MetalExec decides from a group-count estimate; output kept at one partition (only projections above it)) | TAKEN MetalExec Aggregate { keys (ran on ArrowMetal: an estimated 108507 groups (70643 to 214655, Chao1 over a 2048-row sample) at 50000000 rows: distinct at the 100k bucket is taken from 50M rows (from the first rows of each partition; a 2048-row sample of the whole input puts it at 67758 to 198392 groups))",26.27,2026-09-29 18:30:03,2026-09-29 18:30:20,2026-09-29 00:37:52,3,24.04,12.02,,,rounds,true,43.87,47.76,38.31,500,40.38,62.9,413.7,3
50000000,b8192,gsweep,distinct_2i32_100k,"distinct, 2 i32 key(s), 100k groups in the key domain","SELECT DISTINCT k1, k2 FROM grid",41.79,,,633.2,,15,,"yes",0.000e0,,,"TAKEN AggregateExec (input rows 50000000 (exact) vs min_rows 250000; distinct over 2+ i32 keys (memory input): the measured table takes the 200, 10k, 100k, 1M bucket(s) at 50M rows; MetalExec decides from a group-count estimate; output kept at one partition (only projections above it))",,0,0.00,0.00,0.00,0.00,0.00,0,100000,2.09,3.60,100,11,,,,,,,15.92,47.1,37.76,"yes",1,0,67988,0.2979,1.03,8.48,"TAKEN AggregateExec (input rows 50000000 (exact) vs min_rows 250000; distinct over 2+ i32 keys (memory input): the measured table takes the 200, 10k, 100k, 1M bucket(s) at 50M rows; MetalExec decides from a group-count estimate; output kept at one partition (only projections above it)) | TAKEN MetalExec Aggregate { keys (ran on ArrowMetal: an estimated 67988 groups (48291 to 110581, Chao1 over a 2048-row sample) at 50000000 rows: distinct at the 100k bucket is taken from 50M rows (from the first rows of each partition; a 2048-row sample of the whole input puts it at 81080 to 282588 groups))",58.57,2026-09-29 18:30:03,2026-09-29 18:30:20,2026-09-29 00:37:52,3,42.45,16.09,,,rounds,true,45.05,45.95,61.06,500,69.41,76.4,841.2,3
50000000,b8192,gsweep,minmax_int_2i64_100k,"minmax_int, 2 i64 key(s), 100k groups in the key domain","SELECT kl1, kl2, min(q) AS lo, max(q) AS hi FROM grid GROUP BY kl1, kl2",83.67,,,1186.5,,15,,"yes",0.000e0,,,"TAKEN AggregateExec (input rows 50000000 (exact) vs min_rows 250000; minmax_int over 2+ i64 keys (memory input): the measured table takes the 100k bucket(s) at 50M rows; MetalExec decides from a group-count estimate; output kept at one partition (only projections above it))",,0,0.00,0.00,0.00,0.00,0.00,0,100000,2.09,3.60,100,9,,,,,,,42.18,115.2,86.31,"yes",1,0,67988,0.3692,0.94,28.12,"TAKEN AggregateExec (input rows 50000000 (exact) vs min_rows 250000; minmax_int over 2+ i64 keys (memory input): the measured table takes the 100k bucket(s) at 50M rows; MetalExec decides from a group-count estimate; output kept at one partition (only projections above it)) | TAKEN MetalExec Aggregate { keys (ran on ArrowMetal: an estimated 67988 groups (48291 to 110581, Chao1 over a 2048-row sample) at 50000000 rows: minmax_int at the 100k bucket is taken from 5M rows (from the first rows of each partition; a 2048-row sample of the whole input puts it at 81080 to 282588 groups))",93.87,2026-09-29 18:30:03,2026-09-29 18:30:20,2026-09-29 00:37:52,3,83.96,42.36,,,rounds,true,96.84,106.68,101.60,500,108.27,260.8,1354.8,3
50000000,b8192,gsweep,count_2i32_1M,"count, 2 i32 key(s), 1M groups in the key domain","SELECT k1, k2, count(*) AS n FROM grid GROUP BY k1, k2",73.59,,,1110.4,,15,,"yes",0.000e0,,,"TAKEN AggregateExec (input rows 50000000 (exact) vs min_rows 250000; count over 2+ i32 keys (memory input): the measured table takes the 10k, 100k, 1M bucket(s) at 50M rows; MetalExec decides from a group-count estimate; output kept at one partition (only projections above it))",,0,0.00,0.00,0.00,0.00,0.00,0,1000000,3.39,4.40,100,9,,,,,,,19.30,54.8,39.94,"yes",1,0,924251,0.3923,0.93,11.59,"TAKEN AggregateExec (input rows 50000000 (exact) vs min_rows 250000; count over 2+ i32 keys (memory input): the measured table takes the 10k, 100k, 1M bucket(s) at 50M rows; MetalExec decides from a group-count estimate; output kept at one partition (only projections above it)) | TAKEN MetalExec Aggregate { keys (ran on ArrowMetal: an estimated 924251 groups (669966 to 1431655, Chao1 over a 8192-row sample) at 50000000 rows: count at the 1M bucket is taken from 10M rows (from the first rows of each partition; a 2048-row sample of the whole input puts it at 268759 to 50000000 groups))",77.77,2026-09-29 18:30:23,2026-09-29 18:30:29,2026-09-29 00:37:52,3,74.01,19.43,,,rounds,true,55.14,65.10,88.98,500,94.29,80.5,1280.0,3
50000000,part1,gsweep,count_2i32_10k,"count, 2 i32 key(s), 10k groups in the key domain","SELECT k1, k2, count(*) AS n FROM grid GROUP BY k1, k2",32.49,,,473.0,,15,,"yes",0.000e0,,,"TAKEN AggregateExec (input rows 50000000 (exact) vs min_rows 250000; count over 2+ i32 keys (memory input): the measured table takes the 10k, 100k, 1M bucket(s) at 50M rows; MetalExec decides from a group-count estimate; output kept at one partition (only projections above it))",,0,0.00,0.00,0.00,0.00,0.00,0,10000,2.99,2.91,100,12,,,,,,,15.52,48.4,35.13,"yes",1,0,8290,0.1754,1.10,9.11,"TAKEN AggregateExec (input rows 50000000 (exact) vs min_rows 250000; count over 2+ i32 keys (memory input): the measured table takes the 10k, 100k, 1M bucket(s) at 50M rows; MetalExec decides from a group-count estimate; output kept at one partition (only projections above it)) | TAKEN MetalExec Aggregate { keys (ran on ArrowMetal: an estimated 8290 groups (5272 to 18434, Chao1 over a 512-row sample) at 50000000 rows: count at the 10k bucket is taken from 50M rows (from the first rows of each partition; a 2048-row sample of the whole input puts it at 8599 to 11161 groups))",33.06,2026-09-29 18:30:57,2026-09-29 18:31:02,2026-09-29 00:37:52,3,35.09,15.83,,,rounds,true,35.32,38.67,57.32,500,66.04,60.1,705.0,3
50000000,part1,gsweep,distinct_1i32_1M,"distinct, 1 i32 key(s), 1M groups in the key domain","SELECT DISTINCT k FROM grid",35.28,,,530.5,,15,,"yes",0.000e0,,,"TAKEN AggregateExec (input rows 50000000 (exact) vs min_rows 250000; distinct over 1 i32 key (memory input): the measured table takes the 100k, 1M bucket(s) at 50M rows; MetalExec decides from a group-count estimate; output kept at one partition (only projections above it))",,0,0.00,0.00,0.00,0.00,0.00,0,1000000,2.76,2.70,100,12,,,,,,,12.28,33.0,30.55,"yes",1,0,1390443,0.2019,1.09,8.38,"TAKEN AggregateExec (input rows 50000000 (exact) vs min_rows 250000; distinct over 1 i32 key (memory input): the measured table takes the 100k, 1M bucket(s) at 50M rows; MetalExec decides from a group-count estimate; output kept at one partition (only projections above it)) | TAKEN MetalExec Aggregate { keys (ran on ArrowMetal: an estimated 1390443 groups (940258 to 2482345, Chao1 over a 8192-row sample) at 50000000 rows: distinct at the 1M bucket is taken from 50M rows (from the first rows of each partition; a 2048-row sample of the whole input puts it at 268759 to 50000000 groups))",38.98,2026-09-29 18:31:06,2026-09-29 18:31:11,2026-09-29 00:37:52,3,35.34,12.33,,,rounds,true,30.21,53.90,49.91,500,53.42,63.1,673.2,3
