build,round,size,layout,family,case,label,sql,off_ms,on_ms,ratio,off_cpu_ms,on_cpu_ms,iters_off,iters_on,equal,max_rel_dev,nodes_taken,rule_on,rule_default,runtime_fallbacks,metal_nodes,input_ms,concat_ms,import_ms,kernel_ms,export_ms,input_batches,out_rows,block_load_start,block_load_end,warm_ms,untimed_off,untimed_on,on_first_ms,back_ms,back_cpu_ms,back_first_ms,equal_back,def_ms,def_cpu_ms,def_first_ms,equal_def,def_taken,def_handed_back,def_groups_est,def_probe_ms,def_input_ms,def_kernel_ms,def_choice,off_first_ms,block_t0,block_t1,last_sleep,rounds,off_round_median_ms,def_round_median_ms,back_round_median_ms,on_round_median_ms,method,def_gpu,def_idle_ms,def_idle_max_ms,off_idle_ms,idle_gap_ms
new,1,10000000,b8192,sort,srt_i64,sort 3 columns by an int64 key,"SELECT q, k1, x FROM extra ORDER BY q",312.51,14.40,21.695,998.9,11.7,5,5,yes,0.000e0,1,TAKEN SortPreservingMergeExec (input rows 10000000 (exact) vs min_rows 0; projection kept above it),TAKEN SortPreservingMergeExec (input rows 10000000 (exact) vs min_rows 250000; projection kept above it),0,1,1.36,0.00,3.02,9.13,0.01,1221,10000000,2.48,2.44,100,2,6,65.33,,,,,,,,,,,,,,,,321.37,2026-09-29 23:28:15,2026-09-29 23:28:33,2026-09-29 00:37:52,1,312.51,,,14.40,rounds,true,,,,
new,1,10000000,b8192,sort,srt_f64,sort 3 columns by a Float64 key,"SELECT q, k1, x FROM extra ORDER BY x",329.46,18.04,18.260,1065.8,12.2,5,5,yes,0.000e0,1,TAKEN SortPreservingMergeExec (input rows 10000000 (exact) vs min_rows 0; projection kept above it),TAKEN SortPreservingMergeExec (input rows 10000000 (exact) vs min_rows 250000; projection kept above it),0,1,1.29,0.00,3.18,12.53,0.01,1221,10000000,2.48,2.44,100,2,6,27.46,,,,,,,,,,,,,,,,329.03,2026-09-29 23:28:15,2026-09-29 23:28:33,2026-09-29 00:37:52,1,329.46,,,18.04,rounds,true,,,,
new,1,10000000,b8192,sort,srt_str,sort 3 columns by a String key (1000 values),"SELECT name, q, k1 FROM extra ORDER BY name",372.18,17.85,20.846,1382.1,13.5,5,5,yes,0.000e0,1,TAKEN SortPreservingMergeExec (input rows 10000000 (exact) vs min_rows 0; projection kept above it),TAKEN SortPreservingMergeExec (input rows 10000000 (exact) vs min_rows 250000; projection kept above it),0,1,1.62,0.00,3.18,11.78,0.01,1221,10000000,2.48,2.44,100,2,6,30.80,,,,,,,,,,,,,,,,379.72,2026-09-29 23:28:15,2026-09-29 23:28:33,2026-09-29 00:37:52,1,372.18,,,17.85,rounds,true,,,,
new,1,10000000,b8192,sort,top_i64,top 100 by an int64 key (control),"SELECT q, k1, x FROM extra ORDER BY q LIMIT 100",1.66,9.00,0.184,17.7,14.3,5,5,yes,0.000e0,1,TAKEN SortPreservingMergeExec (input rows 10000000 (exact) vs min_rows 0; projection kept above it),LEFT SortPreservingMergeExec (top-k (sort with fetch 100) disabled in config) | LEFT SortExec (top-k (sort with fetch 100) disabled in config),0,1,1.51,0.00,3.24,3.63,0.01,1221,100,2.48,2.44,100,58,12,11.03,,,,,,,,,,,,,,,,2.25,2026-09-29 23:28:15,2026-09-29 23:28:33,2026-09-29 00:37:52,1,1.66,,,9.00,rounds,true,,,,
new,1,10000000,b8192,sort,top_f64,"top 100 by Float64, descending (control)","SELECT q, k1, x FROM extra ORDER BY x DESC LIMIT 100",1.93,7.31,0.264,21.3,11.2,5,5,yes,0.000e0,1,TAKEN SortPreservingMergeExec (input rows 10000000 (exact) vs min_rows 0; projection kept above it),LEFT SortPreservingMergeExec (top-k (sort with fetch 100) disabled in config) | LEFT SortExec (top-k (sort with fetch 100) disabled in config),0,1,1.18,0.00,3.07,2.55,0.01,1221,100,2.48,2.44,100,48,14,8.32,,,,,,,,,,,,,,,,2.20,2026-09-29 23:28:15,2026-09-29 23:28:33,2026-09-29 00:37:52,1,1.93,,,7.31,rounds,true,,,,
new,1,10000000,b8192,sort,srt_f32,sort 3 columns by a Float32 key,"SELECT q, k1, y FROM extra ORDER BY y",328.43,12.47,26.347,1020.3,10.8,5,5,yes,0.000e0,1,TAKEN SortPreservingMergeExec (input rows 10000000 (exact) vs min_rows 0; projection kept above it),TAKEN SortPreservingMergeExec (input rows 10000000 (exact) vs min_rows 250000; projection kept above it),0,1,1.26,0.00,2.65,7.67,0.01,1221,10000000,2.48,2.44,100,2,8,22.13,,,,,,,,,,,,,,,,332.83,2026-09-29 23:28:15,2026-09-29 23:28:33,2026-09-29 00:37:52,1,328.43,,,12.47,rounds,true,,,,
new,1,10000000,b8192,sort,top_f32,"top 100 by Float32, descending","SELECT q, k1, y FROM extra ORDER BY y DESC LIMIT 100",2.01,6.79,0.296,21.8,11.6,5,5,yes,0.000e0,1,TAKEN SortPreservingMergeExec (input rows 10000000 (exact) vs min_rows 0; projection kept above it),LEFT SortPreservingMergeExec (top-k (sort with fetch 100) disabled in config) | LEFT SortExec (top-k (sort with fetch 100) disabled in config),0,1,1.51,0.00,2.68,2.07,0.00,1221,100,2.48,2.44,100,51,15,8.52,,,,,,,,,,,,,,,,2.75,2026-09-29 23:28:15,2026-09-29 23:28:33,2026-09-29 00:37:52,1,2.01,,,6.79,rounds,true,,,,
new,1,10000000,part1,sort,srt_i64,sort 3 columns by an int64 key,"SELECT q, k1, x FROM extra ORDER BY q",307.24,13.66,22.489,1012.8,10.7,5,5,yes,0.000e0,1,TAKEN SortPreservingMergeExec (input rows 10000000 (exact) vs min_rows 0; projection kept above it),TAKEN SortPreservingMergeExec (input rows 10000000 (exact) vs min_rows 250000; projection kept above it),0,1,1.25,0.00,2.76,8.94,0.01,1232,10000000,2.32,3.88,100,2,6,34.87,,,,,,,,,,,,,,,,315.99,2026-09-29 23:28:36,2026-09-29 23:28:53,2026-09-29 00:37:52,1,307.24,,,13.66,rounds,true,,,,
new,1,10000000,part1,sort,srt_f64,sort 3 columns by a Float64 key,"SELECT q, k1, x FROM extra ORDER BY x",326.63,17.60,18.560,1079.8,11.7,5,5,yes,0.000e0,1,TAKEN SortPreservingMergeExec (input rows 10000000 (exact) vs min_rows 0; projection kept above it),TAKEN SortPreservingMergeExec (input rows 10000000 (exact) vs min_rows 250000; projection kept above it),0,1,1.42,0.00,2.78,12.57,0.01,1232,10000000,2.32,3.88,100,2,6,23.08,,,,,,,,,,,,,,,,326.35,2026-09-29 23:28:36,2026-09-29 23:28:53,2026-09-29 00:37:52,1,326.63,,,17.60,rounds,true,,,,
new,1,10000000,part1,sort,srt_str,sort 3 columns by a String key (1000 values),"SELECT name, q, k1 FROM extra ORDER BY name",370.31,17.27,21.440,1351.8,12.1,5,5,yes,0.000e0,1,TAKEN SortPreservingMergeExec (input rows 10000000 (exact) vs min_rows 0; projection kept above it),TAKEN SortPreservingMergeExec (input rows 10000000 (exact) vs min_rows 250000; projection kept above it),0,1,1.54,0.00,2.78,11.98,0.01,1232,10000000,2.32,3.88,100,2,6,27.05,,,,,,,,,,,,,,,,381.08,2026-09-29 23:28:36,2026-09-29 23:28:53,2026-09-29 00:37:52,1,370.31,,,17.27,rounds,true,,,,
new,1,10000000,part1,sort,top_i64,top 100 by an int64 key (control),"SELECT q, k1, x FROM extra ORDER BY q LIMIT 100",1.47,8.21,0.179,16.3,11.6,5,5,yes,0.000e0,1,TAKEN SortPreservingMergeExec (input rows 10000000 (exact) vs min_rows 0; projection kept above it),LEFT SortPreservingMergeExec (top-k (sort with fetch 100) disabled in config) | LEFT SortExec (top-k (sort with fetch 100) disabled in config),0,1,1.31,0.00,2.80,3.85,0.00,1232,100,2.32,3.88,100,64,12,8.61,,,,,,,,,,,,,,,,2.29,2026-09-29 23:28:36,2026-09-29 23:28:53,2026-09-29 00:37:52,1,1.47,,,8.21,rounds,true,,,,
new,1,10000000,part1,sort,top_f64,"top 100 by Float64, descending (control)","SELECT q, k1, x FROM extra ORDER BY x DESC LIMIT 100",1.83,7.03,0.260,20.8,11.0,5,5,yes,0.000e0,1,TAKEN SortPreservingMergeExec (input rows 10000000 (exact) vs min_rows 0; projection kept above it),LEFT SortPreservingMergeExec (top-k (sort with fetch 100) disabled in config) | LEFT SortExec (top-k (sort with fetch 100) disabled in config),0,1,1.37,0.00,2.78,2.61,0.00,1232,100,2.32,3.88,100,52,15,7.48,,,,,,,,,,,,,,,,1.88,2026-09-29 23:28:36,2026-09-29 23:28:53,2026-09-29 00:37:52,1,1.83,,,7.03,rounds,true,,,,
new,1,10000000,part1,sort,srt_f32,sort 3 columns by a Float32 key,"SELECT q, k1, y FROM extra ORDER BY y",326.78,12.13,26.929,1044.4,10.5,5,5,yes,0.000e0,1,TAKEN SortPreservingMergeExec (input rows 10000000 (exact) vs min_rows 0; projection kept above it),TAKEN SortPreservingMergeExec (input rows 10000000 (exact) vs min_rows 250000; projection kept above it),0,1,1.45,0.00,2.38,7.58,0.00,1232,10000000,2.32,3.88,100,2,7,20.01,,,,,,,,,,,,,,,,328.57,2026-09-29 23:28:36,2026-09-29 23:28:53,2026-09-29 00:37:52,1,326.78,,,12.13,rounds,true,,,,
new,1,10000000,part1,sort,top_f32,"top 100 by Float32, descending","SELECT q, k1, y FROM extra ORDER BY y DESC LIMIT 100",1.79,5.93,0.302,20.3,9.9,5,5,yes,0.000e0,1,TAKEN SortPreservingMergeExec (input rows 10000000 (exact) vs min_rows 0; projection kept above it),LEFT SortPreservingMergeExec (top-k (sort with fetch 100) disabled in config) | LEFT SortExec (top-k (sort with fetch 100) disabled in config),0,1,1.38,0.00,2.39,1.87,0.00,1232,100,2.32,3.88,100,56,16,6.19,,,,,,,,,,,,,,,,1.93,2026-09-29 23:28:36,2026-09-29 23:28:53,2026-09-29 00:37:52,1,1.79,,,5.93,rounds,true,,,,
new,2,10000000,b8192,sort,srt_i64,sort 3 columns by an int64 key,"SELECT q, k1, x FROM extra ORDER BY q",313.70,14.57,21.532,983.4,11.8,5,5,yes,0.000e0,1,TAKEN SortPreservingMergeExec (input rows 10000000 (exact) vs min_rows 0; projection kept above it),TAKEN SortPreservingMergeExec (input rows 10000000 (exact) vs min_rows 250000; projection kept above it),0,1,1.32,0.00,3.15,9.20,0.01,1221,10000000,2.67,3.12,100,2,6,76.00,,,,,,,,,,,,,,,,346.19,2026-09-29 23:36:08,2026-09-29 23:36:26,2026-09-29 00:37:52,1,313.70,,,14.57,rounds,true,,,,
new,2,10000000,b8192,sort,srt_f64,sort 3 columns by a Float64 key,"SELECT q, k1, x FROM extra ORDER BY x",332.94,18.08,18.412,1055.4,11.9,5,5,yes,0.000e0,1,TAKEN SortPreservingMergeExec (input rows 10000000 (exact) vs min_rows 0; projection kept above it),TAKEN SortPreservingMergeExec (input rows 10000000 (exact) vs min_rows 250000; projection kept above it),0,1,1.41,0.00,3.12,12.57,0.01,1221,10000000,2.67,3.12,100,2,6,29.25,,,,,,,,,,,,,,,,334.34,2026-09-29 23:36:08,2026-09-29 23:36:26,2026-09-29 00:37:52,1,332.94,,,18.08,rounds,true,,,,
new,2,10000000,b8192,sort,srt_str,sort 3 columns by a String key (1000 values),"SELECT name, q, k1 FROM extra ORDER BY name",376.28,18.09,20.797,1389.2,13.6,5,5,yes,0.000e0,1,TAKEN SortPreservingMergeExec (input rows 10000000 (exact) vs min_rows 0; projection kept above it),TAKEN SortPreservingMergeExec (input rows 10000000 (exact) vs min_rows 250000; projection kept above it),0,1,1.68,0.00,3.19,12.16,0.02,1221,10000000,2.67,3.12,100,2,6,29.84,,,,,,,,,,,,,,,,372.14,2026-09-29 23:36:08,2026-09-29 23:36:26,2026-09-29 00:37:52,1,376.28,,,18.09,rounds,true,,,,
new,2,10000000,b8192,sort,top_i64,top 100 by an int64 key (control),"SELECT q, k1, x FROM extra ORDER BY q LIMIT 100",1.61,8.96,0.180,17.3,13.0,5,5,yes,0.000e0,1,TAKEN SortPreservingMergeExec (input rows 10000000 (exact) vs min_rows 0; projection kept above it),LEFT SortPreservingMergeExec (top-k (sort with fetch 100) disabled in config) | LEFT SortExec (top-k (sort with fetch 100) disabled in config),0,1,1.48,0.00,3.07,3.95,0.01,1221,100,2.67,3.12,100,60,11,10.23,,,,,,,,,,,,,,,,2.51,2026-09-29 23:36:08,2026-09-29 23:36:26,2026-09-29 00:37:52,1,1.61,,,8.96,rounds,true,,,,
new,2,10000000,b8192,sort,top_f64,"top 100 by Float64, descending (control)","SELECT q, k1, x FROM extra ORDER BY x DESC LIMIT 100",1.94,7.68,0.253,21.0,12.3,5,5,yes,0.000e0,1,TAKEN SortPreservingMergeExec (input rows 10000000 (exact) vs min_rows 0; projection kept above it),LEFT SortPreservingMergeExec (top-k (sort with fetch 100) disabled in config) | LEFT SortExec (top-k (sort with fetch 100) disabled in config),0,1,1.44,0.00,3.17,2.59,0.01,1221,100,2.67,3.12,100,50,13,8.83,,,,,,,,,,,,,,,,2.08,2026-09-29 23:36:08,2026-09-29 23:36:26,2026-09-29 00:37:52,1,1.94,,,7.68,rounds,true,,,,
new,2,10000000,b8192,sort,srt_f32,sort 3 columns by a Float32 key,"SELECT q, k1, y FROM extra ORDER BY y",331.18,12.44,26.616,1027.5,10.7,5,5,yes,0.000e0,1,TAKEN SortPreservingMergeExec (input rows 10000000 (exact) vs min_rows 0; projection kept above it),TAKEN SortPreservingMergeExec (input rows 10000000 (exact) vs min_rows 250000; projection kept above it),0,1,1.34,0.00,2.57,7.59,0.01,1221,10000000,2.67,3.12,100,2,8,21.86,,,,,,,,,,,,,,,,333.05,2026-09-29 23:36:08,2026-09-29 23:36:26,2026-09-29 00:37:52,1,331.18,,,12.44,rounds,true,,,,
new,2,10000000,b8192,sort,top_f32,"top 100 by Float32, descending","SELECT q, k1, y FROM extra ORDER BY y DESC LIMIT 100",1.87,6.66,0.281,20.9,11.0,5,5,yes,0.000e0,1,TAKEN SortPreservingMergeExec (input rows 10000000 (exact) vs min_rows 0; projection kept above it),LEFT SortPreservingMergeExec (top-k (sort with fetch 100) disabled in config) | LEFT SortExec (top-k (sort with fetch 100) disabled in config),0,1,1.44,0.00,2.73,2.09,0.00,1221,100,2.67,3.12,100,52,15,8.88,,,,,,,,,,,,,,,,2.16,2026-09-29 23:36:08,2026-09-29 23:36:26,2026-09-29 00:37:52,1,1.87,,,6.66,rounds,true,,,,
new,2,10000000,part1,sort,srt_i64,sort 3 columns by an int64 key,"SELECT q, k1, x FROM extra ORDER BY q",310.20,14.01,22.145,1012.2,11.0,5,5,yes,0.000e0,1,TAKEN SortPreservingMergeExec (input rows 10000000 (exact) vs min_rows 0; projection kept above it),TAKEN SortPreservingMergeExec (input rows 10000000 (exact) vs min_rows 250000; projection kept above it),0,1,1.44,0.00,2.79,8.99,0.01,1232,10000000,2.95,2.66,100,2,6,31.70,,,,,,,,,,,,,,,,316.22,2026-09-29 23:36:30,2026-09-29 23:36:47,2026-09-29 00:37:52,1,310.20,,,14.01,rounds,true,,,,
new,2,10000000,part1,sort,srt_f64,sort 3 columns by a Float64 key,"SELECT q, k1, x FROM extra ORDER BY x",331.11,17.38,19.051,1085.9,10.8,5,5,yes,0.000e0,1,TAKEN SortPreservingMergeExec (input rows 10000000 (exact) vs min_rows 0; projection kept above it),TAKEN SortPreservingMergeExec (input rows 10000000 (exact) vs min_rows 250000; projection kept above it),0,1,1.40,0.00,2.79,12.44,0.00,1232,10000000,2.95,2.66,100,2,6,25.98,,,,,,,,,,,,,,,,331.97,2026-09-29 23:36:30,2026-09-29 23:36:47,2026-09-29 00:37:52,1,331.11,,,17.38,rounds,true,,,,
new,2,10000000,part1,sort,srt_str,sort 3 columns by a String key (1000 values),"SELECT name, q, k1 FROM extra ORDER BY name",372.51,17.12,21.764,1348.4,12.2,5,5,yes,0.000e0,1,TAKEN SortPreservingMergeExec (input rows 10000000 (exact) vs min_rows 0; projection kept above it),TAKEN SortPreservingMergeExec (input rows 10000000 (exact) vs min_rows 250000; projection kept above it),0,1,1.55,0.00,2.95,11.72,0.01,1232,10000000,2.95,2.66,100,2,6,28.35,,,,,,,,,,,,,,,,389.82,2026-09-29 23:36:30,2026-09-29 23:36:47,2026-09-29 00:37:52,1,372.51,,,17.12,rounds,true,,,,
new,2,10000000,part1,sort,top_i64,top 100 by an int64 key (control),"SELECT q, k1, x FROM extra ORDER BY q LIMIT 100",1.49,8.74,0.170,16.4,12.2,5,5,yes,0.000e0,1,TAKEN SortPreservingMergeExec (input rows 10000000 (exact) vs min_rows 0; projection kept above it),LEFT SortPreservingMergeExec (top-k (sort with fetch 100) disabled in config) | LEFT SortExec (top-k (sort with fetch 100) disabled in config),0,1,1.48,0.00,2.82,4.14,0.00,1232,100,2.95,2.66,100,65,12,8.46,,,,,,,,,,,,,,,,2.14,2026-09-29 23:36:30,2026-09-29 23:36:47,2026-09-29 00:37:52,1,1.49,,,8.74,rounds,true,,,,
new,2,10000000,part1,sort,top_f64,"top 100 by Float64, descending (control)","SELECT q, k1, x FROM extra ORDER BY x DESC LIMIT 100",1.79,6.92,0.259,20.2,10.1,5,5,yes,0.000e0,1,TAKEN SortPreservingMergeExec (input rows 10000000 (exact) vs min_rows 0; projection kept above it),LEFT SortPreservingMergeExec (top-k (sort with fetch 100) disabled in config) | LEFT SortExec (top-k (sort with fetch 100) disabled in config),0,1,1.37,0.00,2.80,2.49,0.00,1232,100,2.95,2.66,100,52,13,6.79,,,,,,,,,,,,,,,,1.90,2026-09-29 23:36:30,2026-09-29 23:36:47,2026-09-29 00:37:52,1,1.79,,,6.92,rounds,true,,,,
new,2,10000000,part1,sort,srt_f32,sort 3 columns by a Float32 key,"SELECT q, k1, y FROM extra ORDER BY y",328.33,12.07,27.201,1056.5,10.6,5,5,yes,0.000e0,1,TAKEN SortPreservingMergeExec (input rows 10000000 (exact) vs min_rows 0; projection kept above it),TAKEN SortPreservingMergeExec (input rows 10000000 (exact) vs min_rows 250000; projection kept above it),0,1,1.52,0.00,2.54,7.03,0.01,1232,10000000,2.95,2.66,100,2,8,21.76,,,,,,,,,,,,,,,,329.64,2026-09-29 23:36:30,2026-09-29 23:36:47,2026-09-29 00:37:52,1,328.33,,,12.07,rounds,true,,,,
new,2,10000000,part1,sort,top_f32,"top 100 by Float32, descending","SELECT q, k1, y FROM extra ORDER BY y DESC LIMIT 100",1.77,5.99,0.295,20.7,10.0,5,5,yes,0.000e0,1,TAKEN SortPreservingMergeExec (input rows 10000000 (exact) vs min_rows 0; projection kept above it),LEFT SortPreservingMergeExec (top-k (sort with fetch 100) disabled in config) | LEFT SortExec (top-k (sort with fetch 100) disabled in config),0,1,1.40,0.00,2.35,1.97,0.00,1232,100,2.95,2.66,100,56,16,6.16,,,,,,,,,,,,,,,,1.86,2026-09-29 23:36:30,2026-09-29 23:36:47,2026-09-29 00:37:52,1,1.77,,,5.99,rounds,true,,,,
new,1,50000000,b8192,sort,srt_i64,sort 3 columns by an int64 key,"SELECT q, k1, x FROM extra ORDER BY q",1570.52,71.82,21.867,6156.7,64.5,5,5,yes,0.000e0,1,TAKEN SortPreservingMergeExec (input rows 50000000 (exact) vs min_rows 0; projection kept above it),TAKEN SortPreservingMergeExec (input rows 50000000 (exact) vs min_rows 250000; projection kept above it),0,1,7.37,0.00,12.15,47.92,0.02,6104,50000000,3.20,3.15,100,2,2,177.77,,,,,,,,,,,,,,,,1624.51,2026-09-29 23:32:22,2026-09-29 23:33:56,2026-09-29 00:37:52,1,1570.52,,,71.82,rounds,true,,,,
new,1,50000000,b8192,sort,srt_f64,sort 3 columns by a Float64 key,"SELECT q, k1, x FROM extra ORDER BY x",1660.41,89.63,18.525,6506.8,65.8,5,5,yes,0.000e0,1,TAKEN SortPreservingMergeExec (input rows 50000000 (exact) vs min_rows 0; projection kept above it),TAKEN SortPreservingMergeExec (input rows 50000000 (exact) vs min_rows 250000; projection kept above it),0,1,7.49,0.00,12.31,65.93,0.01,6104,50000000,3.20,3.15,100,2,2,133.45,,,,,,,,,,,,,,,,1659.23,2026-09-29 23:32:22,2026-09-29 23:33:56,2026-09-29 00:37:52,1,1660.41,,,89.63,rounds,true,,,,
new,1,50000000,b8192,sort,srt_str,sort 3 columns by a String key (1000 values),"SELECT name, q, k1 FROM extra ORDER BY name",1891.47,89.97,21.024,8324.6,68.9,5,5,yes,0.000e0,1,TAKEN SortPreservingMergeExec (input rows 50000000 (exact) vs min_rows 0; projection kept above it),TAKEN SortPreservingMergeExec (input rows 50000000 (exact) vs min_rows 250000; projection kept above it),0,1,8.24,0.00,12.32,65.29,0.01,6104,50000000,3.20,3.15,100,2,2,137.59,,,,,,,,,,,,,,,,1864.25,2026-09-29 23:32:22,2026-09-29 23:33:56,2026-09-29 00:37:52,1,1891.47,,,89.97,rounds,true,,,,
new,1,50000000,b8192,sort,top_i64,top 100 by an int64 key (control),"SELECT q, k1, x FROM extra ORDER BY q LIMIT 100",4.80,31.61,0.152,56.8,69.0,5,5,yes,0.000e0,1,TAKEN SortPreservingMergeExec (input rows 50000000 (exact) vs min_rows 0; projection kept above it),LEFT SortPreservingMergeExec (top-k (sort with fetch 100) disabled in config) | LEFT SortExec (top-k (sort with fetch 100) disabled in config),0,1,7.80,0.00,12.10,10.23,0.01,6104,100,3.20,3.15,100,21,4,31.98,,,,,,,,,,,,,,,,5.71,2026-09-29 23:32:22,2026-09-29 23:33:56,2026-09-29 00:37:52,1,4.80,,,31.61,rounds,true,,,,
new,1,50000000,b8192,sort,top_f64,"top 100 by Float64, descending (control)","SELECT q, k1, x FROM extra ORDER BY x DESC LIMIT 100",6.33,29.60,0.214,72.9,66.0,5,5,yes,0.000e0,1,TAKEN SortPreservingMergeExec (input rows 50000000 (exact) vs min_rows 0; projection kept above it),LEFT SortPreservingMergeExec (top-k (sort with fetch 100) disabled in config) | LEFT SortExec (top-k (sort with fetch 100) disabled in config),0,1,7.68,0.00,12.23,8.30,0.01,6104,100,3.20,3.15,100,17,5,30.59,,,,,,,,,,,,,,,,6.69,2026-09-29 23:32:22,2026-09-29 23:33:56,2026-09-29 00:37:52,1,6.33,,,29.60,rounds,true,,,,
new,1,50000000,b8192,sort,srt_f32,sort 3 columns by a Float32 key,"SELECT q, k1, y FROM extra ORDER BY y",1620.41,63.73,25.426,6192.0,56.2,5,5,yes,0.000e0,1,TAKEN SortPreservingMergeExec (input rows 50000000 (exact) vs min_rows 0; projection kept above it),TAKEN SortPreservingMergeExec (input rows 50000000 (exact) vs min_rows 250000; projection kept above it),0,1,7.06,0.00,11.90,40.87,0.01,6104,50000000,3.20,3.15,100,2,2,104.28,,,,,,,,,,,,,,,,1658.14,2026-09-29 23:32:22,2026-09-29 23:33:56,2026-09-29 00:37:52,1,1620.41,,,63.73,rounds,true,,,,
new,1,50000000,b8192,sort,top_f32,"top 100 by Float32, descending","SELECT q, k1, y FROM extra ORDER BY y DESC LIMIT 100",6.10,27.20,0.224,72.6,57.1,5,5,yes,0.000e0,1,TAKEN SortPreservingMergeExec (input rows 50000000 (exact) vs min_rows 0; projection kept above it),LEFT SortPreservingMergeExec (top-k (sort with fetch 100) disabled in config) | LEFT SortExec (top-k (sort with fetch 100) disabled in config),0,1,7.42,0.00,11.96,6.39,0.01,6104,100,3.20,3.15,100,17,5,25.67,,,,,,,,,,,,,,,,6.61,2026-09-29 23:32:22,2026-09-29 23:33:56,2026-09-29 00:37:52,1,6.10,,,27.20,rounds,true,,,,
new,1,50000000,part1,sort,srt_i64,sort 3 columns by an int64 key,"SELECT q, k1, x FROM extra ORDER BY q",1557.34,67.92,22.928,6120.5,52.9,5,5,yes,0.000e0,1,TAKEN SortPreservingMergeExec (input rows 50000000 (exact) vs min_rows 0; projection kept above it),TAKEN SortPreservingMergeExec (input rows 50000000 (exact) vs min_rows 250000; projection kept above it),0,1,6.75,0.00,9.99,48.09,0.01,6112,50000000,2.98,4.09,100,2,2,117.69,,,,,,,,,,,,,,,,1574.38,2026-09-29 23:34:01,2026-09-29 23:35:34,2026-09-29 00:37:52,1,1557.34,,,67.92,rounds,true,,,,
new,1,50000000,part1,sort,srt_f64,sort 3 columns by a Float64 key,"SELECT q, k1, x FROM extra ORDER BY x",1640.03,85.86,19.101,6577.3,50.7,5,5,yes,0.000e0,1,TAKEN SortPreservingMergeExec (input rows 50000000 (exact) vs min_rows 0; projection kept above it),TAKEN SortPreservingMergeExec (input rows 50000000 (exact) vs min_rows 250000; projection kept above it),0,1,6.56,0.00,9.99,66.14,0.01,6112,50000000,2.98,4.09,100,2,2,129.72,,,,,,,,,,,,,,,,1634.09,2026-09-29 23:34:01,2026-09-29 23:35:34,2026-09-29 00:37:52,1,1640.03,,,85.86,rounds,true,,,,
new,1,50000000,part1,sort,srt_str,sort 3 columns by a String key (1000 values),"SELECT name, q, k1 FROM extra ORDER BY name",1865.38,87.11,21.414,8325.0,54.0,5,5,yes,0.000e0,1,TAKEN SortPreservingMergeExec (input rows 50000000 (exact) vs min_rows 0; projection kept above it),TAKEN SortPreservingMergeExec (input rows 50000000 (exact) vs min_rows 250000; projection kept above it),0,1,8.17,0.00,10.01,65.56,0.01,6112,50000000,2.98,4.09,100,2,2,140.54,,,,,,,,,,,,,,,,1876.55,2026-09-29 23:34:01,2026-09-29 23:35:34,2026-09-29 00:37:52,1,1865.38,,,87.11,rounds,true,,,,
new,1,50000000,part1,sort,top_i64,top 100 by an int64 key (control),"SELECT q, k1, x FROM extra ORDER BY q LIMIT 100",4.28,27.41,0.156,55.8,51.3,5,5,yes,0.000e0,1,TAKEN SortPreservingMergeExec (input rows 50000000 (exact) vs min_rows 0; projection kept above it),LEFT SortPreservingMergeExec (top-k (sort with fetch 100) disabled in config) | LEFT SortExec (top-k (sort with fetch 100) disabled in config),0,1,6.81,0.00,9.96,10.02,0.00,6112,100,2.98,4.09,100,24,5,28.07,,,,,,,,,,,,,,,,4.34,2026-09-29 23:34:01,2026-09-29 23:35:34,2026-09-29 00:37:52,1,4.28,,,27.41,rounds,true,,,,
new,1,50000000,part1,sort,top_f64,"top 100 by Float64, descending (control)","SELECT q, k1, x FROM extra ORDER BY x DESC LIMIT 100",5.62,23.75,0.237,70.7,49.1,5,5,yes,0.000e0,1,TAKEN SortPreservingMergeExec (input rows 50000000 (exact) vs min_rows 0; projection kept above it),LEFT SortPreservingMergeExec (top-k (sort with fetch 100) disabled in config) | LEFT SortExec (top-k (sort with fetch 100) disabled in config),0,1,6.66,0.00,10.03,6.51,0.00,6112,100,2.98,4.09,100,19,5,25.58,,,,,,,,,,,,,,,,5.64,2026-09-29 23:34:01,2026-09-29 23:35:34,2026-09-29 00:37:52,1,5.62,,,23.75,rounds,true,,,,
new,1,50000000,part1,sort,srt_f32,sort 3 columns by a Float32 key,"SELECT q, k1, y FROM extra ORDER BY y",1611.29,60.03,26.841,6295.0,46.1,5,5,yes,0.000e0,1,TAKEN SortPreservingMergeExec (input rows 50000000 (exact) vs min_rows 0; projection kept above it),TAKEN SortPreservingMergeExec (input rows 50000000 (exact) vs min_rows 250000; projection kept above it),0,1,6.98,0.00,9.02,41.04,0.01,6112,50000000,2.98,4.09,100,2,2,98.70,,,,,,,,,,,,,,,,1626.16,2026-09-29 23:34:01,2026-09-29 23:35:34,2026-09-29 00:37:52,1,1611.29,,,60.03,rounds,true,,,,
new,1,50000000,part1,sort,top_f32,"top 100 by Float32, descending","SELECT q, k1, y FROM extra ORDER BY y DESC LIMIT 100",5.56,20.58,0.270,71.0,44.3,5,5,yes,0.000e0,1,TAKEN SortPreservingMergeExec (input rows 50000000 (exact) vs min_rows 0; projection kept above it),LEFT SortPreservingMergeExec (top-k (sort with fetch 100) disabled in config) | LEFT SortExec (top-k (sort with fetch 100) disabled in config),0,1,7.14,0.00,9.04,3.79,0.01,6112,100,2.98,4.09,100,20,6,20.18,,,,,,,,,,,,,,,,5.71,2026-09-29 23:34:01,2026-09-29 23:35:34,2026-09-29 00:37:52,1,5.56,,,20.58,rounds,true,,,,
new,2,50000000,b8192,sort,srt_i64,sort 3 columns by an int64 key,"SELECT q, k1, x FROM extra ORDER BY q",1561.90,71.38,21.881,6009.3,67.7,5,5,yes,0.000e0,1,TAKEN SortPreservingMergeExec (input rows 50000000 (exact) vs min_rows 0; projection kept above it),TAKEN SortPreservingMergeExec (input rows 50000000 (exact) vs min_rows 250000; projection kept above it),0,1,7.57,0.00,12.05,47.98,0.01,6104,50000000,2.42,2.56,100,2,2,177.57,,,,,,,,,,,,,,,,1614.63,2026-09-29 23:37:37,2026-09-29 23:39:11,2026-09-29 00:37:52,1,1561.90,,,71.38,rounds,true,,,,
new,2,50000000,b8192,sort,srt_f64,sort 3 columns by a Float64 key,"SELECT q, k1, x FROM extra ORDER BY x",1657.43,89.02,18.619,6416.6,62.6,5,5,yes,0.000e0,1,TAKEN SortPreservingMergeExec (input rows 50000000 (exact) vs min_rows 0; projection kept above it),TAKEN SortPreservingMergeExec (input rows 50000000 (exact) vs min_rows 250000; projection kept above it),0,1,7.04,0.00,12.27,66.08,0.01,6104,50000000,2.42,2.56,100,2,2,134.64,,,,,,,,,,,,,,,,1663.43,2026-09-29 23:37:37,2026-09-29 23:39:11,2026-09-29 00:37:52,1,1657.43,,,89.02,rounds,true,,,,
new,2,50000000,b8192,sort,srt_str,sort 3 columns by a String key (1000 values),"SELECT name, q, k1 FROM extra ORDER BY name",1911.85,90.79,21.058,8409.6,70.2,5,5,yes,0.000e0,1,TAKEN SortPreservingMergeExec (input rows 50000000 (exact) vs min_rows 0; projection kept above it),TAKEN SortPreservingMergeExec (input rows 50000000 (exact) vs min_rows 250000; projection kept above it),0,1,8.02,0.00,12.70,65.90,0.02,6104,50000000,2.42,2.56,100,2,2,132.02,,,,,,,,,,,,,,,,1923.77,2026-09-29 23:37:37,2026-09-29 23:39:11,2026-09-29 00:37:52,1,1911.85,,,90.79,rounds,true,,,,
new,2,50000000,b8192,sort,top_i64,top 100 by an int64 key (control),"SELECT q, k1, x FROM extra ORDER BY q LIMIT 100",5.13,30.42,0.169,59.8,63.8,5,5,yes,0.000e0,1,TAKEN SortPreservingMergeExec (input rows 50000000 (exact) vs min_rows 0; projection kept above it),LEFT SortPreservingMergeExec (top-k (sort with fetch 100) disabled in config) | LEFT SortExec (top-k (sort with fetch 100) disabled in config),0,1,7.30,0.00,11.88,9.90,0.01,6104,100,2.42,2.56,100,21,5,32.39,,,,,,,,,,,,,,,,5.83,2026-09-29 23:37:37,2026-09-29 23:39:11,2026-09-29 00:37:52,1,5.13,,,30.42,rounds,true,,,,
new,2,50000000,b8192,sort,top_f64,"top 100 by Float64, descending (control)","SELECT q, k1, x FROM extra ORDER BY x DESC LIMIT 100",6.01,28.23,0.213,75.0,64.2,5,5,yes,0.000e0,1,TAKEN SortPreservingMergeExec (input rows 50000000 (exact) vs min_rows 0; projection kept above it),LEFT SortPreservingMergeExec (top-k (sort with fetch 100) disabled in config) | LEFT SortExec (top-k (sort with fetch 100) disabled in config),0,1,7.46,0.00,12.20,7.14,0.01,6104,100,2.42,2.56,100,17,5,28.27,,,,,,,,,,,,,,,,6.77,2026-09-29 23:37:37,2026-09-29 23:39:11,2026-09-29 00:37:52,1,6.01,,,28.23,rounds,true,,,,
new,2,50000000,b8192,sort,srt_f32,sort 3 columns by a Float32 key,"SELECT q, k1, y FROM extra ORDER BY y",1617.43,64.50,25.074,6196.2,61.5,5,5,yes,0.000e0,1,TAKEN SortPreservingMergeExec (input rows 50000000 (exact) vs min_rows 0; projection kept above it),TAKEN SortPreservingMergeExec (input rows 50000000 (exact) vs min_rows 250000; projection kept above it),0,1,7.76,0.00,11.97,41.02,0.01,6104,50000000,2.42,2.56,100,2,2,111.25,,,,,,,,,,,,,,,,1629.46,2026-09-29 23:37:37,2026-09-29 23:39:11,2026-09-29 00:37:52,1,1617.43,,,64.50,rounds,true,,,,
new,2,50000000,b8192,sort,top_f32,"top 100 by Float32, descending","SELECT q, k1, y FROM extra ORDER BY y DESC LIMIT 100",6.23,26.67,0.233,75.2,57.7,5,5,yes,0.000e0,1,TAKEN SortPreservingMergeExec (input rows 50000000 (exact) vs min_rows 0; projection kept above it),LEFT SortPreservingMergeExec (top-k (sort with fetch 100) disabled in config) | LEFT SortExec (top-k (sort with fetch 100) disabled in config),0,1,7.29,0.00,11.82,6.19,0.01,6104,100,2.42,2.56,100,17,5,25.34,,,,,,,,,,,,,,,,6.42,2026-09-29 23:37:37,2026-09-29 23:39:11,2026-09-29 00:37:52,1,6.23,,,26.67,rounds,true,,,,
new,2,50000000,part1,sort,srt_i64,sort 3 columns by an int64 key,"SELECT q, k1, x FROM extra ORDER BY q",1554.72,67.53,23.022,6140.7,51.4,5,5,yes,0.000e0,1,TAKEN SortPreservingMergeExec (input rows 50000000 (exact) vs min_rows 0; projection kept above it),TAKEN SortPreservingMergeExec (input rows 50000000 (exact) vs min_rows 250000; projection kept above it),0,1,6.67,0.00,9.82,47.98,0.01,6112,50000000,2.44,2.34,100,2,2,114.95,,,,,,,,,,,,,,,,1583.86,2026-09-29 23:39:16,2026-09-29 23:40:49,2026-09-29 00:37:52,1,1554.72,,,67.53,rounds,true,,,,
new,2,50000000,part1,sort,srt_f64,sort 3 columns by a Float64 key,"SELECT q, k1, x FROM extra ORDER BY x",1650.76,85.70,19.263,6594.5,50.7,5,5,yes,0.000e0,1,TAKEN SortPreservingMergeExec (input rows 50000000 (exact) vs min_rows 0; projection kept above it),TAKEN SortPreservingMergeExec (input rows 50000000 (exact) vs min_rows 250000; projection kept above it),0,1,6.71,0.00,10.12,65.74,0.01,6112,50000000,2.44,2.34,100,2,2,131.91,,,,,,,,,,,,,,,,1647.65,2026-09-29 23:39:16,2026-09-29 23:40:49,2026-09-29 00:37:52,1,1650.76,,,85.70,rounds,true,,,,
new,2,50000000,part1,sort,srt_str,sort 3 columns by a String key (1000 values),"SELECT name, q, k1 FROM extra ORDER BY name",1881.98,86.74,21.697,8368.5,53.6,5,5,yes,0.000e0,1,TAKEN SortPreservingMergeExec (input rows 50000000 (exact) vs min_rows 0; projection kept above it),TAKEN SortPreservingMergeExec (input rows 50000000 (exact) vs min_rows 250000; projection kept above it),0,1,8.00,0.00,9.97,65.33,0.01,6112,50000000,2.44,2.34,100,2,2,136.16,,,,,,,,,,,,,,,,1908.63,2026-09-29 23:39:16,2026-09-29 23:40:49,2026-09-29 00:37:52,1,1881.98,,,86.74,rounds,true,,,,
new,2,50000000,part1,sort,top_i64,top 100 by an int64 key (control),"SELECT q, k1, x FROM extra ORDER BY q LIMIT 100",4.27,26.68,0.160,57.2,50.3,5,5,yes,0.000e0,1,TAKEN SortPreservingMergeExec (input rows 50000000 (exact) vs min_rows 0; projection kept above it),LEFT SortPreservingMergeExec (top-k (sort with fetch 100) disabled in config) | LEFT SortExec (top-k (sort with fetch 100) disabled in config),0,1,6.63,0.00,9.98,9.44,0.01,6112,100,2.44,2.34,100,23,5,27.18,,,,,,,,,,,,,,,,4.59,2026-09-29 23:39:16,2026-09-29 23:40:49,2026-09-29 00:37:52,1,4.27,,,26.68,rounds,true,,,,
new,2,50000000,part1,sort,top_f64,"top 100 by Float64, descending (control)","SELECT q, k1, x FROM extra ORDER BY x DESC LIMIT 100",5.32,25.00,0.213,72.7,49.8,5,5,yes,0.000e0,1,TAKEN SortPreservingMergeExec (input rows 50000000 (exact) vs min_rows 0; projection kept above it),LEFT SortPreservingMergeExec (top-k (sort with fetch 100) disabled in config) | LEFT SortExec (top-k (sort with fetch 100) disabled in config),0,1,6.79,0.00,9.95,7.65,0.01,6112,100,2.44,2.34,100,19,5,23.50,,,,,,,,,,,,,,,,5.66,2026-09-29 23:39:16,2026-09-29 23:40:49,2026-09-29 00:37:52,1,5.32,,,25.00,rounds,true,,,,
new,2,50000000,part1,sort,srt_f32,sort 3 columns by a Float32 key,"SELECT q, k1, y FROM extra ORDER BY y",1609.59,59.79,26.922,6345.9,44.6,5,5,yes,0.000e0,1,TAKEN SortPreservingMergeExec (input rows 50000000 (exact) vs min_rows 0; projection kept above it),TAKEN SortPreservingMergeExec (input rows 50000000 (exact) vs min_rows 250000; projection kept above it),0,1,6.65,0.00,9.08,40.98,0.01,6112,50000000,2.44,2.34,100,2,2,103.90,,,,,,,,,,,,,,,,1626.44,2026-09-29 23:39:16,2026-09-29 23:40:49,2026-09-29 00:37:52,1,1609.59,,,59.79,rounds,true,,,,
new,2,50000000,part1,sort,top_f32,"top 100 by Float32, descending","SELECT q, k1, y FROM extra ORDER BY y DESC LIMIT 100",5.37,21.88,0.245,73.3,42.6,5,5,yes,0.000e0,1,TAKEN SortPreservingMergeExec (input rows 50000000 (exact) vs min_rows 0; projection kept above it),LEFT SortPreservingMergeExec (top-k (sort with fetch 100) disabled in config) | LEFT SortExec (top-k (sort with fetch 100) disabled in config),0,1,6.70,0.00,9.18,5.31,0.01,6112,100,2.44,2.34,100,19,6,21.70,,,,,,,,,,,,,,,,7.03,2026-09-29 23:39:16,2026-09-29 23:40:49,2026-09-29 00:37:52,1,5.37,,,21.88,rounds,true,,,,
old,1,10000000,b8192,sort,srt_i64,sort 3 columns by an int64 key,"SELECT q, k1, x FROM extra ORDER BY q",310.79,13.48,23.047,980.1,24.0,5,5,yes,0.000e0,1,TAKEN SortPreservingMergeExec (input rows 10000000 (exact) vs min_rows 0; projection kept above it),TAKEN SortPreservingMergeExec (input rows 10000000 (exact) vs min_rows 250000; projection kept above it),0,1,1.23,0.00,2.10,9.24,0.01,1221,10000000,2.05,2.37,100,2,6,145.62,,,,,,,,,,,,,,,,321.34,2026-09-29 23:27:33,2026-09-29 23:27:51,2026-09-29 00:37:52,1,310.79,,,13.48,rounds,true,,,,
old,1,10000000,b8192,sort,srt_f64,sort 3 columns by a Float64 key,"SELECT q, k1, x FROM extra ORDER BY x",328.28,16.85,19.485,1044.7,25.2,5,5,yes,0.000e0,1,TAKEN SortPreservingMergeExec (input rows 10000000 (exact) vs min_rows 0; projection kept above it),TAKEN SortPreservingMergeExec (input rows 10000000 (exact) vs min_rows 250000; projection kept above it),0,1,1.32,0.00,2.19,12.47,0.01,1221,10000000,2.05,2.37,100,2,6,27.72,,,,,,,,,,,,,,,,331.04,2026-09-29 23:27:33,2026-09-29 23:27:51,2026-09-29 00:37:52,1,328.28,,,16.85,rounds,true,,,,
old,1,10000000,b8192,sort,srt_str,sort 3 columns by a String key (1000 values),"SELECT name, q, k1 FROM extra ORDER BY name",374.63,16.88,22.197,1348.2,23.5,5,5,yes,0.000e0,1,TAKEN SortPreservingMergeExec (input rows 10000000 (exact) vs min_rows 0; projection kept above it),TAKEN SortPreservingMergeExec (input rows 10000000 (exact) vs min_rows 250000; projection kept above it),0,1,1.59,0.00,2.41,11.76,0.01,1221,10000000,2.05,2.37,100,2,6,77.00,,,,,,,,,,,,,,,,388.56,2026-09-29 23:27:33,2026-09-29 23:27:51,2026-09-29 00:37:52,1,374.63,,,16.88,rounds,true,,,,
old,1,10000000,b8192,sort,top_i64,top 100 by an int64 key (control),"SELECT q, k1, x FROM extra ORDER BY q LIMIT 100",1.65,7.69,0.215,17.3,25.3,5,5,yes,0.000e0,1,TAKEN SortPreservingMergeExec (input rows 10000000 (exact) vs min_rows 0; projection kept above it),LEFT SortPreservingMergeExec (top-k (sort with fetch 100) disabled in config) | LEFT SortExec (top-k (sort with fetch 100) disabled in config),0,1,1.38,0.00,2.15,3.68,0.01,1221,100,2.05,2.37,100,60,13,45.01,,,,,,,,,,,,,,,,3.36,2026-09-29 23:27:33,2026-09-29 23:27:51,2026-09-29 00:37:52,1,1.65,,,7.69,rounds,true,,,,
old,1,10000000,b8192,sort,top_f64,"top 100 by Float64, descending (control)","SELECT q, k1, x FROM extra ORDER BY x DESC LIMIT 100",2.00,6.33,0.316,21.8,23.1,5,5,yes,0.000e0,1,TAKEN SortPreservingMergeExec (input rows 10000000 (exact) vs min_rows 0; projection kept above it),LEFT SortPreservingMergeExec (top-k (sort with fetch 100) disabled in config) | LEFT SortExec (top-k (sort with fetch 100) disabled in config),0,1,1.37,0.00,2.16,2.19,0.00,1221,100,2.05,2.37,100,50,17,27.55,,,,,,,,,,,,,,,,2.38,2026-09-29 23:27:33,2026-09-29 23:27:51,2026-09-29 00:37:52,1,2.00,,,6.33,rounds,true,,,,
old,1,10000000,b8192,sort,srt_f32,sort 3 columns by a Float32 key,"SELECT q, k1, y FROM extra ORDER BY y",329.79,11.73,28.126,1021.3,21.4,5,5,yes,0.000e0,1,TAKEN SortPreservingMergeExec (input rows 10000000 (exact) vs min_rows 0; projection kept above it),TAKEN SortPreservingMergeExec (input rows 10000000 (exact) vs min_rows 250000; projection kept above it),0,1,1.37,0.00,1.89,7.44,0.01,1221,10000000,2.05,2.37,100,2,8,53.48,,,,,,,,,,,,,,,,331.18,2026-09-29 23:27:33,2026-09-29 23:27:51,2026-09-29 00:37:52,1,329.79,,,11.73,rounds,true,,,,
old,1,10000000,b8192,sort,top_f32,"top 100 by Float32, descending","SELECT q, k1, y FROM extra ORDER BY y DESC LIMIT 100",2.04,5.67,0.359,20.8,18.7,5,5,yes,0.000e0,1,TAKEN SortPreservingMergeExec (input rows 10000000 (exact) vs min_rows 0; projection kept above it),LEFT SortPreservingMergeExec (top-k (sort with fetch 100) disabled in config) | LEFT SortExec (top-k (sort with fetch 100) disabled in config),0,1,1.32,0.00,1.79,2.19,0.00,1221,100,2.05,2.37,100,51,18,41.98,,,,,,,,,,,,,,,,2.17,2026-09-29 23:27:33,2026-09-29 23:27:51,2026-09-29 00:37:52,1,2.04,,,5.67,rounds,true,,,,
old,1,10000000,part1,sort,srt_i64,sort 3 columns by an int64 key,"SELECT q, k1, x FROM extra ORDER BY q",309.03,13.31,23.221,1011.7,23.7,5,5,yes,0.000e0,1,TAKEN SortPreservingMergeExec (input rows 10000000 (exact) vs min_rows 0; projection kept above it),TAKEN SortPreservingMergeExec (input rows 10000000 (exact) vs min_rows 250000; projection kept above it),0,1,1.42,0.00,2.19,8.91,0.01,1232,10000000,2.26,2.52,100,2,7,28.80,,,,,,,,,,,,,,,,311.49,2026-09-29 23:27:54,2026-09-29 23:28:11,2026-09-29 00:37:52,1,309.03,,,13.31,rounds,true,,,,
old,1,10000000,part1,sort,srt_f64,sort 3 columns by a Float64 key,"SELECT q, k1, x FROM extra ORDER BY x",328.29,16.70,19.664,1081.2,24.6,5,5,yes,0.000e0,1,TAKEN SortPreservingMergeExec (input rows 10000000 (exact) vs min_rows 0; projection kept above it),TAKEN SortPreservingMergeExec (input rows 10000000 (exact) vs min_rows 250000; projection kept above it),0,1,1.32,0.00,2.13,12.49,0.01,1232,10000000,2.26,2.52,100,2,6,25.94,,,,,,,,,,,,,,,,329.69,2026-09-29 23:27:54,2026-09-29 23:28:11,2026-09-29 00:37:52,1,328.29,,,16.70,rounds,true,,,,
old,1,10000000,part1,sort,srt_str,sort 3 columns by a String key (1000 values),"SELECT name, q, k1 FROM extra ORDER BY name",377.34,16.54,22.811,1362.2,22.3,5,5,yes,0.000e0,1,TAKEN SortPreservingMergeExec (input rows 10000000 (exact) vs min_rows 0; projection kept above it),TAKEN SortPreservingMergeExec (input rows 10000000 (exact) vs min_rows 250000; projection kept above it),0,1,1.51,0.00,2.30,11.85,0.02,1232,10000000,2.26,2.52,100,2,6,27.89,,,,,,,,,,,,,,,,379.47,2026-09-29 23:27:54,2026-09-29 23:28:11,2026-09-29 00:37:52,1,377.34,,,16.54,rounds,true,,,,
old,1,10000000,part1,sort,top_i64,top 100 by an int64 key (control),"SELECT q, k1, x FROM extra ORDER BY q LIMIT 100",1.45,7.46,0.194,16.3,24.1,5,5,yes,0.000e0,1,TAKEN SortPreservingMergeExec (input rows 10000000 (exact) vs min_rows 0; projection kept above it),LEFT SortPreservingMergeExec (top-k (sort with fetch 100) disabled in config) | LEFT SortExec (top-k (sort with fetch 100) disabled in config),0,1,1.38,0.00,2.14,3.61,0.01,1232,100,2.26,2.52,100,62,13,7.63,,,,,,,,,,,,,,,,2.22,2026-09-29 23:27:54,2026-09-29 23:28:11,2026-09-29 00:37:52,1,1.45,,,7.46,rounds,true,,,,
old,1,10000000,part1,sort,top_f64,"top 100 by Float64, descending (control)","SELECT q, k1, x FROM extra ORDER BY x DESC LIMIT 100",1.80,6.09,0.296,20.9,20.7,5,5,yes,0.000e0,1,TAKEN SortPreservingMergeExec (input rows 10000000 (exact) vs min_rows 0; projection kept above it),LEFT SortPreservingMergeExec (top-k (sort with fetch 100) disabled in config) | LEFT SortExec (top-k (sort with fetch 100) disabled in config),0,1,1.37,0.00,2.08,2.35,0.01,1232,100,2.26,2.52,100,55,16,6.97,,,,,,,,,,,,,,,,1.98,2026-09-29 23:27:54,2026-09-29 23:28:11,2026-09-29 00:37:52,1,1.80,,,6.09,rounds,true,,,,
old,1,10000000,part1,sort,srt_f32,sort 3 columns by a Float32 key,"SELECT q, k1, y FROM extra ORDER BY y",328.38,11.48,28.608,1051.2,19.9,5,5,yes,0.000e0,1,TAKEN SortPreservingMergeExec (input rows 10000000 (exact) vs min_rows 0; projection kept above it),TAKEN SortPreservingMergeExec (input rows 10000000 (exact) vs min_rows 250000; projection kept above it),0,1,1.33,0.00,1.88,7.57,0.01,1232,10000000,2.26,2.52,100,2,8,20.79,,,,,,,,,,,,,,,,327.79,2026-09-29 23:27:54,2026-09-29 23:28:11,2026-09-29 00:37:52,1,328.38,,,11.48,rounds,true,,,,
old,1,10000000,part1,sort,top_f32,"top 100 by Float32, descending","SELECT q, k1, y FROM extra ORDER BY y DESC LIMIT 100",1.76,5.59,0.314,20.4,19.4,5,5,yes,0.000e0,1,TAKEN SortPreservingMergeExec (input rows 10000000 (exact) vs min_rows 0; projection kept above it),LEFT SortPreservingMergeExec (top-k (sort with fetch 100) disabled in config) | LEFT SortExec (top-k (sort with fetch 100) disabled in config),0,1,1.37,0.00,1.81,2.15,0.00,1232,100,2.26,2.52,100,55,18,5.52,,,,,,,,,,,,,,,,2.47,2026-09-29 23:27:54,2026-09-29 23:28:11,2026-09-29 00:37:52,1,1.76,,,5.59,rounds,true,,,,
old,2,10000000,b8192,sort,srt_i64,sort 3 columns by an int64 key,"SELECT q, k1, x FROM extra ORDER BY q",313.40,13.14,23.844,989.1,24.1,5,5,yes,0.000e0,1,TAKEN SortPreservingMergeExec (input rows 10000000 (exact) vs min_rows 0; projection kept above it),TAKEN SortPreservingMergeExec (input rows 10000000 (exact) vs min_rows 250000; projection kept above it),0,1,1.33,0.00,2.23,8.62,0.01,1221,10000000,2.53,2.54,100,2,6,73.10,,,,,,,,,,,,,,,,321.65,2026-09-29 23:36:51,2026-09-29 23:37:08,2026-09-29 00:37:52,1,313.40,,,13.14,rounds,true,,,,
old,2,10000000,b8192,sort,srt_f64,sort 3 columns by a Float64 key,"SELECT q, k1, x FROM extra ORDER BY x",329.00,17.21,19.118,1044.5,23.6,5,5,yes,0.000e0,1,TAKEN SortPreservingMergeExec (input rows 10000000 (exact) vs min_rows 0; projection kept above it),TAKEN SortPreservingMergeExec (input rows 10000000 (exact) vs min_rows 250000; projection kept above it),0,1,1.35,0.00,2.22,12.62,0.01,1221,10000000,2.53,2.54,100,2,6,26.55,,,,,,,,,,,,,,,,330.94,2026-09-29 23:36:51,2026-09-29 23:37:08,2026-09-29 00:37:52,1,329.00,,,17.21,rounds,true,,,,
old,2,10000000,b8192,sort,srt_str,sort 3 columns by a String key (1000 values),"SELECT name, q, k1 FROM extra ORDER BY name",380.38,16.70,22.771,1333.5,24.5,5,5,yes,0.000e0,1,TAKEN SortPreservingMergeExec (input rows 10000000 (exact) vs min_rows 0; projection kept above it),TAKEN SortPreservingMergeExec (input rows 10000000 (exact) vs min_rows 250000; projection kept above it),0,1,1.59,0.00,2.38,11.62,0.02,1221,10000000,2.53,2.54,100,2,6,29.37,,,,,,,,,,,,,,,,387.46,2026-09-29 23:36:51,2026-09-29 23:37:08,2026-09-29 00:37:52,1,380.38,,,16.70,rounds,true,,,,
old,2,10000000,b8192,sort,top_i64,top 100 by an int64 key (control),"SELECT q, k1, x FROM extra ORDER BY q LIMIT 100",1.67,7.79,0.215,17.5,24.3,5,5,yes,0.000e0,1,TAKEN SortPreservingMergeExec (input rows 10000000 (exact) vs min_rows 0; projection kept above it),LEFT SortPreservingMergeExec (top-k (sort with fetch 100) disabled in config) | LEFT SortExec (top-k (sort with fetch 100) disabled in config),0,1,1.26,0.00,2.22,3.73,0.00,1221,100,2.53,2.54,100,59,13,9.55,,,,,,,,,,,,,,,,2.08,2026-09-29 23:36:51,2026-09-29 23:37:08,2026-09-29 00:37:52,1,1.67,,,7.79,rounds,true,,,,
old,2,10000000,b8192,sort,top_f64,"top 100 by Float64, descending (control)","SELECT q, k1, x FROM extra ORDER BY x DESC LIMIT 100",1.98,6.26,0.316,21.1,22.7,5,5,yes,0.000e0,1,TAKEN SortPreservingMergeExec (input rows 10000000 (exact) vs min_rows 0; projection kept above it),LEFT SortPreservingMergeExec (top-k (sort with fetch 100) disabled in config) | LEFT SortExec (top-k (sort with fetch 100) disabled in config),0,1,1.35,0.00,2.04,2.42,0.00,1221,100,2.53,2.54,100,50,15,7.59,,,,,,,,,,,,,,,,2.04,2026-09-29 23:36:51,2026-09-29 23:37:08,2026-09-29 00:37:52,1,1.98,,,6.26,rounds,true,,,,
old,2,10000000,b8192,sort,srt_f32,sort 3 columns by a Float32 key,"SELECT q, k1, y FROM extra ORDER BY y",328.84,11.83,27.788,1014.9,19.9,5,5,yes,0.000e0,1,TAKEN SortPreservingMergeExec (input rows 10000000 (exact) vs min_rows 0; projection kept above it),TAKEN SortPreservingMergeExec (input rows 10000000 (exact) vs min_rows 250000; projection kept above it),0,1,1.27,0.00,2.08,7.66,0.01,1221,10000000,2.53,2.54,100,2,8,21.73,,,,,,,,,,,,,,,,331.14,2026-09-29 23:36:51,2026-09-29 23:37:08,2026-09-29 00:37:52,1,328.84,,,11.83,rounds,true,,,,
old,2,10000000,b8192,sort,top_f32,"top 100 by Float32, descending","SELECT q, k1, y FROM extra ORDER BY y DESC LIMIT 100",1.99,5.71,0.349,20.4,17.7,5,5,yes,0.000e0,1,TAKEN SortPreservingMergeExec (input rows 10000000 (exact) vs min_rows 0; projection kept above it),LEFT SortPreservingMergeExec (top-k (sort with fetch 100) disabled in config) | LEFT SortExec (top-k (sort with fetch 100) disabled in config),0,1,1.20,0.00,1.89,2.22,0.00,1221,100,2.53,2.54,100,49,17,7.44,,,,,,,,,,,,,,,,2.62,2026-09-29 23:36:51,2026-09-29 23:37:08,2026-09-29 00:37:52,1,1.99,,,5.71,rounds,true,,,,
old,2,10000000,part1,sort,srt_i64,sort 3 columns by an int64 key,"SELECT q, k1, x FROM extra ORDER BY q",311.00,13.45,23.127,1014.1,24.7,5,5,yes,0.000e0,1,TAKEN SortPreservingMergeExec (input rows 10000000 (exact) vs min_rows 0; projection kept above it),TAKEN SortPreservingMergeExec (input rows 10000000 (exact) vs min_rows 250000; projection kept above it),0,1,1.35,0.00,2.14,9.11,0.01,1232,10000000,2.42,2.58,100,2,7,30.29,,,,,,,,,,,,,,,,311.26,2026-09-29 23:37:12,2026-09-29 23:37:29,2026-09-29 00:37:52,1,311.00,,,13.45,rounds,true,,,,
old,2,10000000,part1,sort,srt_f64,sort 3 columns by a Float64 key,"SELECT q, k1, x FROM extra ORDER BY x",326.38,17.12,19.065,1075.1,24.2,5,5,yes,0.000e0,1,TAKEN SortPreservingMergeExec (input rows 10000000 (exact) vs min_rows 0; projection kept above it),TAKEN SortPreservingMergeExec (input rows 10000000 (exact) vs min_rows 250000; projection kept above it),0,1,1.34,0.00,2.16,12.61,0.01,1232,10000000,2.42,2.58,100,2,6,26.21,,,,,,,,,,,,,,,,329.72,2026-09-29 23:37:12,2026-09-29 23:37:29,2026-09-29 00:37:52,1,326.38,,,17.12,rounds,true,,,,
old,2,10000000,part1,sort,srt_str,sort 3 columns by a String key (1000 values),"SELECT name, q, k1 FROM extra ORDER BY name",379.60,16.77,22.632,1408.9,22.6,5,5,yes,0.000e0,1,TAKEN SortPreservingMergeExec (input rows 10000000 (exact) vs min_rows 0; projection kept above it),TAKEN SortPreservingMergeExec (input rows 10000000 (exact) vs min_rows 250000; projection kept above it),0,1,1.55,0.00,2.33,11.92,0.01,1232,10000000,2.42,2.58,100,2,6,28.48,,,,,,,,,,,,,,,,382.21,2026-09-29 23:37:12,2026-09-29 23:37:29,2026-09-29 00:37:52,1,379.60,,,16.77,rounds,true,,,,
old,2,10000000,part1,sort,top_i64,top 100 by an int64 key (control),"SELECT q, k1, x FROM extra ORDER BY q LIMIT 100",1.51,7.67,0.197,16.8,26.1,5,5,yes,0.000e0,1,TAKEN SortPreservingMergeExec (input rows 10000000 (exact) vs min_rows 0; projection kept above it),LEFT SortPreservingMergeExec (top-k (sort with fetch 100) disabled in config) | LEFT SortExec (top-k (sort with fetch 100) disabled in config),0,1,1.43,0.00,2.15,3.81,0.00,1232,100,2.42,2.58,100,61,13,7.63,,,,,,,,,,,,,,,,1.59,2026-09-29 23:37:12,2026-09-29 23:37:29,2026-09-29 00:37:52,1,1.51,,,7.67,rounds,true,,,,
old,2,10000000,part1,sort,top_f64,"top 100 by Float64, descending (control)","SELECT q, k1, x FROM extra ORDER BY x DESC LIMIT 100",1.74,5.95,0.293,21.5,21.6,5,5,yes,0.000e0,1,TAKEN SortPreservingMergeExec (input rows 10000000 (exact) vs min_rows 0; projection kept above it),LEFT SortPreservingMergeExec (top-k (sort with fetch 100) disabled in config) | LEFT SortExec (top-k (sort with fetch 100) disabled in config),0,1,1.29,0.00,1.99,2.39,0.00,1232,100,2.42,2.58,100,52,16,6.52,,,,,,,,,,,,,,,,1.99,2026-09-29 23:37:12,2026-09-29 23:37:29,2026-09-29 00:37:52,1,1.74,,,5.95,rounds,true,,,,
old,2,10000000,part1,sort,srt_f32,sort 3 columns by a Float32 key,"SELECT q, k1, y FROM extra ORDER BY y",327.60,11.63,28.166,1048.9,21.5,5,5,yes,0.000e0,1,TAKEN SortPreservingMergeExec (input rows 10000000 (exact) vs min_rows 0; projection kept above it),TAKEN SortPreservingMergeExec (input rows 10000000 (exact) vs min_rows 250000; projection kept above it),0,1,1.47,0.00,1.84,7.50,0.01,1232,10000000,2.42,2.58,100,2,8,19.51,,,,,,,,,,,,,,,,330.17,2026-09-29 23:37:12,2026-09-29 23:37:29,2026-09-29 00:37:52,1,327.60,,,11.63,rounds,true,,,,
old,2,10000000,part1,sort,top_f32,"top 100 by Float32, descending","SELECT q, k1, y FROM extra ORDER BY y DESC LIMIT 100",1.93,5.26,0.366,19.9,19.0,5,5,yes,0.000e0,1,TAKEN SortPreservingMergeExec (input rows 10000000 (exact) vs min_rows 0; projection kept above it),LEFT SortPreservingMergeExec (top-k (sort with fetch 100) disabled in config) | LEFT SortExec (top-k (sort with fetch 100) disabled in config),0,1,1.35,0.00,1.80,1.84,0.00,1232,100,2.42,2.58,100,50,18,5.74,,,,,,,,,,,,,,,,1.93,2026-09-29 23:37:12,2026-09-29 23:37:29,2026-09-29 00:37:52,1,1.93,,,5.26,rounds,true,,,,
old,1,50000000,b8192,sort,srt_i64,sort 3 columns by an int64 key,"SELECT q, k1, x FROM extra ORDER BY q",1565.56,70.89,22.084,6058.9,118.4,5,5,yes,0.000e0,1,TAKEN SortPreservingMergeExec (input rows 50000000 (exact) vs min_rows 0; projection kept above it),TAKEN SortPreservingMergeExec (input rows 50000000 (exact) vs min_rows 250000; projection kept above it),0,1,8.27,0.00,10.51,48.23,0.01,6104,50000000,3.43,3.20,100,2,2,178.64,,,,,,,,,,,,,,,,1621.81,2026-09-29 23:29:06,2026-09-29 23:30:39,2026-09-29 00:37:52,1,1565.56,,,70.89,rounds,true,,,,
old,1,50000000,b8192,sort,srt_f64,sort 3 columns by a Float64 key,"SELECT q, k1, x FROM extra ORDER BY x",1657.16,88.76,18.671,6417.2,128.6,5,5,yes,0.000e0,1,TAKEN SortPreservingMergeExec (input rows 50000000 (exact) vs min_rows 0; projection kept above it),TAKEN SortPreservingMergeExec (input rows 50000000 (exact) vs min_rows 250000; projection kept above it),0,1,7.94,0.00,10.64,66.26,0.01,6104,50000000,3.43,3.20,100,2,2,129.27,,,,,,,,,,,,,,,,1656.91,2026-09-29 23:29:06,2026-09-29 23:30:39,2026-09-29 00:37:52,1,1657.16,,,88.76,rounds,true,,,,
old,1,50000000,b8192,sort,srt_str,sort 3 columns by a String key (1000 values),"SELECT name, q, k1 FROM extra ORDER BY name",1874.59,88.94,21.076,8317.3,127.3,5,5,yes,0.000e0,1,TAKEN SortPreservingMergeExec (input rows 50000000 (exact) vs min_rows 0; projection kept above it),TAKEN SortPreservingMergeExec (input rows 50000000 (exact) vs min_rows 250000; projection kept above it),0,1,8.78,0.00,10.64,65.56,0.01,6104,50000000,3.43,3.20,100,2,2,130.12,,,,,,,,,,,,,,,,1854.66,2026-09-29 23:29:06,2026-09-29 23:30:39,2026-09-29 00:37:52,1,1874.59,,,88.94,rounds,true,,,,
old,1,50000000,b8192,sort,top_i64,top 100 by an int64 key (control),"SELECT q, k1, x FROM extra ORDER BY q LIMIT 100",4.80,30.04,0.160,57.1,127.6,5,5,yes,0.000e0,1,TAKEN SortPreservingMergeExec (input rows 50000000 (exact) vs min_rows 0; projection kept above it),LEFT SortPreservingMergeExec (top-k (sort with fetch 100) disabled in config) | LEFT SortExec (top-k (sort with fetch 100) disabled in config),0,1,8.24,0.00,10.45,9.88,0.01,6104,100,3.43,3.20,100,21,4,64.21,,,,,,,,,,,,,,,,5.71,2026-09-29 23:29:06,2026-09-29 23:30:39,2026-09-29 00:37:52,1,4.80,,,30.04,rounds,true,,,,
old,1,50000000,b8192,sort,top_f64,"top 100 by Float64, descending (control)","SELECT q, k1, x FROM extra ORDER BY x DESC LIMIT 100",6.29,27.77,0.227,77.4,120.6,5,5,yes,0.000e0,1,TAKEN SortPreservingMergeExec (input rows 50000000 (exact) vs min_rows 0; projection kept above it),LEFT SortPreservingMergeExec (top-k (sort with fetch 100) disabled in config) | LEFT SortExec (top-k (sort with fetch 100) disabled in config),0,1,7.68,0.00,10.09,8.45,0.01,6104,100,3.43,3.20,100,16,5,30.73,,,,,,,,,,,,,,,,6.38,2026-09-29 23:29:06,2026-09-29 23:30:39,2026-09-29 00:37:52,1,6.29,,,27.77,rounds,true,,,,
old,1,50000000,b8192,sort,srt_f32,sort 3 columns by a Float32 key,"SELECT q, k1, y FROM extra ORDER BY y",1619.43,62.26,26.009,6206.5,109.4,5,5,yes,0.000e0,1,TAKEN SortPreservingMergeExec (input rows 50000000 (exact) vs min_rows 0; projection kept above it),TAKEN SortPreservingMergeExec (input rows 50000000 (exact) vs min_rows 250000; projection kept above it),0,1,7.58,0.00,9.91,40.91,0.01,6104,50000000,3.43,3.20,100,2,2,97.71,,,,,,,,,,,,,,,,1655.30,2026-09-29 23:29:06,2026-09-29 23:30:39,2026-09-29 00:37:52,1,1619.43,,,62.26,rounds,true,,,,
old,1,50000000,b8192,sort,top_f32,"top 100 by Float32, descending","SELECT q, k1, y FROM extra ORDER BY y DESC LIMIT 100",6.27,23.39,0.268,74.9,108.5,5,5,yes,0.000e0,1,TAKEN SortPreservingMergeExec (input rows 50000000 (exact) vs min_rows 0; projection kept above it),LEFT SortPreservingMergeExec (top-k (sort with fetch 100) disabled in config) | LEFT SortExec (top-k (sort with fetch 100) disabled in config),0,1,8.29,0.00,8.84,4.88,0.01,6104,100,3.43,3.20,100,17,5,24.04,,,,,,,,,,,,,,,,6.41,2026-09-29 23:29:06,2026-09-29 23:30:39,2026-09-29 00:37:52,1,6.27,,,23.39,rounds,true,,,,
old,1,50000000,part1,sort,srt_i64,sort 3 columns by an int64 key,"SELECT q, k1, x FROM extra ORDER BY q",1567.60,68.48,22.891,6122.5,118.2,5,5,yes,0.000e0,1,TAKEN SortPreservingMergeExec (input rows 50000000 (exact) vs min_rows 0; projection kept above it),TAKEN SortPreservingMergeExec (input rows 50000000 (exact) vs min_rows 250000; projection kept above it),0,1,7.11,0.00,10.21,48.14,0.01,6112,50000000,3.02,3.40,100,2,2,112.22,,,,,,,,,,,,,,,,1579.68,2026-09-29 23:30:44,2026-09-29 23:32:17,2026-09-29 00:37:52,1,1567.60,,,68.48,rounds,true,,,,
old,1,50000000,part1,sort,srt_f64,sort 3 columns by a Float64 key,"SELECT q, k1, x FROM extra ORDER BY x",1638.17,86.91,18.849,6518.7,117.8,5,5,yes,0.000e0,1,TAKEN SortPreservingMergeExec (input rows 50000000 (exact) vs min_rows 0; projection kept above it),TAKEN SortPreservingMergeExec (input rows 50000000 (exact) vs min_rows 250000; projection kept above it),0,1,7.21,0.00,10.28,66.23,0.01,6112,50000000,3.02,3.40,100,2,2,130.10,,,,,,,,,,,,,,,,1638.37,2026-09-29 23:30:44,2026-09-29 23:32:17,2026-09-29 00:37:52,1,1638.17,,,86.91,rounds,true,,,,
old,1,50000000,part1,sort,srt_str,sort 3 columns by a String key (1000 values),"SELECT name, q, k1 FROM extra ORDER BY name",1870.25,88.10,21.229,8321.9,111.0,5,5,yes,0.000e0,1,TAKEN SortPreservingMergeExec (input rows 50000000 (exact) vs min_rows 0; projection kept above it),TAKEN SortPreservingMergeExec (input rows 50000000 (exact) vs min_rows 250000; projection kept above it),0,1,8.79,0.00,10.23,65.68,0.02,6112,50000000,3.02,3.40,100,2,2,135.59,,,,,,,,,,,,,,,,1884.36,2026-09-29 23:30:44,2026-09-29 23:32:17,2026-09-29 00:37:52,1,1870.25,,,88.10,rounds,true,,,,
old,1,50000000,part1,sort,top_i64,top 100 by an int64 key (control),"SELECT q, k1, x FROM extra ORDER BY q LIMIT 100",4.15,28.16,0.147,54.6,113.3,5,5,yes,0.000e0,1,TAKEN SortPreservingMergeExec (input rows 50000000 (exact) vs min_rows 0; projection kept above it),LEFT SortPreservingMergeExec (top-k (sort with fetch 100) disabled in config) | LEFT SortExec (top-k (sort with fetch 100) disabled in config),0,1,7.11,0.00,9.94,10.40,0.01,6112,100,3.02,3.40,100,24,5,28.29,,,,,,,,,,,,,,,,4.83,2026-09-29 23:30:44,2026-09-29 23:32:17,2026-09-29 00:37:52,1,4.15,,,28.16,rounds,true,,,,
old,1,50000000,part1,sort,top_f64,"top 100 by Float64, descending (control)","SELECT q, k1, x FROM extra ORDER BY x DESC LIMIT 100",5.41,25.96,0.208,72.0,116.0,5,5,yes,0.000e0,1,TAKEN SortPreservingMergeExec (input rows 50000000 (exact) vs min_rows 0; projection kept above it),LEFT SortPreservingMergeExec (top-k (sort with fetch 100) disabled in config) | LEFT SortExec (top-k (sort with fetch 100) disabled in config),0,1,7.03,0.00,10.39,7.76,0.01,6112,100,3.02,3.40,100,19,5,24.66,,,,,,,,,,,,,,,,5.53,2026-09-29 23:30:44,2026-09-29 23:32:17,2026-09-29 00:37:52,1,5.41,,,25.96,rounds,true,,,,
old,1,50000000,part1,sort,srt_f32,sort 3 columns by a Float32 key,"SELECT q, k1, y FROM extra ORDER BY y",1616.65,60.55,26.700,6306.4,86.2,5,5,yes,0.000e0,1,TAKEN SortPreservingMergeExec (input rows 50000000 (exact) vs min_rows 0; projection kept above it),TAKEN SortPreservingMergeExec (input rows 50000000 (exact) vs min_rows 250000; projection kept above it),0,1,7.27,0.00,8.98,41.14,0.02,6112,50000000,3.02,3.40,100,2,2,103.01,,,,,,,,,,,,,,,,1654.06,2026-09-29 23:30:44,2026-09-29 23:32:17,2026-09-29 00:37:52,1,1616.65,,,60.55,rounds,true,,,,
old,1,50000000,part1,sort,top_f32,"top 100 by Float32, descending","SELECT q, k1, y FROM extra ORDER BY y DESC LIMIT 100",5.31,25.57,0.208,71.5,85.7,5,5,yes,0.000e0,1,TAKEN SortPreservingMergeExec (input rows 50000000 (exact) vs min_rows 0; projection kept above it),LEFT SortPreservingMergeExec (top-k (sort with fetch 100) disabled in config) | LEFT SortExec (top-k (sort with fetch 100) disabled in config),0,1,7.02,0.00,8.65,9.16,0.01,6112,100,3.02,3.40,100,19,6,20.92,,,,,,,,,,,,,,,,5.61,2026-09-29 23:30:44,2026-09-29 23:32:17,2026-09-29 00:37:52,1,5.31,,,25.57,rounds,true,,,,
old,2,50000000,b8192,sort,srt_i64,sort 3 columns by an int64 key,"SELECT q, k1, x FROM extra ORDER BY q",1558.17,69.60,22.387,6035.6,119.5,5,5,yes,0.000e0,1,TAKEN SortPreservingMergeExec (input rows 50000000 (exact) vs min_rows 0; projection kept above it),TAKEN SortPreservingMergeExec (input rows 50000000 (exact) vs min_rows 250000; projection kept above it),0,1,7.10,0.00,10.46,48.05,0.01,6104,50000000,2.23,3.61,100,2,2,175.72,,,,,,,,,,,,,,,,1612.34,2026-09-29 23:40:54,2026-09-29 23:42:28,2026-09-29 00:37:52,1,1558.17,,,69.60,rounds,true,,,,
old,2,50000000,b8192,sort,srt_f64,sort 3 columns by a Float64 key,"SELECT q, k1, x FROM extra ORDER BY x",1652.05,88.20,18.730,6400.7,124.9,5,5,yes,0.000e0,1,TAKEN SortPreservingMergeExec (input rows 50000000 (exact) vs min_rows 0; projection kept above it),TAKEN SortPreservingMergeExec (input rows 50000000 (exact) vs min_rows 250000; projection kept above it),0,1,6.98,0.00,10.70,66.32,0.01,6104,50000000,2.23,3.61,100,2,2,129.95,,,,,,,,,,,,,,,,1653.20,2026-09-29 23:40:54,2026-09-29 23:42:28,2026-09-29 00:37:52,1,1652.05,,,88.20,rounds,true,,,,
old,2,50000000,b8192,sort,srt_str,sort 3 columns by a String key (1000 values),"SELECT name, q, k1 FROM extra ORDER BY name",1909.41,88.87,21.486,8514.1,127.4,5,5,yes,0.000e0,1,TAKEN SortPreservingMergeExec (input rows 50000000 (exact) vs min_rows 0; projection kept above it),TAKEN SortPreservingMergeExec (input rows 50000000 (exact) vs min_rows 250000; projection kept above it),0,1,8.33,0.00,10.74,65.59,0.01,6104,50000000,2.23,3.61,100,2,2,132.86,,,,,,,,,,,,,,,,1911.32,2026-09-29 23:40:54,2026-09-29 23:42:28,2026-09-29 00:37:52,1,1909.41,,,88.87,rounds,true,,,,
old,2,50000000,b8192,sort,top_i64,top 100 by an int64 key (control),"SELECT q, k1, x FROM extra ORDER BY q LIMIT 100",5.01,30.56,0.164,58.8,128.5,5,5,yes,0.000e0,1,TAKEN SortPreservingMergeExec (input rows 50000000 (exact) vs min_rows 0; projection kept above it),LEFT SortPreservingMergeExec (top-k (sort with fetch 100) disabled in config) | LEFT SortExec (top-k (sort with fetch 100) disabled in config),0,1,8.26,0.00,10.23,10.54,0.01,6104,100,2.23,3.61,100,20,4,31.40,,,,,,,,,,,,,,,,5.35,2026-09-29 23:40:54,2026-09-29 23:42:28,2026-09-29 00:37:52,1,5.01,,,30.56,rounds,true,,,,
old,2,50000000,b8192,sort,top_f64,"top 100 by Float64, descending (control)","SELECT q, k1, x FROM extra ORDER BY x DESC LIMIT 100",6.35,27.47,0.231,76.6,127.7,5,5,yes,0.000e0,1,TAKEN SortPreservingMergeExec (input rows 50000000 (exact) vs min_rows 0; projection kept above it),LEFT SortPreservingMergeExec (top-k (sort with fetch 100) disabled in config) | LEFT SortExec (top-k (sort with fetch 100) disabled in config),0,1,7.63,0.00,10.45,7.74,0.01,6104,100,2.23,3.61,100,16,5,29.90,,,,,,,,,,,,,,,,6.62,2026-09-29 23:40:54,2026-09-29 23:42:28,2026-09-29 00:37:52,1,6.35,,,27.47,rounds,true,,,,
old,2,50000000,b8192,sort,srt_f32,sort 3 columns by a Float32 key,"SELECT q, k1, y FROM extra ORDER BY y",1618.46,61.57,26.285,6168.7,107.0,5,5,yes,0.000e0,1,TAKEN SortPreservingMergeExec (input rows 50000000 (exact) vs min_rows 0; projection kept above it),TAKEN SortPreservingMergeExec (input rows 50000000 (exact) vs min_rows 250000; projection kept above it),0,1,7.43,0.00,9.36,40.80,0.01,6104,50000000,2.23,3.61,100,2,2,96.62,,,,,,,,,,,,,,,,1646.85,2026-09-29 23:40:54,2026-09-29 23:42:28,2026-09-29 00:37:52,1,1618.46,,,61.57,rounds,true,,,,
old,2,50000000,b8192,sort,top_f32,"top 100 by Float32, descending","SELECT q, k1, y FROM extra ORDER BY y DESC LIMIT 100",6.22,22.67,0.274,72.1,102.3,5,5,yes,0.000e0,1,TAKEN SortPreservingMergeExec (input rows 50000000 (exact) vs min_rows 0; projection kept above it),LEFT SortPreservingMergeExec (top-k (sort with fetch 100) disabled in config) | LEFT SortExec (top-k (sort with fetch 100) disabled in config),0,1,7.72,0.00,9.32,4.35,0.01,6104,100,2.23,3.61,100,17,5,22.88,,,,,,,,,,,,,,,,6.50,2026-09-29 23:40:54,2026-09-29 23:42:28,2026-09-29 00:37:52,1,6.22,,,22.67,rounds,true,,,,
old,2,50000000,part1,sort,srt_i64,sort 3 columns by an int64 key,"SELECT q, k1, x FROM extra ORDER BY q",1554.82,68.31,22.762,6103.0,113.6,5,5,yes,0.000e0,1,TAKEN SortPreservingMergeExec (input rows 50000000 (exact) vs min_rows 0; projection kept above it),TAKEN SortPreservingMergeExec (input rows 50000000 (exact) vs min_rows 250000; projection kept above it),0,1,6.67,0.00,10.31,48.14,0.02,6112,50000000,3.48,3.75,100,2,2,114.79,,,,,,,,,,,,,,,,1571.71,2026-09-29 23:42:33,2026-09-29 23:44:05,2026-09-29 00:37:52,1,1554.82,,,68.31,rounds,true,,,,
old,2,50000000,part1,sort,srt_f64,sort 3 columns by a Float64 key,"SELECT q, k1, x FROM extra ORDER BY x",1639.84,86.18,19.029,6510.8,116.7,5,5,yes,0.000e0,1,TAKEN SortPreservingMergeExec (input rows 50000000 (exact) vs min_rows 0; projection kept above it),TAKEN SortPreservingMergeExec (input rows 50000000 (exact) vs min_rows 250000; projection kept above it),0,1,6.88,0.00,10.02,66.09,0.01,6112,50000000,3.48,3.75,100,2,2,125.51,,,,,,,,,,,,,,,,1637.65,2026-09-29 23:42:33,2026-09-29 23:44:05,2026-09-29 00:37:52,1,1639.84,,,86.18,rounds,true,,,,
old,2,50000000,part1,sort,srt_str,sort 3 columns by a String key (1000 values),"SELECT name, q, k1 FROM extra ORDER BY name",1880.71,86.67,21.700,8337.0,108.6,5,5,yes,0.000e0,1,TAKEN SortPreservingMergeExec (input rows 50000000 (exact) vs min_rows 0; projection kept above it),TAKEN SortPreservingMergeExec (input rows 50000000 (exact) vs min_rows 250000; projection kept above it),0,1,7.87,0.00,9.79,65.40,0.01,6112,50000000,3.48,3.75,100,2,2,133.70,,,,,,,,,,,,,,,,1896.25,2026-09-29 23:42:33,2026-09-29 23:44:05,2026-09-29 00:37:52,1,1880.71,,,86.67,rounds,true,,,,
old,2,50000000,part1,sort,top_i64,top 100 by an int64 key (control),"SELECT q, k1, x FROM extra ORDER BY q LIMIT 100",4.10,27.17,0.151,55.9,116.7,5,5,yes,0.000e0,1,TAKEN SortPreservingMergeExec (input rows 50000000 (exact) vs min_rows 0; projection kept above it),LEFT SortPreservingMergeExec (top-k (sort with fetch 100) disabled in config) | LEFT SortExec (top-k (sort with fetch 100) disabled in config),0,1,6.82,0.00,10.20,9.51,0.01,6112,100,3.48,3.75,100,24,5,27.70,,,,,,,,,,,,,,,,4.46,2026-09-29 23:42:33,2026-09-29 23:44:05,2026-09-29 00:37:52,1,4.10,,,27.17,rounds,true,,,,
old,2,50000000,part1,sort,top_f64,"top 100 by Float64, descending (control)","SELECT q, k1, x FROM extra ORDER BY x DESC LIMIT 100",5.41,25.49,0.212,72.4,118.2,5,5,yes,0.000e0,1,TAKEN SortPreservingMergeExec (input rows 50000000 (exact) vs min_rows 0; projection kept above it),LEFT SortPreservingMergeExec (top-k (sort with fetch 100) disabled in config) | LEFT SortExec (top-k (sort with fetch 100) disabled in config),0,1,6.91,0.00,10.28,7.66,0.01,6112,100,3.48,3.75,100,17,5,24.74,,,,,,,,,,,,,,,,5.89,2026-09-29 23:42:33,2026-09-29 23:44:05,2026-09-29 00:37:52,1,5.41,,,25.49,rounds,true,,,,
old,2,50000000,part1,sort,srt_f32,sort 3 columns by a Float32 key,"SELECT q, k1, y FROM extra ORDER BY y",1615.74,60.01,26.924,6286.8,95.0,5,5,yes,0.000e0,1,TAKEN SortPreservingMergeExec (input rows 50000000 (exact) vs min_rows 0; projection kept above it),TAKEN SortPreservingMergeExec (input rows 50000000 (exact) vs min_rows 250000; projection kept above it),0,1,6.93,0.00,8.95,40.94,0.01,6112,50000000,3.48,3.75,100,2,2,97.67,,,,,,,,,,,,,,,,1623.07,2026-09-29 23:42:33,2026-09-29 23:44:05,2026-09-29 00:37:52,1,1615.74,,,60.01,rounds,true,,,,
old,2,50000000,part1,sort,top_f32,"top 100 by Float32, descending","SELECT q, k1, y FROM extra ORDER BY y DESC LIMIT 100",5.33,21.60,0.247,69.2,99.4,5,5,yes,0.000e0,1,TAKEN SortPreservingMergeExec (input rows 50000000 (exact) vs min_rows 0; projection kept above it),LEFT SortPreservingMergeExec (top-k (sort with fetch 100) disabled in config) | LEFT SortExec (top-k (sort with fetch 100) disabled in config),0,1,6.86,0.00,9.04,4.97,0.01,6112,100,3.48,3.75,100,19,6,20.79,,,,,,,,,,,,,,,,5.88,2026-09-29 23:42:33,2026-09-29 23:44:05,2026-09-29 00:37:52,1,5.33,,,21.60,rounds,true,,,,
