size,layout,family,case,label,sql,off_ms,on_ms,ratio,off_cpu_ms,on_cpu_ms,iters_off,iters_on,equal,max_rel_dev,nodes_taken,rule_on,rule_default,runtime_fallbacks,metal_nodes,input_ms,concat_ms,import_ms,kernel_ms,export_ms,input_batches,out_rows,block_load_start,block_load_end,warm_ms,untimed_off,untimed_on,on_first_ms,back_ms,back_cpu_ms,back_first_ms,equal_back,def_ms,def_cpu_ms,def_first_ms,equal_def,def_taken,def_handed_back,def_groups_est,def_probe_ms,def_input_ms,def_kernel_ms,def_choice,off_first_ms,block_t0,block_t1,last_sleep,rounds,off_round_median_ms,def_round_median_ms,back_round_median_ms,on_round_median_ms,method,def_gpu,def_idle_ms,def_idle_max_ms,off_idle_ms,idle_gap_ms,off_idle_max_ms,def_idle_cpu_ms,off_idle_cpu_ms,idle_reps,idle_gap2_ms,def_idle2_ms,def_idle2_max_ms,off_idle2_ms,off_idle2_max_ms,def_idle2_cpu_ms,off_idle2_cpu_ms
10000000,b8192,gsweep,distinct_2i32_200,"distinct, 2 i32 key(s), 200 groups in the key domain","SELECT DISTINCT k1, k2 FROM grid",7.65,,,86.0,,30,,"yes",0.000e0,,,"LEFT AggregateExec (input rows 10000000 (exact) vs min_rows 250000; distinct over 2+ i32 keys (memory input): the measured table takes no group count at 10M rows (the first take is at 50M rows; results/datafusion_groupby_sweep_2026-09-29.csv)) | LEFT AggregateExec (Partial aggregate whose Final was not replaced)",,0,0.00,0.00,0.00,0.00,0.00,0,200,3.22,3.05,100,0,,,,,,,7.78,86.1,8.22,"yes",0,0,0,0.0000,0.00,0.00,"LEFT AggregateExec (input rows 10000000 (exact) vs min_rows 250000; distinct over 2+ i32 keys (memory input): the measured table takes no group count at 10M rows (the first take is at 50M rows; results/datafusion_groupby_sweep_2026-09-29.csv)) | LEFT AggregateExec (Partial aggregate whose Final was not replaced)",11.16,2026-09-29 19:51:25,2026-09-29 19:51:59,2026-09-29 00:37:52,30,8.19,8.24,,,alternate,false,10.64,11.63,10.14,500,10.64,88.2,87.0,3,5000,12.83,22.59,10.06,11.60,90.2,90.2
10000000,b8192,gsweep,distinct_2i32_10k,"distinct, 2 i32 key(s), 10k groups in the key domain","SELECT DISTINCT k1, k2 FROM grid",8.34,,,93.3,,30,,"yes",0.000e0,,,"LEFT AggregateExec (input rows 10000000 (exact) vs min_rows 250000; distinct over 2+ i32 keys (memory input): the measured table takes no group count at 10M rows (the first take is at 50M rows; results/datafusion_groupby_sweep_2026-09-29.csv)) | LEFT AggregateExec (Partial aggregate whose Final was not replaced)",,0,0.00,0.00,0.00,0.00,0.00,0,10000,2.35,1.63,100,0,,,,,,,8.33,93.9,8.90,"yes",0,0,0,0.0000,0.00,0.00,"LEFT AggregateExec (input rows 10000000 (exact) vs min_rows 250000; distinct over 2+ i32 keys (memory input): the measured table takes no group count at 10M rows (the first take is at 50M rows; results/datafusion_groupby_sweep_2026-09-29.csv)) | LEFT AggregateExec (Partial aggregate whose Final was not replaced)",9.30,2026-09-29 19:53:12,2026-09-29 19:53:46,2026-09-29 00:37:52,30,8.49,8.52,,,alternate,false,14.90,18.23,19.86,500,22.33,174.7,175.6,3,5000,20.77,21.80,14.84,19.47,186.7,179.7
10000000,b8192,gsweep,distinct_2i32_100k,"distinct, 2 i32 key(s), 100k groups in the key domain","SELECT DISTINCT k1, k2 FROM grid",12.41,,,158.1,,30,,"yes",0.000e0,,,"LEFT AggregateExec (input rows 10000000 (exact) vs min_rows 250000; distinct over 2+ i32 keys (memory input): the measured table takes no group count at 10M rows (the first take is at 50M rows; results/datafusion_groupby_sweep_2026-09-29.csv)) | LEFT AggregateExec (Partial aggregate whose Final was not replaced)",,0,0.00,0.00,0.00,0.00,0.00,0,100000,3.25,2.50,100,0,,,,,,,12.74,158.6,13.51,"yes",0,0,0,0.0000,0.00,0.00,"LEFT AggregateExec (input rows 10000000 (exact) vs min_rows 250000; distinct over 2+ i32 keys (memory input): the measured table takes no group count at 10M rows (the first take is at 50M rows; results/datafusion_groupby_sweep_2026-09-29.csv)) | LEFT AggregateExec (Partial aggregate whose Final was not replaced)",13.98,2026-09-29 19:57:29,2026-09-29 19:58:04,2026-09-29 00:37:52,30,13.50,13.41,,,alternate,false,28.01,28.10,21.94,500,27.53,290.2,281.8,3,5000,20.71,21.37,24.96,26.32,212.4,286.6
10000000,b8192,gsweep,distinct_2i32_1M,"distinct, 2 i32 key(s), 1M groups in the key domain","SELECT DISTINCT k1, k2 FROM grid",14.43,,,209.5,,30,,"yes",0.000e0,,,"LEFT AggregateExec (input rows 10000000 (exact) vs min_rows 250000; distinct over 2+ i32 keys (memory input): the measured table takes no group count at 10M rows (the first take is at 50M rows; results/datafusion_groupby_sweep_2026-09-29.csv)) | LEFT AggregateExec (Partial aggregate whose Final was not replaced)",,0,0.00,0.00,0.00,0.00,0.00,0,999943,2.10,1.54,100,0,,,,,,,14.33,210.8,16.11,"yes",0,0,0,0.0000,0.00,0.00,"LEFT AggregateExec (input rows 10000000 (exact) vs min_rows 250000; distinct over 2+ i32 keys (memory input): the measured table takes no group count at 10M rows (the first take is at 50M rows; results/datafusion_groupby_sweep_2026-09-29.csv)) | LEFT AggregateExec (Partial aggregate whose Final was not replaced)",15.69,2026-09-29 19:58:37,2026-09-29 19:59:11,2026-09-29 00:37:52,30,15.28,15.45,,,alternate,false,23.70,26.86,29.97,500,32.88,346.5,347.1,3,5000,31.70,33.93,23.50,32.83,362.7,331.9
10000000,b8192,gsweep,distinct_2i32_R2,"distinct, 2 i32 key(s), R2 groups in the key domain","SELECT DISTINCT k1, k2 FROM grid",21.88,,,325.5,,30,,"yes",0.000e0,,,"LEFT AggregateExec (input rows 10000000 (exact) vs min_rows 250000; distinct over 2+ i32 keys (memory input): the measured table takes no group count at 10M rows (the first take is at 50M rows; results/datafusion_groupby_sweep_2026-09-29.csv)) | LEFT AggregateExec (Partial aggregate whose Final was not replaced)",,0,0.00,0.00,0.00,0.00,0.00,0,4321209,1.50,1.65,100,0,,,,,,,22.10,328.6,24.38,"yes",0,0,0,0.0000,0.00,0.00,"LEFT AggregateExec (input rows 10000000 (exact) vs min_rows 250000; distinct over 2+ i32 keys (memory input): the measured table takes no group count at 10M rows (the first take is at 50M rows; results/datafusion_groupby_sweep_2026-09-29.csv)) | LEFT AggregateExec (Partial aggregate whose Final was not replaced)",23.32,2026-09-29 19:59:44,2026-09-29 20:00:20,2026-09-29 00:37:52,30,23.52,23.76,,,alternate,false,25.79,35.92,26.53,500,36.64,326.7,351.1,3,5000,24.58,38.92,24.75,29.23,331.3,327.9
10000000,b8192,distinct,u_small,"distinct (int32, int32), 10k groups","SELECT DISTINCT region, sub FROM fact",8.81,,,94.8,,30,,"yes",0.000e0,,,"LEFT AggregateExec (input rows 10000000 (exact) vs min_rows 250000; distinct over 2+ i32 keys (memory input): the measured table takes no group count at 10M rows (the first take is at 50M rows; results/datafusion_groupby_sweep_2026-09-29.csv)) | LEFT AggregateExec (Partial aggregate whose Final was not replaced)",,0,0.00,0.00,0.00,0.00,0.00,0,10000,2.98,3.56,100,0,,,,,,,8.44,94.5,10.67,"yes",0,0,0,0.0000,0.00,0.00,"LEFT AggregateExec (input rows 10000000 (exact) vs min_rows 250000; distinct over 2+ i32 keys (memory input): the measured table takes no group count at 10M rows (the first take is at 50M rows; results/datafusion_groupby_sweep_2026-09-29.csv)) | LEFT AggregateExec (Partial aggregate whose Final was not replaced)",10.44,2026-09-29 20:22:24,2026-09-29 20:22:58,2026-09-29 00:37:52,30,10.54,10.51,,,alternate,false,10.97,21.47,11.60,500,14.86,111.6,123.2,3,5000,10.81,12.65,13.24,18.30,94.0,156.1
10000000,part1,gsweep,distinct_2i32_200,"distinct, 2 i32 key(s), 200 groups in the key domain","SELECT DISTINCT k1, k2 FROM grid",10.78,,,93.9,,30,,"yes",0.000e0,,,"LEFT AggregateExec (input rows 10000000 (exact) vs min_rows 250000; distinct over 2+ i32 keys (memory input): the measured table takes no group count at 10M rows (the first take is at 50M rows; results/datafusion_groupby_sweep_2026-09-29.csv)) | LEFT AggregateExec (Partial aggregate whose Final was not replaced)",,0,0.00,0.00,0.00,0.00,0.00,0,200,2.31,1.94,100,0,,,,,,,9.25,98.4,9.80,"yes",0,0,0,0.0000,0.00,0.00,"LEFT AggregateExec (input rows 10000000 (exact) vs min_rows 250000; distinct over 2+ i32 keys (memory input): the measured table takes no group count at 10M rows (the first take is at 50M rows; results/datafusion_groupby_sweep_2026-09-29.csv)) | LEFT AggregateExec (Partial aggregate whose Final was not replaced)",9.28,2026-09-29 20:25:41,2026-09-29 20:26:15,2026-09-29 00:37:52,30,14.46,12.76,,,alternate,false,12.00,19.57,13.06,500,15.62,119.2,106.6,3,5000,14.86,20.67,12.66,16.55,162.7,137.8
10000000,part1,gsweep,distinct_2i32_10k,"distinct, 2 i32 key(s), 10k groups in the key domain","SELECT DISTINCT k1, k2 FROM grid",8.08,,,92.0,,30,,"yes",0.000e0,,,"LEFT AggregateExec (input rows 10000000 (exact) vs min_rows 250000; distinct over 2+ i32 keys (memory input): the measured table takes no group count at 10M rows (the first take is at 50M rows; results/datafusion_groupby_sweep_2026-09-29.csv)) | LEFT AggregateExec (Partial aggregate whose Final was not replaced)",,0,0.00,0.00,0.00,0.00,0.00,0,10000,3.22,8.83,100,0,,,,,,,8.09,92.0,8.34,"yes",0,0,0,0.0000,0.00,0.00,"LEFT AggregateExec (input rows 10000000 (exact) vs min_rows 250000; distinct over 2+ i32 keys (memory input): the measured table takes no group count at 10M rows (the first take is at 50M rows; results/datafusion_groupby_sweep_2026-09-29.csv)) | LEFT AggregateExec (Partial aggregate whose Final was not replaced)",8.91,2026-09-29 20:36:28,2026-09-29 20:37:02,2026-09-29 00:37:52,30,8.31,8.30,,,alternate,false,21.90,23.17,13.65,500,14.05,176.0,132.6,3,5000,11.52,12.63,11.98,18.18,100.7,134.1
10000000,part1,gsweep,distinct_2i32_100k,"distinct, 2 i32 key(s), 100k groups in the key domain","SELECT DISTINCT k1, k2 FROM grid",12.82,,,157.4,,30,,"yes",0.000e0,,,"LEFT AggregateExec (input rows 10000000 (exact) vs min_rows 250000; distinct over 2+ i32 keys (memory input): the measured table takes no group count at 10M rows (the first take is at 50M rows; results/datafusion_groupby_sweep_2026-09-29.csv)) | LEFT AggregateExec (Partial aggregate whose Final was not replaced)",,0,0.00,0.00,0.00,0.00,0.00,0,100000,3.13,2.61,100,0,,,,,,,12.59,156.6,13.80,"yes",0,0,0,0.0000,0.00,0.00,"LEFT AggregateExec (input rows 10000000 (exact) vs min_rows 250000; distinct over 2+ i32 keys (memory input): the measured table takes no group count at 10M rows (the first take is at 50M rows; results/datafusion_groupby_sweep_2026-09-29.csv)) | LEFT AggregateExec (Partial aggregate whose Final was not replaced)",14.66,2026-09-29 20:43:25,2026-09-29 20:44:00,2026-09-29 00:37:52,30,13.28,13.29,,,alternate,false,15.34,16.77,15.61,500,16.75,157.7,160.3,3,5000,21.94,26.66,17.38,27.92,189.6,252.3
10000000,part1,gsweep,distinct_2i32_1M,"distinct, 2 i32 key(s), 1M groups in the key domain","SELECT DISTINCT k1, k2 FROM grid",14.23,,,209.7,,30,,"yes",0.000e0,,,"LEFT AggregateExec (input rows 10000000 (exact) vs min_rows 250000; distinct over 2+ i32 keys (memory input): the measured table takes no group count at 10M rows (the first take is at 50M rows; results/datafusion_groupby_sweep_2026-09-29.csv)) | LEFT AggregateExec (Partial aggregate whose Final was not replaced)",,0,0.00,0.00,0.00,0.00,0.00,0,999943,2.82,2.87,100,0,,,,,,,13.94,209.2,15.07,"yes",0,0,0,0.0000,0.00,0.00,"LEFT AggregateExec (input rows 10000000 (exact) vs min_rows 250000; distinct over 2+ i32 keys (memory input): the measured table takes no group count at 10M rows (the first take is at 50M rows; results/datafusion_groupby_sweep_2026-09-29.csv)) | LEFT AggregateExec (Partial aggregate whose Final was not replaced)",14.32,2026-09-29 21:03:05,2026-09-29 21:03:39,2026-09-29 00:37:52,30,15.57,15.89,,,alternate,false,21.95,32.90,23.69,500,28.24,305.3,317.7,3,5000,21.31,26.95,24.05,32.05,285.6,340.0
10000000,part1,gsweep,distinct_2i32_R2,"distinct, 2 i32 key(s), R2 groups in the key domain","SELECT DISTINCT k1, k2 FROM grid",21.65,,,323.1,,30,,"yes",0.000e0,,,"LEFT AggregateExec (input rows 10000000 (exact) vs min_rows 250000; distinct over 2+ i32 keys (memory input): the measured table takes no group count at 10M rows (the first take is at 50M rows; results/datafusion_groupby_sweep_2026-09-29.csv)) | LEFT AggregateExec (Partial aggregate whose Final was not replaced)",,0,0.00,0.00,0.00,0.00,0.00,0,4321209,3.10,3.82,100,0,,,,,,,22.08,322.2,22.40,"yes",0,0,0,0.0000,0.00,0.00,"LEFT AggregateExec (input rows 10000000 (exact) vs min_rows 250000; distinct over 2+ i32 keys (memory input): the measured table takes no group count at 10M rows (the first take is at 50M rows; results/datafusion_groupby_sweep_2026-09-29.csv)) | LEFT AggregateExec (Partial aggregate whose Final was not replaced)",24.56,2026-09-29 21:19:53,2026-09-29 21:20:29,2026-09-29 00:37:52,30,24.15,23.35,,,alternate,false,32.72,38.99,34.03,500,43.23,451.3,474.4,3,5000,30.32,43.67,32.81,40.25,423.6,463.1
10000000,part1,distinct,u_small,"distinct (int32, int32), 10k groups","SELECT DISTINCT region, sub FROM fact",8.18,,,92.4,,30,,"yes",0.000e0,,,"LEFT AggregateExec (input rows 10000000 (exact) vs min_rows 250000; distinct over 2+ i32 keys (memory input): the measured table takes no group count at 10M rows (the first take is at 50M rows; results/datafusion_groupby_sweep_2026-09-29.csv)) | LEFT AggregateExec (Partial aggregate whose Final was not replaced)",,0,0.00,0.00,0.00,0.00,0.00,0,10000,3.28,2.36,100,0,,,,,,,8.18,92.8,8.45,"yes",0,0,0,0.0000,0.00,0.00,"LEFT AggregateExec (input rows 10000000 (exact) vs min_rows 250000; distinct over 2+ i32 keys (memory input): the measured table takes no group count at 10M rows (the first take is at 50M rows; results/datafusion_groupby_sweep_2026-09-29.csv)) | LEFT AggregateExec (Partial aggregate whose Final was not replaced)",8.31,2026-09-29 21:20:52,2026-09-29 21:21:26,2026-09-29 00:37:52,30,8.29,8.34,,,alternate,false,21.21,21.43,15.38,500,21.36,187.2,156.9,3,5000,10.65,22.80,14.28,21.97,121.3,168.8
50000000,b8192,gsweep,count_2i32_10k,"count, 2 i32 key(s), 10k groups in the key domain","SELECT k1, k2, count(*) AS n FROM grid GROUP BY k1, k2",36.19,,,476.0,,30,,"yes",0.000e0,,,"TAKEN AggregateExec (input rows 50000000 (exact) vs min_rows 250000; count over 2+ i32 keys (memory input): the measured table takes the 100k, 1M bucket(s) at 50M rows; MetalExec decides from a group-count estimate; output kept at one partition (only projections above it))",,0,0.00,0.00,0.00,0.00,0.00,0,10000,3.16,3.18,100,0,,,,,,,35.13,477.7,39.65,"yes",1,1,8812,0.0203,0.01,0.00,"TAKEN AggregateExec (input rows 50000000 (exact) vs min_rows 250000; count over 2+ i32 keys (memory input): the measured table takes the 100k, 1M bucket(s) at 50M rows; MetalExec decides from a group-count estimate; output kept at one partition (only projections above it)) | LEFT MetalExec Aggregate { keys (handed back to DataFusion: an estimated 8812 groups (5512 to 20605, Chao1 over a 512-row sample) at 50000000 rows: count at the 10k bucket is not taken at any measured size (needs 1.65x at two or more sizes; 1M: 0.84x, 2M: 0.93x, 5M: 1.40x, 10M: 1.80x, 50M: 2.10x); left to DataFusion (from the first 16384 rows of each partition))",43.75,2026-09-29 21:27:12,2026-09-29 21:28:25,2026-09-29 00:37:52,30,43.22,41.24,,,alternate,false,52.60,54.76,53.01,500,58.23,600.2,651.9,3,5000,48.68,50.81,48.22,58.57,622.2,506.6
50000000,b8192,gsweep,distinct_2i32_10k,"distinct, 2 i32 key(s), 10k groups in the key domain","SELECT DISTINCT k1, k2 FROM grid",31.79,,,433.8,,30,,"yes",0.000e0,,,"TAKEN AggregateExec (input rows 50000000 (exact) vs min_rows 250000; distinct over 2+ i32 keys (memory input): the measured table takes the 200, 100k, 1M bucket(s) at 50M rows; MetalExec decides from a group-count estimate; output kept at one partition (only projections above it))",,0,0.00,0.00,0.00,0.00,0.00,0,10000,3.16,3.18,100,0,,,,,,,31.91,435.0,33.62,"yes",1,1,8812,0.0210,0.01,0.00,"TAKEN AggregateExec (input rows 50000000 (exact) vs min_rows 250000; distinct over 2+ i32 keys (memory input): the measured table takes the 200, 100k, 1M bucket(s) at 50M rows; MetalExec decides from a group-count estimate; output kept at one partition (only projections above it)) | LEFT MetalExec Aggregate { keys (handed back to DataFusion: an estimated 8812 groups (5512 to 20605, Chao1 over a 512-row sample) at 50000000 rows: distinct at the 10k bucket is not taken at any measured size (needs 1.65x at two or more sizes; 1M: 0.88x, 2M: 0.98x, 5M: 1.40x, 10M: 1.80x, 50M: 2.10x); left to DataFusion (from the first 16384 rows of each partition))",38.43,2026-09-29 21:27:12,2026-09-29 21:28:25,2026-09-29 00:37:52,30,37.72,34.89,,,alternate,false,44.94,56.15,52.62,500,57.68,553.6,598.7,3,5000,53.08,57.53,44.89,46.04,664.7,566.9
50000000,b8192,distinct,u_small,"distinct (int32, int32), 10k groups","SELECT DISTINCT region, sub FROM fact",34.26,,,432.1,,30,,"yes",0.000e0,,,"TAKEN AggregateExec (input rows 50000000 (exact) vs min_rows 250000; distinct over 2+ i32 keys (memory input): the measured table takes the 200, 100k, 1M bucket(s) at 50M rows; MetalExec decides from a group-count estimate; output kept at one partition (only projections above it))",,0,0.00,0.00,0.00,0.00,0.00,0,10000,3.44,3.98,100,0,,,,,,,33.89,434.4,38.78,"yes",1,1,9526,0.0199,0.01,0.00,"TAKEN AggregateExec (input rows 50000000 (exact) vs min_rows 250000; distinct over 2+ i32 keys (memory input): the measured table takes the 200, 100k, 1M bucket(s) at 50M rows; MetalExec decides from a group-count estimate; output kept at one partition (only projections above it)) | LEFT MetalExec Aggregate { keys (handed back to DataFusion: an estimated 9526 groups (5850 to 23640, Chao1 over a 512-row sample) at 50000000 rows: distinct at the 10k bucket is not taken at any measured size (needs 1.65x at two or more sizes; 1M: 0.88x, 2M: 0.98x, 5M: 1.40x, 10M: 1.80x, 50M: 2.10x); left to DataFusion (from the first 16384 rows of each partition))",35.62,2026-09-29 21:33:53,2026-09-29 21:34:29,2026-09-29 00:37:52,30,40.76,39.53,,,alternate,false,42.29,49.35,36.42,500,54.40,443.3,452.7,3,5000,41.98,53.92,50.08,63.65,454.8,572.9
50000000,part1,gsweep,count_2i32_10k,"count, 2 i32 key(s), 10k groups in the key domain","SELECT k1, k2, count(*) AS n FROM grid GROUP BY k1, k2",33.35,,,472.1,,30,,"yes",0.000e0,,,"TAKEN AggregateExec (input rows 50000000 (exact) vs min_rows 250000; count over 2+ i32 keys (memory input): the measured table takes the 100k, 1M bucket(s) at 50M rows; MetalExec decides from a group-count estimate; output kept at one partition (only projections above it))",,0,0.00,0.00,0.00,0.00,0.00,0,10000,3.36,3.58,100,0,,,,,,,33.29,470.7,41.88,"yes",1,1,8290,0.0176,0.01,0.00,"TAKEN AggregateExec (input rows 50000000 (exact) vs min_rows 250000; count over 2+ i32 keys (memory input): the measured table takes the 100k, 1M bucket(s) at 50M rows; MetalExec decides from a group-count estimate; output kept at one partition (only projections above it)) | LEFT MetalExec Aggregate { keys (handed back to DataFusion: an estimated 8290 groups (5272 to 18434, Chao1 over a 512-row sample) at 50000000 rows: count at the 10k bucket is not taken at any measured size (needs 1.65x at two or more sizes; 1M: 0.84x, 2M: 0.93x, 5M: 1.40x, 10M: 1.80x, 50M: 2.10x); left to DataFusion (from the first 16384 rows of each partition))",39.97,2026-09-29 21:34:55,2026-09-29 21:36:07,2026-09-29 00:37:52,30,38.71,38.69,,,alternate,false,55.05,59.56,53.66,500,57.56,701.3,698.7,3,5000,58.90,59.87,48.28,57.31,709.1,659.2
50000000,part1,gsweep,distinct_2i32_10k,"distinct, 2 i32 key(s), 10k groups in the key domain","SELECT DISTINCT k1, k2 FROM grid",30.71,,,429.9,,30,,"yes",0.000e0,,,"TAKEN AggregateExec (input rows 50000000 (exact) vs min_rows 250000; distinct over 2+ i32 keys (memory input): the measured table takes the 200, 100k, 1M bucket(s) at 50M rows; MetalExec decides from a group-count estimate; output kept at one partition (only projections above it))",,0,0.00,0.00,0.00,0.00,0.00,0,10000,3.36,3.58,100,0,,,,,,,30.72,430.9,34.00,"yes",1,1,8290,0.0192,0.01,0.00,"TAKEN AggregateExec (input rows 50000000 (exact) vs min_rows 250000; distinct over 2+ i32 keys (memory input): the measured table takes the 200, 100k, 1M bucket(s) at 50M rows; MetalExec decides from a group-count estimate; output kept at one partition (only projections above it)) | LEFT MetalExec Aggregate { keys (handed back to DataFusion: an estimated 8290 groups (5272 to 18434, Chao1 over a 512-row sample) at 50000000 rows: distinct at the 10k bucket is not taken at any measured size (needs 1.65x at two or more sizes; 1M: 0.88x, 2M: 0.98x, 5M: 1.40x, 10M: 1.80x, 50M: 2.10x); left to DataFusion (from the first 16384 rows of each partition))",34.97,2026-09-29 21:34:55,2026-09-29 21:36:07,2026-09-29 00:37:52,30,35.05,36.11,,,alternate,false,51.44,52.72,52.87,500,54.15,663.0,669.1,3,5000,50.26,54.72,53.13,54.28,619.0,664.2
50000000,part1,distinct,u_small,"distinct (int32, int32), 10k groups","SELECT DISTINCT region, sub FROM fact",33.62,,,432.3,,30,,"yes",0.000e0,,,"TAKEN AggregateExec (input rows 50000000 (exact) vs min_rows 250000; distinct over 2+ i32 keys (memory input): the measured table takes the 200, 100k, 1M bucket(s) at 50M rows; MetalExec decides from a group-count estimate; output kept at one partition (only projections above it))",,0,0.00,0.00,0.00,0.00,0.00,0,10000,3.23,2.81,100,0,,,,,,,33.27,432.3,39.73,"yes",1,1,10353,0.0562,0.01,0.00,"TAKEN AggregateExec (input rows 50000000 (exact) vs min_rows 250000; distinct over 2+ i32 keys (memory input): the measured table takes the 200, 100k, 1M bucket(s) at 50M rows; MetalExec decides from a group-count estimate; output kept at one partition (only projections above it)) | LEFT MetalExec Aggregate { keys (handed back to DataFusion: an estimated 10353 groups (9139 to 11981, Chao1 over a 2048-row sample) at 50000000 rows: distinct at the 10k bucket is not taken at any measured size (needs 1.65x at two or more sizes; 1M: 0.88x, 2M: 0.98x, 5M: 1.40x, 10M: 1.80x, 50M: 2.10x); left to DataFusion (from the first 16384 rows of each partition))",37.24,2026-09-29 21:41:45,2026-09-29 21:42:22,2026-09-29 00:37:52,30,39.71,39.92,,,alternate,false,40.01,41.95,37.19,500,38.20,436.8,433.4,3,5000,42.61,67.81,42.73,47.34,448.8,444.5
