crate,size,layout,family,case,label,sql,off_ms,on_ms,ratio,off_cpu_ms,on_cpu_ms,iters_off,iters_on,equal,max_rel_dev,nodes_taken,rule_on,rule_default,runtime_fallbacks,metal_nodes,input_ms,concat_ms,import_ms,kernel_ms,export_ms,input_batches,out_rows,block_load_start,block_load_end,warm_ms,untimed_off,untimed_on,on_first_ms,back_ms,back_cpu_ms,back_first_ms,equal_back,def_ms,def_cpu_ms,def_first_ms,equal_def,def_taken,def_handed_back,def_groups_est,def_probe_ms,def_input_ms,def_kernel_ms,def_choice,off_first_ms,block_t0,block_t1,last_sleep,rounds,off_round_median_ms,def_round_median_ms,back_round_median_ms,on_round_median_ms,method,def_gpu,def_idle_ms,def_idle_max_ms,off_idle_ms,idle_gap_ms,off_idle_max_ms,def_idle_cpu_ms,off_idle_cpu_ms,idle_reps,idle_gap2_ms,def_idle2_ms,def_idle2_max_ms,off_idle2_ms,off_idle2_max_ms,def_idle2_cpu_ms,off_idle2_cpu_ms,idle_ctx,on_config
new,10000000,b8192,gsweep,minmax_int_2i32_100k,"minmax_int, 2 i32 key(s), 100k groups in the key domain","SELECT k1, k2, min(q) AS lo, max(q) AS hi FROM grid GROUP BY k1, k2",19.10,,,260.9,,104,,yes,0.000e0,,,LEFT AggregateExec (input rows 10000000 (exact) vs min_rows 250000; minmax_int over 2+ i32 keys (memory input): the measured table takes no group count at 10M rows (the first take is at 50M rows; results/datafusion_groupby_sweep_2026-09-30.csv)) | LEFT AggregateExec (Partial aggregate whose Final was not replaced),,0,0.00,0.00,0.00,0.00,0.00,0,100000,3.44,4.61,100,0,,,,,,,19.24,261.8,20.76,yes,0,0,0,0.0000,0.00,0.00,LEFT AggregateExec (input rows 10000000 (exact) vs min_rows 250000; minmax_int over 2+ i32 keys (memory input): the measured table takes no group count at 10M rows (the first take is at 50M rows; results/datafusion_groupby_sweep_2026-09-30.csv)) | LEFT AggregateExec (Partial aggregate whose Final was not replaced),21.62,2026-10-01 18:15:11,2026-10-01 18:15:16,2026-09-29 00:37:52,104,20.17,20.14,,,alternate,false,,,,,,,,0,,,,,,,,def,all
new,50000000,part1,distinct,u_small,"distinct (int32, int32), 10k groups","SELECT DISTINCT region, sub FROM fact",30.06,,,434.7,,104,,yes,0.000e0,,,"TAKEN AggregateExec (input rows 50000000 (exact) vs min_rows 250000; distinct over 2+ i32 keys (memory input): the measured table takes the 200, 100k, 1M bucket(s) at 50M rows; MetalExec decides from a group-count estimate; output kept at one partition (only projections above it))",,0,0.00,0.00,0.00,0.00,0.00,0,10000,3.45,5.43,100,0,,,,,,,30.23,436.8,31.12,yes,1,1,10353,0.0622,0.01,0.00,"TAKEN AggregateExec (input rows 50000000 (exact) vs min_rows 250000; distinct over 2+ i32 keys (memory input): the measured table takes the 200, 100k, 1M bucket(s) at 50M rows; MetalExec decides from a group-count estimate; output kept at one partition (only projections above it)) | LEFT MetalExec Aggregate { keys (handed back to DataFusion: an estimated 10353 groups (9139 to 11981, Chao1 over a 2048-row sample) at 50000000 rows: distinct at the 10k bucket is not taken at any measured size (needs 1.65x at two or more sizes; 1M: 0.88x, 2M: 0.98x, 5M: 1.40x, 10M: 1.80x, 50M: 2.10x); left to DataFusion (from the first 16384 rows of each partition))",35.90,2026-10-01 18:18:17,2026-10-01 18:18:24,2026-09-29 00:37:52,104,33.49,34.43,,,alternate,false,,,,,,,,0,,,,,,,,def,all
new,10000000,b8192,gsweep,minmax_int_2i32_100k,"minmax_int, 2 i32 key(s), 100k groups in the key domain","SELECT k1, k2, min(q) AS lo, max(q) AS hi FROM grid GROUP BY k1, k2",19.13,,,263.9,,104,,yes,0.000e0,,,LEFT AggregateExec (input rows 10000000 (exact) vs min_rows 250000; minmax_int over 2+ i32 keys (memory input): the measured table takes no group count at 10M rows (the first take is at 50M rows; results/datafusion_groupby_sweep_2026-09-30.csv)) | LEFT AggregateExec (Partial aggregate whose Final was not replaced),,0,0.00,0.00,0.00,0.00,0.00,0,100000,3.46,4.62,100,0,,,,,,,19.21,258.1,19.79,yes,0,0,0,0.0000,0.00,0.00,LEFT AggregateExec (input rows 10000000 (exact) vs min_rows 250000; minmax_int over 2+ i32 keys (memory input): the measured table takes no group count at 10M rows (the first take is at 50M rows; results/datafusion_groupby_sweep_2026-09-30.csv)) | LEFT AggregateExec (Partial aggregate whose Final was not replaced),20.38,2026-10-01 18:19:10,2026-10-01 18:19:14,2026-09-29 00:37:52,104,19.94,20.31,,,alternate,false,,,,,,,,0,,,,,,,,def,all
new,50000000,part1,distinct,u_small,"distinct (int32, int32), 10k groups","SELECT DISTINCT region, sub FROM fact",30.05,,,435.4,,104,,yes,0.000e0,,,"TAKEN AggregateExec (input rows 50000000 (exact) vs min_rows 250000; distinct over 2+ i32 keys (memory input): the measured table takes the 200, 100k, 1M bucket(s) at 50M rows; MetalExec decides from a group-count estimate; output kept at one partition (only projections above it))",,0,0.00,0.00,0.00,0.00,0.00,0,10000,3.31,5.29,100,0,,,,,,,30.17,436.5,32.89,yes,1,1,10353,0.0590,0.01,0.00,"TAKEN AggregateExec (input rows 50000000 (exact) vs min_rows 250000; distinct over 2+ i32 keys (memory input): the measured table takes the 200, 100k, 1M bucket(s) at 50M rows; MetalExec decides from a group-count estimate; output kept at one partition (only projections above it)) | LEFT MetalExec Aggregate { keys (handed back to DataFusion: an estimated 10353 groups (9139 to 11981, Chao1 over a 2048-row sample) at 50000000 rows: distinct at the 10k bucket is not taken at any measured size (needs 1.65x at two or more sizes; 1M: 0.88x, 2M: 0.98x, 5M: 1.40x, 10M: 1.80x, 50M: 2.10x); left to DataFusion (from the first 16384 rows of each partition))",33.83,2026-10-01 18:22:16,2026-10-01 18:22:23,2026-09-29 00:37:52,104,32.84,33.09,,,alternate,false,,,,,,,,0,,,,,,,,def,all
new,10000000,b8192,gsweep,minmax_int_2i32_100k,"minmax_int, 2 i32 key(s), 100k groups in the key domain","SELECT k1, k2, min(q) AS lo, max(q) AS hi FROM grid GROUP BY k1, k2",19.18,,,256.5,,104,,yes,0.000e0,,,LEFT AggregateExec (input rows 10000000 (exact) vs min_rows 250000; minmax_int over 2+ i32 keys (memory input): the measured table takes no group count at 10M rows (the first take is at 50M rows; results/datafusion_groupby_sweep_2026-09-30.csv)) | LEFT AggregateExec (Partial aggregate whose Final was not replaced),,0,0.00,0.00,0.00,0.00,0.00,0,100000,3.31,3.31,100,0,,,,,,,19.13,262.9,20.15,yes,0,0,0,0.0000,0.00,0.00,LEFT AggregateExec (input rows 10000000 (exact) vs min_rows 250000; minmax_int over 2+ i32 keys (memory input): the measured table takes no group count at 10M rows (the first take is at 50M rows; results/datafusion_groupby_sweep_2026-09-30.csv)) | LEFT AggregateExec (Partial aggregate whose Final was not replaced),21.96,2026-10-01 18:23:49,2026-10-01 18:23:54,2026-09-29 00:37:52,104,19.91,20.02,,,alternate,false,,,,,,,,0,,,,,,,,def,all
new,50000000,part1,distinct,u_small,"distinct (int32, int32), 10k groups","SELECT DISTINCT region, sub FROM fact",30.03,,,434.7,,104,,yes,0.000e0,,,"TAKEN AggregateExec (input rows 50000000 (exact) vs min_rows 250000; distinct over 2+ i32 keys (memory input): the measured table takes the 200, 100k, 1M bucket(s) at 50M rows; MetalExec decides from a group-count estimate; output kept at one partition (only projections above it))",,0,0.00,0.00,0.00,0.00,0.00,0,10000,3.47,3.76,100,0,,,,,,,30.09,435.7,32.87,yes,1,1,10353,0.0536,0.01,0.00,"TAKEN AggregateExec (input rows 50000000 (exact) vs min_rows 250000; distinct over 2+ i32 keys (memory input): the measured table takes the 200, 100k, 1M bucket(s) at 50M rows; MetalExec decides from a group-count estimate; output kept at one partition (only projections above it)) | LEFT MetalExec Aggregate { keys (handed back to DataFusion: an estimated 10353 groups (9139 to 11981, Chao1 over a 2048-row sample) at 50000000 rows: distinct at the 10k bucket is not taken at any measured size (needs 1.65x at two or more sizes; 1M: 0.88x, 2M: 0.98x, 5M: 1.40x, 10M: 1.80x, 50M: 2.10x); left to DataFusion (from the first 16384 rows of each partition))",37.68,2026-10-01 18:25:34,2026-10-01 18:25:42,2026-09-29 00:37:52,104,34.05,34.21,,,alternate,false,,,,,,,,0,,,,,,,,def,all
new,10000000,b8192,gsweep,minmax_int_2i32_100k,"minmax_int, 2 i32 key(s), 100k groups in the key domain","SELECT k1, k2, min(q) AS lo, max(q) AS hi FROM grid GROUP BY k1, k2",19.31,,,257.6,,104,,yes,0.000e0,,,LEFT AggregateExec (input rows 10000000 (exact) vs min_rows 250000; minmax_int over 2+ i32 keys (memory input): the measured table takes no group count at 10M rows (the first take is at 50M rows; results/datafusion_groupby_sweep_2026-09-30.csv)) | LEFT AggregateExec (Partial aggregate whose Final was not replaced),,0,0.00,0.00,0.00,0.00,0.00,0,100000,3.37,4.70,100,0,,,,,,,19.29,263.0,23.54,yes,0,0,0,0.0000,0.00,0.00,LEFT AggregateExec (input rows 10000000 (exact) vs min_rows 250000; minmax_int over 2+ i32 keys (memory input): the measured table takes no group count at 10M rows (the first take is at 50M rows; results/datafusion_groupby_sweep_2026-09-30.csv)) | LEFT AggregateExec (Partial aggregate whose Final was not replaced),22.47,2026-10-01 18:26:27,2026-10-01 18:26:32,2026-09-29 00:37:52,104,20.44,20.83,,,alternate,false,,,,,,,,0,,,,,,,,def,all
new,50000000,part1,distinct,u_small,"distinct (int32, int32), 10k groups","SELECT DISTINCT region, sub FROM fact",30.28,,,436.2,,104,,yes,0.000e0,,,"TAKEN AggregateExec (input rows 50000000 (exact) vs min_rows 250000; distinct over 2+ i32 keys (memory input): the measured table takes the 200, 100k, 1M bucket(s) at 50M rows; MetalExec decides from a group-count estimate; output kept at one partition (only projections above it))",,0,0.00,0.00,0.00,0.00,0.00,0,10000,3.15,4.50,100,0,,,,,,,30.48,435.9,32.36,yes,1,1,10353,0.0632,0.01,0.00,"TAKEN AggregateExec (input rows 50000000 (exact) vs min_rows 250000; distinct over 2+ i32 keys (memory input): the measured table takes the 200, 100k, 1M bucket(s) at 50M rows; MetalExec decides from a group-count estimate; output kept at one partition (only projections above it)) | LEFT MetalExec Aggregate { keys (handed back to DataFusion: an estimated 10353 groups (9139 to 11981, Chao1 over a 2048-row sample) at 50000000 rows: distinct at the 10k bucket is not taken at any measured size (needs 1.65x at two or more sizes; 1M: 0.88x, 2M: 0.98x, 5M: 1.40x, 10M: 1.80x, 50M: 2.10x); left to DataFusion (from the first 16384 rows of each partition))",34.17,2026-10-01 18:34:35,2026-10-01 18:34:43,2026-09-29 00:37:52,104,35.34,35.83,,,alternate,false,,,,,,,,0,,,,,,,,def,all
old,10000000,b8192,gsweep,minmax_int_2i32_100k,"minmax_int, 2 i32 key(s), 100k groups in the key domain","SELECT k1, k2, min(q) AS lo, max(q) AS hi FROM grid GROUP BY k1, k2",19.19,,,257.5,,104,,yes,0.000e0,,,LEFT AggregateExec (input rows 10000000 (exact) vs min_rows 250000; minmax_int over 2+ i32 keys (memory input): the measured table takes no group count at 10M rows (the first take is at 50M rows; results/datafusion_groupby_sweep_2026-09-30.csv)) | LEFT AggregateExec (Partial aggregate whose Final was not replaced),,0,0.00,0.00,0.00,0.00,0.00,0,100000,3.23,4.42,100,0,,,,,,,19.09,259.0,21.22,yes,0,0,0,0.0000,0.00,0.00,LEFT AggregateExec (input rows 10000000 (exact) vs min_rows 250000; minmax_int over 2+ i32 keys (memory input): the measured table takes no group count at 10M rows (the first take is at 50M rows; results/datafusion_groupby_sweep_2026-09-30.csv)) | LEFT AggregateExec (Partial aggregate whose Final was not replaced),22.56,2026-10-01 18:16:22,2026-10-01 18:16:27,2026-09-29 00:37:52,104,20.00,20.14,,,alternate,false,,,,,,,,0,,,,,,,,,
old,50000000,part1,distinct,u_small,"distinct (int32, int32), 10k groups","SELECT DISTINCT region, sub FROM fact",30.08,,,435.6,,104,,yes,0.000e0,,,"TAKEN AggregateExec (input rows 50000000 (exact) vs min_rows 250000; distinct over 2+ i32 keys (memory input): the measured table takes the 200, 100k, 1M bucket(s) at 50M rows; MetalExec decides from a group-count estimate; output kept at one partition (only projections above it))",,0,0.00,0.00,0.00,0.00,0.00,0,10000,3.34,4.62,100,0,,,,,,,30.32,436.3,36.50,yes,1,1,10353,0.0532,0.01,0.00,"TAKEN AggregateExec (input rows 50000000 (exact) vs min_rows 250000; distinct over 2+ i32 keys (memory input): the measured table takes the 200, 100k, 1M bucket(s) at 50M rows; MetalExec decides from a group-count estimate; output kept at one partition (only projections above it)) | LEFT MetalExec Aggregate { keys (handed back to DataFusion: an estimated 10353 groups (9139 to 11981, Chao1 over a 2048-row sample) at 50000000 rows: distinct at the 10k bucket is not taken at any measured size (needs 1.65x at two or more sizes; 1M: 0.88x, 2M: 0.98x, 5M: 1.40x, 10M: 1.80x, 50M: 2.10x); left to DataFusion (from the first 16384 rows of each partition))",35.75,2026-10-01 18:17:37,2026-10-01 18:17:45,2026-09-29 00:37:52,104,33.75,33.44,,,alternate,false,,,,,,,,0,,,,,,,,,
old,10000000,b8192,gsweep,minmax_int_2i32_100k,"minmax_int, 2 i32 key(s), 100k groups in the key domain","SELECT k1, k2, min(q) AS lo, max(q) AS hi FROM grid GROUP BY k1, k2",19.13,,,262.4,,104,,yes,0.000e0,,,LEFT AggregateExec (input rows 10000000 (exact) vs min_rows 250000; minmax_int over 2+ i32 keys (memory input): the measured table takes no group count at 10M rows (the first take is at 50M rows; results/datafusion_groupby_sweep_2026-09-30.csv)) | LEFT AggregateExec (Partial aggregate whose Final was not replaced),,0,0.00,0.00,0.00,0.00,0.00,0,100000,3.33,4.50,100,0,,,,,,,19.15,259.6,19.97,yes,0,0,0,0.0000,0.00,0.00,LEFT AggregateExec (input rows 10000000 (exact) vs min_rows 250000; minmax_int over 2+ i32 keys (memory input): the measured table takes no group count at 10M rows (the first take is at 50M rows; results/datafusion_groupby_sweep_2026-09-30.csv)) | LEFT AggregateExec (Partial aggregate whose Final was not replaced),22.60,2026-10-01 18:20:01,2026-10-01 18:20:05,2026-09-29 00:37:52,104,19.71,19.96,,,alternate,false,,,,,,,,0,,,,,,,,,
old,50000000,part1,distinct,u_small,"distinct (int32, int32), 10k groups","SELECT DISTINCT region, sub FROM fact",30.18,,,436.1,,104,,yes,0.000e0,,,"TAKEN AggregateExec (input rows 50000000 (exact) vs min_rows 250000; distinct over 2+ i32 keys (memory input): the measured table takes the 200, 100k, 1M bucket(s) at 50M rows; MetalExec decides from a group-count estimate; output kept at one partition (only projections above it))",,0,0.00,0.00,0.00,0.00,0.00,0,10000,3.23,4.42,100,0,,,,,,,30.44,438.1,40.08,yes,1,1,10353,0.0571,0.01,0.00,"TAKEN AggregateExec (input rows 50000000 (exact) vs min_rows 250000; distinct over 2+ i32 keys (memory input): the measured table takes the 200, 100k, 1M bucket(s) at 50M rows; MetalExec decides from a group-count estimate; output kept at one partition (only projections above it)) | LEFT MetalExec Aggregate { keys (handed back to DataFusion: an estimated 10353 groups (9139 to 11981, Chao1 over a 2048-row sample) at 50000000 rows: distinct at the 10k bucket is not taken at any measured size (needs 1.65x at two or more sizes; 1M: 0.88x, 2M: 0.98x, 5M: 1.40x, 10M: 1.80x, 50M: 2.10x); left to DataFusion (from the first 16384 rows of each partition))",37.60,2026-10-01 18:20:56,2026-10-01 18:21:03,2026-09-29 00:37:52,104,34.53,34.74,,,alternate,false,,,,,,,,0,,,,,,,,,
old,10000000,b8192,gsweep,minmax_int_2i32_100k,"minmax_int, 2 i32 key(s), 100k groups in the key domain","SELECT k1, k2, min(q) AS lo, max(q) AS hi FROM grid GROUP BY k1, k2",19.19,,,256.2,,104,,yes,0.000e0,,,LEFT AggregateExec (input rows 10000000 (exact) vs min_rows 250000; minmax_int over 2+ i32 keys (memory input): the measured table takes no group count at 10M rows (the first take is at 50M rows; results/datafusion_groupby_sweep_2026-09-30.csv)) | LEFT AggregateExec (Partial aggregate whose Final was not replaced),,0,0.00,0.00,0.00,0.00,0.00,0,100000,3.11,3.34,100,0,,,,,,,18.88,263.2,19.60,yes,0,0,0,0.0000,0.00,0.00,LEFT AggregateExec (input rows 10000000 (exact) vs min_rows 250000; minmax_int over 2+ i32 keys (memory input): the measured table takes no group count at 10M rows (the first take is at 50M rows; results/datafusion_groupby_sweep_2026-09-30.csv)) | LEFT AggregateExec (Partial aggregate whose Final was not replaced),21.55,2026-10-01 18:23:59,2026-10-01 18:24:04,2026-09-29 00:37:52,104,20.07,20.02,,,alternate,false,,,,,,,,0,,,,,,,,,
old,50000000,part1,distinct,u_small,"distinct (int32, int32), 10k groups","SELECT DISTINCT region, sub FROM fact",30.03,,,434.4,,104,,yes,0.000e0,,,"TAKEN AggregateExec (input rows 50000000 (exact) vs min_rows 250000; distinct over 2+ i32 keys (memory input): the measured table takes the 200, 100k, 1M bucket(s) at 50M rows; MetalExec decides from a group-count estimate; output kept at one partition (only projections above it))",,0,0.00,0.00,0.00,0.00,0.00,0,10000,3.31,4.81,100,0,,,,,,,30.08,435.1,35.57,yes,1,1,10353,0.0535,0.01,0.00,"TAKEN AggregateExec (input rows 50000000 (exact) vs min_rows 250000; distinct over 2+ i32 keys (memory input): the measured table takes the 200, 100k, 1M bucket(s) at 50M rows; MetalExec decides from a group-count estimate; output kept at one partition (only projections above it)) | LEFT MetalExec Aggregate { keys (handed back to DataFusion: an estimated 10353 groups (9139 to 11981, Chao1 over a 2048-row sample) at 50000000 rows: distinct at the 10k bucket is not taken at any measured size (needs 1.65x at two or more sizes; 1M: 0.88x, 2M: 0.98x, 5M: 1.40x, 10M: 1.80x, 50M: 2.10x); left to DataFusion (from the first 16384 rows of each partition))",35.66,2026-10-01 18:24:34,2026-10-01 18:24:42,2026-09-29 00:37:52,104,33.45,33.89,,,alternate,false,,,,,,,,0,,,,,,,,,
old,10000000,b8192,gsweep,minmax_int_2i32_100k,"minmax_int, 2 i32 key(s), 100k groups in the key domain","SELECT k1, k2, min(q) AS lo, max(q) AS hi FROM grid GROUP BY k1, k2",19.10,,,265.0,,104,,yes,0.000e0,,,LEFT AggregateExec (input rows 10000000 (exact) vs min_rows 250000; minmax_int over 2+ i32 keys (memory input): the measured table takes no group count at 10M rows (the first take is at 50M rows; results/datafusion_groupby_sweep_2026-09-30.csv)) | LEFT AggregateExec (Partial aggregate whose Final was not replaced),,0,0.00,0.00,0.00,0.00,0.00,0,100000,3.07,4.35,100,0,,,,,,,19.25,260.3,19.89,yes,0,0,0,0.0000,0.00,0.00,LEFT AggregateExec (input rows 10000000 (exact) vs min_rows 250000; minmax_int over 2+ i32 keys (memory input): the measured table takes no group count at 10M rows (the first take is at 50M rows; results/datafusion_groupby_sweep_2026-09-30.csv)) | LEFT AggregateExec (Partial aggregate whose Final was not replaced),22.76,2026-10-01 18:27:18,2026-10-01 18:27:23,2026-09-29 00:37:52,104,20.07,19.80,,,alternate,false,,,,,,,,0,,,,,,,,,
old,50000000,part1,distinct,u_small,"distinct (int32, int32), 10k groups","SELECT DISTINCT region, sub FROM fact",29.99,,,436.0,,104,,yes,0.000e0,,,"TAKEN AggregateExec (input rows 50000000 (exact) vs min_rows 250000; distinct over 2+ i32 keys (memory input): the measured table takes the 200, 100k, 1M bucket(s) at 50M rows; MetalExec decides from a group-count estimate; output kept at one partition (only projections above it))",,0,0.00,0.00,0.00,0.00,0.00,0,10000,2.86,3.99,100,0,,,,,,,30.18,434.7,32.93,yes,1,1,10353,0.0543,0.01,0.00,"TAKEN AggregateExec (input rows 50000000 (exact) vs min_rows 250000; distinct over 2+ i32 keys (memory input): the measured table takes the 200, 100k, 1M bucket(s) at 50M rows; MetalExec decides from a group-count estimate; output kept at one partition (only projections above it)) | LEFT MetalExec Aggregate { keys (handed back to DataFusion: an estimated 10353 groups (9139 to 11981, Chao1 over a 2048-row sample) at 50000000 rows: distinct at the 10k bucket is not taken at any measured size (needs 1.65x at two or more sizes; 1M: 0.88x, 2M: 0.98x, 5M: 1.40x, 10M: 1.80x, 50M: 2.10x); left to DataFusion (from the first 16384 rows of each partition))",34.81,2026-10-01 18:33:15,2026-10-01 18:33:23,2026-09-29 00:37:52,104,35.02,35.69,,,alternate,false,,,,,,,,0,,,,,,,,,
