process,query,rows,gap_ms,datafusion_warm_ms,first_in_process_ms,idle_compiled_1_ms,idle_compiled_2_ms,idle_compiled_3_ms,warm_ms,compile_ms,start,end,load_start,load_end,last_sleep
1,count,10000000,500,15.39,78.66,19.93,21.86,23.39,13.25,56.80,Tue Sep 29 13:45:43 EDT 2026,Tue Sep 29 13:46:28 EDT 2026,3.27,3.16,2026-09-29 00:37:52
2,sum,10000000,500,15.69,86.36,25.77,26.04,27.15,11.14,60.32,Tue Sep 29 13:45:43 EDT 2026,Tue Sep 29 13:46:28 EDT 2026,3.27,3.16,2026-09-29 00:37:52
3,minmax,10000000,500,21.20,99.35,28.42,33.20,33.32,13.23,66.15,Tue Sep 29 13:45:43 EDT 2026,Tue Sep 29 13:46:28 EDT 2026,3.27,3.16,2026-09-29 00:37:52
4,distinct,10000000,500,13.65,75.77,18.77,18.92,20.52,8.65,56.85,Tue Sep 29 13:45:43 EDT 2026,Tue Sep 29 13:46:28 EDT 2026,3.27,3.16,2026-09-29 00:37:52
5,sort,10000000,500,303.47,98.74,40.82,44.93,45.51,14.36,53.81,Tue Sep 29 13:45:43 EDT 2026,Tue Sep 29 13:46:28 EDT 2026,3.27,3.16,2026-09-29 00:37:52
6,count,10000000,500,15.49,66.17,19.85,20.90,22.96,12.11,45.27,Tue Sep 29 13:45:43 EDT 2026,Tue Sep 29 13:46:28 EDT 2026,3.27,3.16,2026-09-29 00:37:52
7,sum,10000000,500,15.64,79.46,25.92,26.02,27.77,12.59,53.44,Tue Sep 29 13:45:43 EDT 2026,Tue Sep 29 13:46:28 EDT 2026,3.27,3.16,2026-09-29 00:37:52
8,minmax,10000000,500,21.22,81.68,32.59,32.63,33.33,13.69,49.05,Tue Sep 29 13:45:43 EDT 2026,Tue Sep 29 13:46:28 EDT 2026,3.27,3.16,2026-09-29 00:37:52
9,distinct,10000000,500,13.51,72.99,12.55,19.13,20.01,10.71,53.86,Tue Sep 29 13:45:43 EDT 2026,Tue Sep 29 13:46:28 EDT 2026,3.27,3.16,2026-09-29 00:37:52
10,sort,10000000,500,303.92,93.72,36.69,44.06,45.87,17.12,49.66,Tue Sep 29 13:45:43 EDT 2026,Tue Sep 29 13:46:28 EDT 2026,3.27,3.16,2026-09-29 00:37:52
11,count,10000000,500,15.51,74.24,20.34,21.46,21.70,13.29,52.78,Tue Sep 29 13:45:43 EDT 2026,Tue Sep 29 13:46:28 EDT 2026,3.27,3.16,2026-09-29 00:37:52
12,sum,10000000,500,15.64,78.48,15.64,24.35,24.85,8.46,54.13,Tue Sep 29 13:45:43 EDT 2026,Tue Sep 29 13:46:28 EDT 2026,3.27,3.16,2026-09-29 00:37:52
13,minmax,10000000,500,21.68,73.06,23.60,26.48,37.84,12.81,46.58,Tue Sep 29 13:45:43 EDT 2026,Tue Sep 29 13:46:28 EDT 2026,3.27,3.16,2026-09-29 00:37:52
14,distinct,10000000,500,13.61,71.88,10.89,20.35,22.25,8.32,51.53,Tue Sep 29 13:45:43 EDT 2026,Tue Sep 29 13:46:28 EDT 2026,3.27,3.16,2026-09-29 00:37:52
15,sort,10000000,500,307.16,74.50,29.31,32.53,46.13,13.73,41.97,Tue Sep 29 13:45:43 EDT 2026,Tue Sep 29 13:46:28 EDT 2026,3.27,3.16,2026-09-29 00:37:52
