size,layout,family,case,label,sql,off_ms,on_ms,ratio,off_cpu_ms,on_cpu_ms,iters_off,iters_on,equal,max_rel_dev,nodes_taken,rule_on,rule_default,runtime_fallbacks,metal_nodes,input_ms,concat_ms,import_ms,kernel_ms,export_ms,input_batches,out_rows,block_load_start,block_load_end,warm_ms,untimed_off,untimed_on,on_first_ms,back_ms,back_cpu_ms,back_first_ms,equal_back,def_ms,def_cpu_ms,def_first_ms,equal_def,def_taken,def_handed_back,def_groups_est,def_probe_ms,def_input_ms,def_kernel_ms,def_choice,off_first_ms,block_t0,block_t1,last_sleep,rounds,off_round_median_ms,def_round_median_ms,back_round_median_ms,on_round_median_ms,method,def_gpu,def_idle_ms,def_idle_max_ms,off_idle_ms,idle_gap_ms,off_idle_max_ms,def_idle_cpu_ms,off_idle_cpu_ms,idle_reps,idle_gap2_ms,def_idle2_ms,def_idle2_max_ms,off_idle2_ms,off_idle2_max_ms,def_idle2_cpu_ms,off_idle2_cpu_ms,idle_ctx,on_config
10000000,b8192,filter,a_sumcnt,"filtered sum + count over the whole table (control)","SELECT sum(amount) AS total, count(*) AS n FROM fact WHERE region < 20 AND qty > 10",3.58,4.87,0.735,35.5,24.7,15,15,"yes",0.000e0,1,"LEFT AggregateExec (no GROUP BY keys (a whole-table aggregate)) | LEFT AggregateExec (Partial aggregate whose Final was not replaced) | TAKEN FilterExec (input rows 10000000 (exact) vs min_rows 0; re-partitioned)","LEFT AggregateExec (no GROUP BY keys (a whole-table aggregate)) | LEFT AggregateExec (Partial aggregate whose Final was not replaced) | LEFT FilterExec (filter disabled in config)",0,1,1.25,0.00,1.60,1.17,0.01,1221,1,2.79,2.07,100,85,60,97.11,,,,,,,,,,,,,,,,4.64,2026-10-01 17:59:03,2026-10-01 18:01:57,2026-09-29 00:37:52,3,3.60,,,4.88,rounds,true,8.57,12.88,11.95,500,13.95,33.1,82.8,3,5000,21.59,24.12,11.69,15.30,65.2,75.4,on,all
10000000,b8192,filter,f_gt,"rows with a Float64 above a finite literal (25%)","SELECT region, amount FROM fact WHERE amount > 1000.0",1.55,3.67,0.421,16.9,15.2,15,15,"yes",0.000e0,1,"TAKEN FilterExec (input rows 10000000 (exact) vs min_rows 0; output kept at one partition (only projections above it))","LEFT FilterExec (filter disabled in config)",0,1,1.33,0.00,1.09,0.86,0.01,1221,2503102,2.79,2.07,100,185,74,52.00,,,,,,,,,,,,,,,,2.68,2026-10-01 17:59:03,2026-10-01 18:01:57,2026-09-29 00:37:52,3,1.63,,,3.92,rounds,true,13.94,21.41,9.49,500,9.99,37.3,43.2,3,5000,22.81,24.63,7.67,8.61,46.2,45.4,on,all
10000000,b8192,filter,f_lt0,"rows with a Float64 below zero (25%)","SELECT region, amount FROM fact WHERE amount < 0.0",1.53,3.85,0.398,17.0,14.3,15,15,"yes",0.000e0,1,"TAKEN FilterExec (input rows 10000000 (exact) vs min_rows 0; output kept at one partition (only projections above it))","LEFT FilterExec (filter disabled in config)",0,1,1.39,0.00,1.13,0.88,0.00,1221,2500127,2.79,2.07,100,186,75,37.10,,,,,,,,,,,,,,,,2.80,2026-10-01 17:59:03,2026-10-01 18:01:57,2026-09-29 00:37:52,3,1.58,,,3.85,rounds,true,10.08,19.61,6.65,500,9.95,42.3,40.2,3,5000,20.87,26.23,9.42,9.51,47.6,45.0,on,all
10000000,b8192,filter,f_ne0,"rows with a Float64 not equal to zero (all)","SELECT region, qty FROM fact WHERE amount <> 0.0",2.08,6.67,0.312,13.3,23.0,15,15,"yes",0.000e0,1,"TAKEN FilterExec (input rows 10000000 (exact) vs min_rows 0; output kept at one partition (only projections above it))","LEFT FilterExec (filter disabled in config)",0,1,1.34,0.00,1.44,3.40,0.01,1221,10000000,2.79,2.07,100,125,46,40.82,,,,,,,,,,,,,,,,5.10,2026-10-01 17:59:03,2026-10-01 18:01:57,2026-09-29 00:37:52,3,2.25,,,6.68,rounds,true,23.38,28.92,8.43,500,10.58,76.0,32.9,3,5000,33.91,34.48,9.39,15.89,104.4,32.2,on,all
10000000,b8192,filter,f_sum_ge0,"sum + count of the rows with a Float64 at or above zero (75%)","SELECT sum(qty) AS q, count(*) AS n FROM fact WHERE amount >= 0.0",3.67,6.39,0.574,47.1,25.6,15,15,"yes",0.000e0,1,"LEFT AggregateExec (no GROUP BY keys (a whole-table aggregate)) | LEFT AggregateExec (Partial aggregate whose Final was not replaced) | TAKEN FilterExec (input rows 10000000 (exact) vs min_rows 0; re-partitioned)","LEFT AggregateExec (no GROUP BY keys (a whole-table aggregate)) | LEFT AggregateExec (Partial aggregate whose Final was not replaced) | LEFT FilterExec (filter disabled in config)",0,1,1.18,0.00,1.19,2.17,0.00,1221,1,2.79,2.07,100,83,47,46.28,,,,,,,,,,,,,,,,5.36,2026-10-01 17:59:03,2026-10-01 18:01:57,2026-09-29 00:37:52,3,3.70,,,6.86,rounds,true,16.57,22.60,12.91,500,13.45,52.8,71.2,3,5000,26.38,29.65,13.65,14.25,56.3,63.1,on,all
10000000,part1,filter,a_sumcnt,"filtered sum + count over the whole table (control)","SELECT sum(amount) AS total, count(*) AS n FROM fact WHERE region < 20 AND qty > 10",3.26,4.54,0.716,34.1,23.9,15,15,"yes",0.000e0,1,"LEFT AggregateExec (no GROUP BY keys (a whole-table aggregate)) | LEFT AggregateExec (Partial aggregate whose Final was not replaced) | TAKEN FilterExec (input rows 10000000 (exact) vs min_rows 0; re-partitioned)","LEFT AggregateExec (no GROUP BY keys (a whole-table aggregate)) | LEFT AggregateExec (Partial aggregate whose Final was not replaced) | LEFT FilterExec (filter disabled in config)",0,1,1.16,0.00,1.52,1.21,0.01,1232,1,1.99,1.38,100,91,64,11.96,,,,,,,,,,,,,,,,4.03,2026-10-01 18:02:01,2026-10-01 18:04:54,2026-09-29 00:37:52,3,3.33,,,4.72,rounds,true,14.01,27.31,14.56,500,15.91,45.6,72.0,3,5000,14.76,28.03,5.76,14.64,45.4,47.9,on,all
10000000,part1,filter,f_gt,"rows with a Float64 above a finite literal (25%)","SELECT region, amount FROM fact WHERE amount > 1000.0",1.40,3.42,0.408,15.8,13.8,15,15,"yes",0.000e0,1,"TAKEN FilterExec (input rows 10000000 (exact) vs min_rows 0; output kept at one partition (only projections above it))","LEFT FilterExec (filter disabled in config)",0,1,1.34,0.00,1.00,0.84,0.00,1232,2503102,1.99,1.38,100,209,79,13.23,,,,,,,,,,,,,,,,2.85,2026-10-01 18:02:01,2026-10-01 18:04:54,2026-09-29 00:37:52,3,1.43,,,3.75,rounds,true,5.15,23.61,9.30,500,10.02,16.7,43.5,3,5000,23.66,23.96,6.82,7.06,58.1,43.4,on,all
10000000,part1,filter,f_lt0,"rows with a Float64 below zero (25%)","SELECT region, amount FROM fact WHERE amount < 0.0",1.36,3.56,0.381,15.5,13.7,15,15,"yes",0.000e0,1,"TAKEN FilterExec (input rows 10000000 (exact) vs min_rows 0; output kept at one partition (only projections above it))","LEFT FilterExec (filter disabled in config)",0,1,1.31,0.00,0.99,1.03,0.01,1232,2500127,1.99,1.38,100,204,80,14.64,,,,,,,,,,,,,,,,2.48,2026-10-01 18:02:01,2026-10-01 18:04:54,2026-09-29 00:37:52,3,1.39,,,3.71,rounds,true,15.26,15.35,7.10,500,9.30,42.3,42.9,3,5000,23.67,24.55,10.27,11.75,56.5,45.5,on,all
10000000,part1,filter,f_ne0,"rows with a Float64 not equal to zero (all)","SELECT region, qty FROM fact WHERE amount <> 0.0",2.13,6.42,0.332,14.1,22.3,15,15,"yes",0.000e0,1,"TAKEN FilterExec (input rows 10000000 (exact) vs min_rows 0; output kept at one partition (only projections above it))","LEFT FilterExec (filter disabled in config)",0,1,1.37,0.00,1.40,3.32,0.01,1232,10000000,1.99,1.38,100,131,48,20.02,,,,,,,,,,,,,,,,5.00,2026-10-01 18:02:01,2026-10-01 18:04:54,2026-09-29 00:37:52,3,2.19,,,6.51,rounds,true,20.24,22.89,6.45,500,8.14,63.9,28.2,3,5000,23.49,33.46,6.29,7.89,75.2,27.5,on,all
10000000,part1,filter,f_sum_ge0,"sum + count of the rows with a Float64 at or above zero (75%)","SELECT sum(qty) AS q, count(*) AS n FROM fact WHERE amount >= 0.0",3.57,5.91,0.604,47.4,23.9,15,15,"yes",0.000e0,1,"LEFT AggregateExec (no GROUP BY keys (a whole-table aggregate)) | LEFT AggregateExec (Partial aggregate whose Final was not replaced) | TAKEN FilterExec (input rows 10000000 (exact) vs min_rows 0; re-partitioned)","LEFT AggregateExec (no GROUP BY keys (a whole-table aggregate)) | LEFT AggregateExec (Partial aggregate whose Final was not replaced) | LEFT FilterExec (filter disabled in config)",0,1,1.15,0.00,1.17,1.68,0.01,1232,1,1.99,1.38,100,84,49,16.60,,,,,,,,,,,,,,,,7.40,2026-10-01 18:02:01,2026-10-01 18:04:54,2026-09-29 00:37:52,3,3.62,,,6.48,rounds,true,9.43,24.32,11.36,500,12.64,33.6,48.4,3,5000,26.56,28.06,11.64,14.88,68.4,46.2,on,all
50000000,b8192,filter,a_sumcnt,"filtered sum + count over the whole table (control)","SELECT sum(amount) AS total, count(*) AS n FROM fact WHERE region < 20 AND qty > 10",15.54,19.79,0.785,174.5,127.4,15,15,"yes",1.646e-16,1,"LEFT AggregateExec (no GROUP BY keys (a whole-table aggregate)) | LEFT AggregateExec (Partial aggregate whose Final was not replaced) | TAKEN FilterExec (input rows 50000000 (exact) vs min_rows 0; re-partitioned)","LEFT AggregateExec (no GROUP BY keys (a whole-table aggregate)) | LEFT AggregateExec (Partial aggregate whose Final was not replaced) | LEFT FilterExec (filter disabled in config)",0,1,6.55,0.00,7.15,3.74,0.01,6104,1,1.35,1.85,100,24,17,74.45,,,,,,,,,,,,,,,,19.02,2026-10-01 18:05:00,2026-10-01 18:08:15,2026-09-29 00:37:52,3,15.54,,,19.87,rounds,true,50.91,68.21,30.50,500,32.58,323.7,308.0,3,5000,67.35,68.09,28.82,29.78,398.2,301.8,on,all
50000000,b8192,filter,f_gt,"rows with a Float64 above a finite literal (25%)","SELECT region, amount FROM fact WHERE amount > 1000.0",6.42,16.77,0.383,82.9,81.5,15,15,"yes",0.000e0,1,"TAKEN FilterExec (input rows 50000000 (exact) vs min_rows 0; output kept at one partition (only projections above it))","LEFT FilterExec (filter disabled in config)",0,1,6.97,0.00,4.77,3.93,0.01,6104,12498726,1.35,1.85,100,47,20,41.71,,,,,,,,,,,,,,,,9.55,2026-10-01 18:05:00,2026-10-01 18:08:15,2026-09-29 00:37:52,3,6.80,,,16.87,rounds,true,35.28,51.22,19.64,500,20.71,146.4,172.8,3,5000,52.42,56.67,19.35,19.78,160.3,174.3,on,all
50000000,b8192,filter,f_lt0,"rows with a Float64 below zero (25%)","SELECT region, amount FROM fact WHERE amount < 0.0",6.48,16.98,0.382,83.2,75.7,15,15,"yes",0.000e0,1,"TAKEN FilterExec (input rows 50000000 (exact) vs min_rows 0; output kept at one partition (only projections above it))","LEFT FilterExec (filter disabled in config)",0,1,6.94,0.00,4.84,4.15,0.01,6104,12501024,1.35,1.85,100,48,20,36.52,,,,,,,,,,,,,,,,8.96,2026-10-01 18:05:00,2026-10-01 18:08:15,2026-09-29 00:37:52,3,6.63,,,17.12,rounds,true,29.96,42.55,12.50,500,20.07,146.9,155.4,3,5000,44.23,46.90,14.67,18.03,162.4,132.3,on,all
50000000,b8192,filter,f_ne0,"rows with a Float64 not equal to zero (all)","SELECT region, qty FROM fact WHERE amount <> 0.0",11.52,31.79,0.362,72.6,124.9,15,15,"yes",0.000e0,1,"TAKEN FilterExec (input rows 50000000 (exact) vs min_rows 0; output kept at one partition (only projections above it))","LEFT FilterExec (filter disabled in config)",0,1,6.84,0.00,7.47,15.92,0.01,6104,50000000,1.35,1.85,100,29,13,61.47,,,,,,,,,,,,,,,,16.54,2026-10-01 18:05:00,2026-10-01 18:08:15,2026-09-29 00:37:52,3,12.16,,,32.09,rounds,true,77.21,81.70,26.64,500,28.26,243.0,138.3,3,5000,78.99,82.76,26.60,28.03,386.9,140.0,on,all
50000000,b8192,filter,f_sum_ge0,"sum + count of the rows with a Float64 at or above zero (75%)","SELECT sum(qty) AS q, count(*) AS n FROM fact WHERE amount >= 0.0",16.65,28.29,0.588,231.8,136.1,15,15,"yes",0.000e0,1,"LEFT AggregateExec (no GROUP BY keys (a whole-table aggregate)) | LEFT AggregateExec (Partial aggregate whose Final was not replaced) | TAKEN FilterExec (input rows 50000000 (exact) vs min_rows 0; re-partitioned)","LEFT AggregateExec (no GROUP BY keys (a whole-table aggregate)) | LEFT AggregateExec (Partial aggregate whose Final was not replaced) | LEFT FilterExec (filter disabled in config)",0,1,6.05,0.00,6.03,8.26,0.01,6104,1,1.35,1.85,100,21,15,52.01,,,,,,,,,,,,,,,,19.90,2026-10-01 18:05:00,2026-10-01 18:08:15,2026-09-29 00:37:52,3,16.71,,,28.96,rounds,true,48.20,70.84,33.31,500,33.77,217.6,342.9,3,5000,72.00,74.51,33.16,33.97,332.5,355.0,on,all
50000000,part1,filter,a_sumcnt,"filtered sum + count over the whole table (control)","SELECT sum(amount) AS total, count(*) AS n FROM fact WHERE region < 20 AND qty > 10",13.22,18.72,0.706,170.0,117.5,15,15,"yes",1.646e-16,1,"LEFT AggregateExec (no GROUP BY keys (a whole-table aggregate)) | LEFT AggregateExec (Partial aggregate whose Final was not replaced) | TAKEN FilterExec (input rows 50000000 (exact) vs min_rows 0; re-partitioned)","LEFT AggregateExec (no GROUP BY keys (a whole-table aggregate)) | LEFT AggregateExec (Partial aggregate whose Final was not replaced) | LEFT FilterExec (filter disabled in config)",0,1,6.40,0.00,7.05,3.86,0.01,6112,1,2.11,4.83,100,24,20,38.51,,,,,,,,,,,,,,,,14.99,2026-10-01 18:08:20,2026-10-01 18:11:34,2026-09-29 00:37:52,3,14.32,,,18.74,rounds,true,30.67,54.55,29.05,500,33.70,163.7,283.9,3,5000,55.68,58.19,30.92,32.39,216.9,310.9,on,all
50000000,part1,filter,f_gt,"rows with a Float64 above a finite literal (25%)","SELECT region, amount FROM fact WHERE amount > 1000.0",5.68,15.62,0.363,77.2,70.9,15,15,"yes",0.000e0,1,"TAKEN FilterExec (input rows 50000000 (exact) vs min_rows 0; output kept at one partition (only projections above it))","LEFT FilterExec (filter disabled in config)",0,1,6.02,0.00,4.75,4.27,0.01,6112,12498726,2.11,4.83,100,52,23,32.78,,,,,,,,,,,,,,,,9.21,2026-10-01 18:08:20,2026-10-01 18:11:34,2026-09-29 00:37:52,3,5.82,,,15.68,rounds,true,28.14,41.20,18.54,500,21.84,118.4,153.6,3,5000,44.42,44.46,19.93,20.66,140.8,165.0,on,all
50000000,part1,filter,f_lt0,"rows with a Float64 below zero (25%)","SELECT region, amount FROM fact WHERE amount < 0.0",5.91,15.15,0.390,78.7,65.3,15,15,"yes",0.000e0,1,"TAKEN FilterExec (input rows 50000000 (exact) vs min_rows 0; output kept at one partition (only projections above it))","LEFT FilterExec (filter disabled in config)",0,1,6.17,0.00,4.95,3.51,0.01,6112,12501024,2.11,4.83,100,54,23,34.79,,,,,,,,,,,,,,,,8.71,2026-10-01 18:08:20,2026-10-01 18:11:34,2026-09-29 00:37:52,3,5.98,,,15.54,rounds,true,27.32,29.85,15.77,500,19.21,109.4,148.6,3,5000,44.47,44.94,18.03,19.26,131.8,161.9,on,all
50000000,part1,filter,f_ne0,"rows with a Float64 not equal to zero (all)","SELECT region, qty FROM fact WHERE amount <> 0.0",11.67,30.78,0.379,76.6,114.2,15,15,"yes",0.000e0,1,"TAKEN FilterExec (input rows 50000000 (exact) vs min_rows 0; output kept at one partition (only projections above it))","LEFT FilterExec (filter disabled in config)",0,1,6.78,0.00,7.60,15.60,0.01,6112,50000000,2.11,4.83,100,30,14,53.50,,,,,,,,,,,,,,,,15.99,2026-10-01 18:08:20,2026-10-01 18:11:34,2026-09-29 00:37:52,3,11.91,,,31.31,rounds,true,50.11,67.99,16.70,500,20.08,180.2,106.6,3,5000,76.37,87.58,25.64,27.11,186.1,133.1,on,all
50000000,part1,filter,f_sum_ge0,"sum + count of the rows with a Float64 at or above zero (75%)","SELECT sum(qty) AS q, count(*) AS n FROM fact WHERE amount >= 0.0",15.89,27.17,0.585,230.4,124.2,15,15,"yes",0.000e0,1,"LEFT AggregateExec (no GROUP BY keys (a whole-table aggregate)) | LEFT AggregateExec (Partial aggregate whose Final was not replaced) | TAKEN FilterExec (input rows 50000000 (exact) vs min_rows 0; re-partitioned)","LEFT AggregateExec (no GROUP BY keys (a whole-table aggregate)) | LEFT AggregateExec (Partial aggregate whose Final was not replaced) | LEFT FilterExec (filter disabled in config)",0,1,5.68,0.00,5.79,8.46,0.01,6112,1,2.11,4.83,100,24,15,43.81,,,,,,,,,,,,,,,,18.60,2026-10-01 18:08:20,2026-10-01 18:11:34,2026-09-29 00:37:52,3,15.92,,,27.46,rounds,true,44.37,63.79,30.47,500,32.28,160.2,310.8,3,5000,61.33,62.18,30.94,31.03,184.4,310.3,on,all
